disaster_number,state,disaster_description,incident_start_date,incident_end_date,declaration_date,declaration_type,status,physical_deadline,eidl_deadline,fema_number,county_name,county_fips,latitude,longitude
IL-20035,Illinois,Severe Storms,2026-07-27,2026-07-27,2026-08-18,SBA Declaration (Agency),Disaster Declared,2026-10-19,2027-05-18,,Cook,17031,41.894294,-87.645455
IL-20035,Illinois,Severe Storms,2026-07-27,2026-07-27,2026-08-18,SBA Declaration (Agency),Disaster Declared,2026-10-19,2027-05-18,,Will,17197,41.448474,-87.978456
WV-20027,West Virginia,"Severe Storms, Straight-line Winds, Tornadoes, Flooding, Landslides, and Mudslides",2026-07-21,2026-07-22,2026-08-03,Presidential-Individual Assistance,Disaster Declared,2026-10-03,2027-05-03,4932,Lewis,54041,38.988877,-80.495477
WV-20027,West Virginia,"Severe Storms, Straight-line Winds, Tornadoes, Flooding, Landslides, and Mudslides",2026-07-21,2026-07-22,2026-08-03,Presidential-Individual Assistance,Disaster Declared,2026-10-03,2027-05-03,4932,Pleasants,54073,39.368133,-81.161172
WV-20027,West Virginia,"Severe Storms, Straight-line Winds, Tornadoes, Flooding, Landslides, and Mudslides",2026-07-21,2026-07-22,2026-08-03,Presidential-Individual Assistance,Disaster Declared,2026-10-03,2027-05-03,4932,Ritchie,54085,39.177112,-81.066317
WV-20027,West Virginia,"Severe Storms, Straight-line Winds, Tornadoes, Flooding, Landslides, and Mudslides",2026-07-21,2026-07-22,2026-08-03,Presidential-Individual Assistance,Disaster Declared,2026-10-03,2027-05-03,4932,Upshur,54097,38.90253,-80.231606
PA-20038,Pennsylvania,Severe Storms,2026-07-11,2026-07-11,2026-07-30,SBA Declaration (Agency),Disaster Declared,2026-09-28,2027-04-30,,Philadelphia,42101,40.009376,-75.133346
PA-20037,Pennsylvania,Severe Storms and Flooding,2026-07-05,2026-07-06,2026-07-21,SBA Declaration (Agency),Disaster Declared,2026-09-21,2027-04-21,,Blair,42013,40.498683,-78.309597
MP-20002,Northern Mariana Islands,Super Typhoon Bavi,2026-07-04,2026-07-12,2026-08-03,Presidential-Individual Assistance,Disaster Declared,2026-10-03,2027-05-03,4931,Rota,69100,,
MP-20004,Northern Mariana Islands,Rural Area - Super Typhoon Bavi,2026-07-04,2026-07-12,2026-08-14,SBA Rural Agency,Disaster Declared,2026-10-13,2027-05-14,,Saipan,69110,,
MP-20004,Northern Mariana Islands,Rural Area - Super Typhoon Bavi,2026-07-04,2026-07-12,2026-08-14,SBA Rural Agency,Disaster Declared,2026-10-13,2027-05-14,,Tinian,69120,,
PA-20039,Pennsylvania,Severe Storms,2026-07-04,2026-07-04,2026-07-31,Governors Certification,Disaster Declared,,2027-04-30,,Monroe,42089,41.05624,-75.329065
MP-20003,Northern Mariana Islands,Super Typhoon Bavi,2026-07-04,2026-07-12,2026-08-03,Presidential-Public Assistance,Disaster Declared,2026-10-03,2027-05-03,4931,Rota,69100,,
IA-20015,Iowa,"Severe Storms, Heavy Rain, and Flash Flooding",2026-07-02,2026-07-04,2026-07-23,SBA Declaration (Agency),Disaster Declared,2026-09-21,2027-04-23,,Polk,19153,41.684816,-93.568971
IL-20031,Illinois,Severe Storms,2026-07-02,2026-07-04,2026-08-05,SBA Declaration (Agency),Disaster Declared,2026-10-05,2027-05-05,,Kane,17089,41.939594,-88.42804
IL-20030,Illinois,Severe Storms and Tornado,2026-06-21,2026-06-21,2026-07-29,SBA Declaration (Agency),Disaster Declared,2026-09-28,2027-04-29,,Jefferson,17081,38.30078,-88.92421
AZ-20024,Arizona,Pocket Fire,2026-06-19,2026-07-30,2026-08-11,Governors Certification,Disaster Declared,,2027-05-11,,Coconino,04005,35.829692,-111.773728
AZ-20024,Arizona,Pocket Fire,2026-06-19,2026-07-30,2026-08-11,Governors Certification,Disaster Declared,,2027-05-11,,Yavapai,04025,34.631071,-112.577225
MS-20022,Mississippi,Tropical Storm Arthur,2026-06-18,2026-06-20,2026-08-03,Presidential-Individual Assistance,Disaster Declared,2026-10-03,2027-05-03,4930,Hancock,28045,30.391641,-89.482791
MS-20022,Mississippi,Tropical Storm Arthur,2026-06-18,2026-06-20,2026-08-03,Presidential-Individual Assistance,Disaster Declared,2026-10-03,2027-05-03,4930,Harrison,28047,30.416536,-89.083376
MS-20022,Mississippi,Tropical Storm Arthur,2026-06-18,2026-06-20,2026-08-03,Presidential-Individual Assistance,Disaster Declared,2026-10-03,2027-05-03,4930,Pearl River,28109,30.774793,-89.586904
MS-20022,Mississippi,Tropical Storm Arthur,2026-06-18,2026-06-20,2026-08-03,Presidential-Individual Assistance,Disaster Declared,2026-10-03,2027-05-03,4930,Stone,28131,30.790184,-89.112297
MS-20024,Mississippi,Tropical Storm Arthur,2026-06-18,2026-06-20,2026-08-03,Presidential-Public Assistance,Disaster Declared,2026-10-03,2027-05-03,4930,Covington,28031,31.633331,-89.548897
MS-20024,Mississippi,Tropical Storm Arthur,2026-06-18,2026-06-20,2026-08-03,Presidential-Public Assistance,Disaster Declared,2026-10-03,2027-05-03,4930,George,28039,30.855431,-88.642268
MS-20024,Mississippi,Tropical Storm Arthur,2026-06-18,2026-06-20,2026-08-03,Presidential-Public Assistance,Disaster Declared,2026-10-03,2027-05-03,4930,Greene,28041,31.212845,-88.634811
MS-20024,Mississippi,Tropical Storm Arthur,2026-06-18,2026-06-20,2026-08-03,Presidential-Public Assistance,Disaster Declared,2026-10-03,2027-05-03,4930,Hancock,28045,30.391641,-89.482791
MS-20024,Mississippi,Tropical Storm Arthur,2026-06-18,2026-06-20,2026-08-03,Presidential-Public Assistance,Disaster Declared,2026-10-03,2027-05-03,4930,Harrison,28047,30.416536,-89.083376
MS-20024,Mississippi,Tropical Storm Arthur,2026-06-18,2026-06-20,2026-08-03,Presidential-Public Assistance,Disaster Declared,2026-10-03,2027-05-03,4930,Pearl River,28109,30.774793,-89.586904
MS-20024,Mississippi,Tropical Storm Arthur,2026-06-18,2026-06-20,2026-08-03,Presidential-Public Assistance,Disaster Declared,2026-10-03,2027-05-03,4930,Stone,28131,30.790184,-89.112297
MS-20024,Mississippi,Tropical Storm Arthur,2026-06-18,2026-06-20,2026-08-03,Presidential-Public Assistance,Disaster Declared,2026-10-03,2027-05-03,4930,Wayne,28153,31.642503,-88.678214
IL-20028,Illinois,Severe Storms and Tornadoes,2026-06-17,2026-06-17,2026-07-10,SBA Declaration (Agency),Disaster Declared,2026-09-08,2027-04-12,,Coles,17029,39.51368,-88.220782
IL-20028,Illinois,Severe Storms and Tornadoes,2026-06-17,2026-06-17,2026-07-10,SBA Declaration (Agency),Disaster Declared,2026-09-08,2027-04-12,,Effingham,17049,39.047945,-88.592849
IL-20033,Illinois,Severe Storms and Tornadoes,2026-06-17,2026-06-17,2026-07-30,Governors Certification,Disaster Declared,,2027-04-30,,Warren,17187,40.850441,-90.620223
LA-20018,Louisiana,Tropical Storm Arthur,2026-06-17,2026-06-24,2026-06-30,Presidential-Individual Assistance,Disaster Declared,2026-10-01,2027-03-30,4927,Avoyelles,22009,31.088503,-91.983275
LA-20018,Louisiana,Tropical Storm Arthur,2026-06-17,2026-06-24,2026-06-30,Presidential-Individual Assistance,Disaster Declared,2026-10-01,2027-03-30,4927,Lafourche,22057,29.491992,-90.394849
LA-20018,Louisiana,Tropical Storm Arthur,2026-06-17,2026-06-24,2026-06-30,Presidential-Individual Assistance,Disaster Declared,2026-10-01,2027-03-30,4927,Pointe Coupee,22077,30.708319,-91.604621
LA-20018,Louisiana,Tropical Storm Arthur,2026-06-17,2026-06-24,2026-06-30,Presidential-Individual Assistance,Disaster Declared,2026-10-01,2027-03-30,4927,St. Landry,22097,30.583441,-91.989274
LA-20018,Louisiana,Tropical Storm Arthur,2026-06-17,2026-06-24,2026-06-30,Presidential-Individual Assistance,Disaster Declared,2026-10-01,2027-03-30,4927,St. Tammany,22103,30.410022,-89.951962
LA-20018,Louisiana,Tropical Storm Arthur,2026-06-17,2026-06-24,2026-06-30,Presidential-Individual Assistance,Disaster Declared,2026-10-01,2027-03-30,4927,Terrebonne,22109,29.33413,-90.843674
LA-20021,Louisiana,Tropical Storm Arthur,2026-06-17,2026-06-24,2026-06-30,Presidential-Public Assistance,Disaster Declared,2026-08-31,2027-03-30,4927,Avoyelles,22009,31.088503,-91.983275
LA-20021,Louisiana,Tropical Storm Arthur,2026-06-17,2026-06-24,2026-06-30,Presidential-Public Assistance,Disaster Declared,2026-08-31,2027-03-30,4927,East Feliciana,22037,30.839784,-91.043434
LA-20021,Louisiana,Tropical Storm Arthur,2026-06-17,2026-06-24,2026-06-30,Presidential-Public Assistance,Disaster Declared,2026-08-31,2027-03-30,4927,Pointe Coupee,22077,30.708319,-91.604621
LA-20021,Louisiana,Tropical Storm Arthur,2026-06-17,2026-06-24,2026-06-30,Presidential-Public Assistance,Disaster Declared,2026-08-31,2027-03-30,4927,St. Charles,22089,29.905722,-90.357855
LA-20021,Louisiana,Tropical Storm Arthur,2026-06-17,2026-06-24,2026-06-30,Presidential-Public Assistance,Disaster Declared,2026-08-31,2027-03-30,4927,St. Landry,22097,30.583441,-91.989274
LA-20021,Louisiana,Tropical Storm Arthur,2026-06-17,2026-06-24,2026-06-30,Presidential-Public Assistance,Disaster Declared,2026-08-31,2027-03-30,4927,Winn,22127,31.941187,-92.641269
CA-20045,California,2026 Los Palos Incident (Boyles Heights Fire),2026-06-17,2026-06-25,2026-08-14,Governors Certification,Disaster Declared,,2027-05-14,,Los Angeles,06037,34.196398,-118.261862
PA-20030,Pennsylvania,Oak Forest Apartment Complex Fire,2026-06-11,2026-06-11,2026-06-24,SBA Declaration (Agency),Disaster Declared,2026-08-24,2027-03-24,,Berks,42011,40.413957,-75.92686
IL-20027,Illinois,Severe Storms and Tornadoes,2026-06-10,2026-06-11,2026-07-10,SBA Declaration (Agency),Disaster Declared,2026-09-08,2027-04-12,,Cook,17031,41.894294,-87.645455
IL-20027,Illinois,Severe Storms and Tornadoes,2026-06-10,2026-06-11,2026-07-10,SBA Declaration (Agency),Disaster Declared,2026-09-08,2027-04-12,,LaSalle,17099,41.343341,-88.885931
MO-20031,Missouri,"Severe Storms, Straight-line Winds, Tornadoes, and Flooding",2026-06-04,2026-06-18,2026-08-03,Presidential-Public Assistance,Disaster Declared,2026-10-03,2027-05-03,4929,Adair,29001,40.190666,-92.603592
MO-20031,Missouri,"Severe Storms, Straight-line Winds, Tornadoes, and Flooding",2026-06-04,2026-06-18,2026-08-03,Presidential-Public Assistance,Disaster Declared,2026-10-03,2027-05-03,4929,Andrew,29003,39.988863,-94.803551
MO-20031,Missouri,"Severe Storms, Straight-line Winds, Tornadoes, and Flooding",2026-06-04,2026-06-18,2026-08-03,Presidential-Public Assistance,Disaster Declared,2026-10-03,2027-05-03,4929,Callaway,29027,38.835547,-91.923446
MO-20031,Missouri,"Severe Storms, Straight-line Winds, Tornadoes, and Flooding",2026-06-04,2026-06-18,2026-08-03,Presidential-Public Assistance,Disaster Declared,2026-10-03,2027-05-03,4929,Camden,29029,38.026527,-92.765327
MO-20031,Missouri,"Severe Storms, Straight-line Winds, Tornadoes, and Flooding",2026-06-04,2026-06-18,2026-08-03,Presidential-Public Assistance,Disaster Declared,2026-10-03,2027-05-03,4929,Cape Girardeau,29031,37.384141,-89.685658
MO-20031,Missouri,"Severe Storms, Straight-line Winds, Tornadoes, and Flooding",2026-06-04,2026-06-18,2026-08-03,Presidential-Public Assistance,Disaster Declared,2026-10-03,2027-05-03,4929,Dade,29057,37.43235,-93.854878
MO-20031,Missouri,"Severe Storms, Straight-line Winds, Tornadoes, and Flooding",2026-06-04,2026-06-18,2026-08-03,Presidential-Public Assistance,Disaster Declared,2026-10-03,2027-05-03,4929,Daviess,29061,39.962839,-93.970053
MO-20031,Missouri,"Severe Storms, Straight-line Winds, Tornadoes, and Flooding",2026-06-04,2026-06-18,2026-08-03,Presidential-Public Assistance,Disaster Declared,2026-10-03,2027-05-03,4929,Gasconade,29073,38.441183,-91.50578
MO-20031,Missouri,"Severe Storms, Straight-line Winds, Tornadoes, and Flooding",2026-06-04,2026-06-18,2026-08-03,Presidential-Public Assistance,Disaster Declared,2026-10-03,2027-05-03,4929,Gentry,29075,40.208127,-94.405321
MO-20031,Missouri,"Severe Storms, Straight-line Winds, Tornadoes, and Flooding",2026-06-04,2026-06-18,2026-08-03,Presidential-Public Assistance,Disaster Declared,2026-10-03,2027-05-03,4929,Grundy,29079,40.112541,-93.565054
MO-20031,Missouri,"Severe Storms, Straight-line Winds, Tornadoes, and Flooding",2026-06-04,2026-06-18,2026-08-03,Presidential-Public Assistance,Disaster Declared,2026-10-03,2027-05-03,4929,Harrison,29081,40.34562,-93.992582
MO-20031,Missouri,"Severe Storms, Straight-line Winds, Tornadoes, and Flooding",2026-06-04,2026-06-18,2026-08-03,Presidential-Public Assistance,Disaster Declared,2026-10-03,2027-05-03,4929,Hickory,29085,37.93691,-93.322988
MO-20031,Missouri,"Severe Storms, Straight-line Winds, Tornadoes, and Flooding",2026-06-04,2026-06-18,2026-08-03,Presidential-Public Assistance,Disaster Declared,2026-10-03,2027-05-03,4929,Holt,29087,40.095724,-95.219072
MO-20031,Missouri,"Severe Storms, Straight-line Winds, Tornadoes, and Flooding",2026-06-04,2026-06-18,2026-08-03,Presidential-Public Assistance,Disaster Declared,2026-10-03,2027-05-03,4929,Jasper,29097,37.205197,-94.337259
MO-20031,Missouri,"Severe Storms, Straight-line Winds, Tornadoes, and Flooding",2026-06-04,2026-06-18,2026-08-03,Presidential-Public Assistance,Disaster Declared,2026-10-03,2027-05-03,4929,Knox,29103,40.136856,-92.146835
MO-20031,Missouri,"Severe Storms, Straight-line Winds, Tornadoes, and Flooding",2026-06-04,2026-06-18,2026-08-03,Presidential-Public Assistance,Disaster Declared,2026-10-03,2027-05-03,4929,Lewis,29111,40.084559,-91.728803
MO-20031,Missouri,"Severe Storms, Straight-line Winds, Tornadoes, and Flooding",2026-06-04,2026-06-18,2026-08-03,Presidential-Public Assistance,Disaster Declared,2026-10-03,2027-05-03,4929,Linn,29115,39.86444,-93.108019
MO-20031,Missouri,"Severe Storms, Straight-line Winds, Tornadoes, and Flooding",2026-06-04,2026-06-18,2026-08-03,Presidential-Public Assistance,Disaster Declared,2026-10-03,2027-05-03,4929,Macon,29121,39.829795,-92.56434
MO-20031,Missouri,"Severe Storms, Straight-line Winds, Tornadoes, and Flooding",2026-06-04,2026-06-18,2026-08-03,Presidential-Public Assistance,Disaster Declared,2026-10-03,2027-05-03,4929,Marion,29127,39.807538,-91.635379
MO-20031,Missouri,"Severe Storms, Straight-line Winds, Tornadoes, and Flooding",2026-06-04,2026-06-18,2026-08-03,Presidential-Public Assistance,Disaster Declared,2026-10-03,2027-05-03,4929,Mercer,29129,40.421413,-93.567631
MO-20031,Missouri,"Severe Storms, Straight-line Winds, Tornadoes, and Flooding",2026-06-04,2026-06-18,2026-08-03,Presidential-Public Assistance,Disaster Declared,2026-10-03,2027-05-03,4929,Miller,29131,38.21668,-92.429876
MO-20031,Missouri,"Severe Storms, Straight-line Winds, Tornadoes, and Flooding",2026-06-04,2026-06-18,2026-08-03,Presidential-Public Assistance,Disaster Declared,2026-10-03,2027-05-03,4929,Moniteau,29135,38.633037,-92.583642
MO-20031,Missouri,"Severe Storms, Straight-line Winds, Tornadoes, and Flooding",2026-06-04,2026-06-18,2026-08-03,Presidential-Public Assistance,Disaster Declared,2026-10-03,2027-05-03,4929,Morgan,29141,38.420806,-92.874835
MO-20031,Missouri,"Severe Storms, Straight-line Winds, Tornadoes, and Flooding",2026-06-04,2026-06-18,2026-08-03,Presidential-Public Assistance,Disaster Declared,2026-10-03,2027-05-03,4929,Newton,29145,36.908371,-94.335034
MO-20031,Missouri,"Severe Storms, Straight-line Winds, Tornadoes, and Flooding",2026-06-04,2026-06-18,2026-08-03,Presidential-Public Assistance,Disaster Declared,2026-10-03,2027-05-03,4929,Nodaway,29147,40.361136,-94.883146
MO-20031,Missouri,"Severe Storms, Straight-line Winds, Tornadoes, and Flooding",2026-06-04,2026-06-18,2026-08-03,Presidential-Public Assistance,Disaster Declared,2026-10-03,2027-05-03,4929,Osage,29151,38.464253,-91.859504
MO-20031,Missouri,"Severe Storms, Straight-line Winds, Tornadoes, and Flooding",2026-06-04,2026-06-18,2026-08-03,Presidential-Public Assistance,Disaster Declared,2026-10-03,2027-05-03,4929,Polk,29167,37.616761,-93.400817
MO-20031,Missouri,"Severe Storms, Straight-line Winds, Tornadoes, and Flooding",2026-06-04,2026-06-18,2026-08-03,Presidential-Public Assistance,Disaster Declared,2026-10-03,2027-05-03,4929,Putnam,29171,40.478606,-93.014531
MO-20031,Missouri,"Severe Storms, Straight-line Winds, Tornadoes, and Flooding",2026-06-04,2026-06-18,2026-08-03,Presidential-Public Assistance,Disaster Declared,2026-10-03,2027-05-03,4929,Scott,29201,37.047793,-89.568098
MO-20031,Missouri,"Severe Storms, Straight-line Winds, Tornadoes, and Flooding",2026-06-04,2026-06-18,2026-08-03,Presidential-Public Assistance,Disaster Declared,2026-10-03,2027-05-03,4929,Shelby,29205,39.797531,-92.088719
MO-20031,Missouri,"Severe Storms, Straight-line Winds, Tornadoes, and Flooding",2026-06-04,2026-06-18,2026-08-03,Presidential-Public Assistance,Disaster Declared,2026-10-03,2027-05-03,4929,Sullivan,29211,40.209587,-93.109783
MO-20031,Missouri,"Severe Storms, Straight-line Winds, Tornadoes, and Flooding",2026-06-04,2026-06-18,2026-08-03,Presidential-Public Assistance,Disaster Declared,2026-10-03,2027-05-03,4929,Vernon,29217,37.850196,-94.341597
MO-20031,Missouri,"Severe Storms, Straight-line Winds, Tornadoes, and Flooding",2026-06-04,2026-06-18,2026-08-03,Presidential-Public Assistance,Disaster Declared,2026-10-03,2027-05-03,4929,Webster,29225,37.280804,-92.87608
MO-20031,Missouri,"Severe Storms, Straight-line Winds, Tornadoes, and Flooding",2026-06-04,2026-06-18,2026-08-03,Presidential-Public Assistance,Disaster Declared,2026-10-03,2027-05-03,4929,Worth,29227,40.480499,-94.419198
NV-20007,Nevada,Drought,2026-06-02,,2026-07-28,Secretary of Agriculture,Disaster Declared,,2027-03-29,,Eureka,32011,39.977788,-116.272208
NV-20007,Nevada,Drought,2026-06-02,,2026-07-28,Secretary of Agriculture,Disaster Declared,,2027-03-29,,Lander,32015,39.90021,-117.04724
FL-20042,Florida,Drought,2026-06-01,,2026-07-28,Secretary of Agriculture,Disaster Declared,,2027-03-29,,Monroe,12087,25.58612,-81.022603
SD-20023,South Dakota,Drought,2026-05-26,,2026-07-28,Secretary of Agriculture,Disaster Declared,,2027-03-29,,Meade,46093,44.605282,-102.714169
CA-20044,California,Garden Grove Hazmat Incident,2026-05-21,2026-05-29,2026-06-11,Governors Certification,Disaster Declared,,2027-03-11,,Orange,06059,33.675687,-117.777207
NY-20039,New York,Severe Storms and Flooding,2026-05-20,2026-05-20,2026-06-30,SBA Declaration (Agency),Disaster Declared,2026-08-31,2027-03-30,,Queens,36081,40.654658,-73.841209
WV-20026,West Virginia,Drought,2026-05-19,,2026-07-08,Secretary of Agriculture,Disaster Declared,,2027-03-08,,Grant,54023,39.105988,-79.195064
WV-20026,West Virginia,Drought,2026-05-19,,2026-07-08,Secretary of Agriculture,Disaster Declared,,2027-03-08,,Hampshire,54027,39.312139,-78.611989
WV-20026,West Virginia,Drought,2026-05-19,,2026-07-08,Secretary of Agriculture,Disaster Declared,,2027-03-08,,Hardy,54031,39.011361,-78.841729
WV-20026,West Virginia,Drought,2026-05-19,,2026-07-08,Secretary of Agriculture,Disaster Declared,,2027-03-08,,McDowell,54047,37.38276,-81.658204
WV-20026,West Virginia,Drought,2026-05-19,,2026-07-08,Secretary of Agriculture,Disaster Declared,,2027-03-08,,Mercer,54055,37.403448,-81.106456
WV-20026,West Virginia,Drought,2026-05-19,,2026-07-08,Secretary of Agriculture,Disaster Declared,,2027-03-08,,Mineral,54057,39.404781,-78.95669
WV-20026,West Virginia,Drought,2026-05-19,,2026-07-08,Secretary of Agriculture,Disaster Declared,,2027-03-08,,Monroe,54063,37.554062,-80.550329
WV-20026,West Virginia,Drought,2026-05-19,,2026-07-08,Secretary of Agriculture,Disaster Declared,,2027-03-08,,Pendleton,54071,38.67445,-79.340617
WV-20026,West Virginia,Drought,2026-05-19,,2026-07-08,Secretary of Agriculture,Disaster Declared,,2027-03-08,,Raleigh,54081,37.762469,-81.264672
WV-20026,West Virginia,Drought,2026-05-19,,2026-07-08,Secretary of Agriculture,Disaster Declared,,2027-03-08,,Randolph,54083,38.781095,-79.867788
WV-20026,West Virginia,Drought,2026-05-19,,2026-07-08,Secretary of Agriculture,Disaster Declared,,2027-03-08,,Summers,54089,37.655999,-80.856325
WV-20026,West Virginia,Drought,2026-05-19,,2026-07-08,Secretary of Agriculture,Disaster Declared,,2027-03-08,,Tucker,54093,39.111175,-79.559968
WV-20026,West Virginia,Drought,2026-05-19,,2026-07-08,Secretary of Agriculture,Disaster Declared,,2027-03-08,,Wyoming,54109,37.60366,-81.549032
GA-20029,Georgia,Drought,2026-05-19,,2026-07-17,Secretary of Agriculture,Disaster Declared,,2027-03-17,,Richmond,13245,33.361486,-82.074998
MT-20039,Montana,Drought,2026-05-19,,2026-07-28,Secretary of Agriculture,Disaster Declared,,2027-03-29,,Dawson,30021,47.26613,-104.898271
MT-20039,Montana,Drought,2026-05-19,,2026-07-28,Secretary of Agriculture,Disaster Declared,,2027-03-29,,Richland,30083,47.785633,-104.563408
MT-20039,Montana,Drought,2026-05-19,,2026-07-28,Secretary of Agriculture,Disaster Declared,,2027-03-29,,Roosevelt,30085,48.282747,-104.99517
MT-20039,Montana,Drought,2026-05-19,,2026-07-28,Secretary of Agriculture,Disaster Declared,,2027-03-29,,Sheridan,30091,48.705523,-104.533913
MT-20039,Montana,Drought,2026-05-19,,2026-07-28,Secretary of Agriculture,Disaster Declared,,2027-03-29,,Wibaux,30109,46.962966,-104.274518
NE-20027,Nebraska,"Severe Storms, Straight-line Winds, Tornadoes, and Flooding",2026-05-15,2026-05-18,2026-08-03,Presidential-Public Assistance,Disaster Declared,2026-10-03,2027-05-03,4928,Buffalo,31019,40.855265,-99.074984
NE-20027,Nebraska,"Severe Storms, Straight-line Winds, Tornadoes, and Flooding",2026-05-15,2026-05-18,2026-08-03,Presidential-Public Assistance,Disaster Declared,2026-10-03,2027-05-03,4928,Fillmore,31059,40.52504,-97.596705
NE-20027,Nebraska,"Severe Storms, Straight-line Winds, Tornadoes, and Flooding",2026-05-15,2026-05-18,2026-08-03,Presidential-Public Assistance,Disaster Declared,2026-10-03,2027-05-03,4928,Gage,31067,40.255234,-96.683453
NE-20027,Nebraska,"Severe Storms, Straight-line Winds, Tornadoes, and Flooding",2026-05-15,2026-05-18,2026-08-03,Presidential-Public Assistance,Disaster Declared,2026-10-03,2027-05-03,4928,Howard,31093,41.216851,-98.513342
NE-20027,Nebraska,"Severe Storms, Straight-line Winds, Tornadoes, and Flooding",2026-05-15,2026-05-18,2026-08-03,Presidential-Public Assistance,Disaster Declared,2026-10-03,2027-05-03,4928,Jefferson,31095,40.175736,-97.143103
NE-20027,Nebraska,"Severe Storms, Straight-line Winds, Tornadoes, and Flooding",2026-05-15,2026-05-18,2026-08-03,Presidential-Public Assistance,Disaster Declared,2026-10-03,2027-05-03,4928,Nemaha,31127,40.387389,-95.852721
NE-20027,Nebraska,"Severe Storms, Straight-line Winds, Tornadoes, and Flooding",2026-05-15,2026-05-18,2026-08-03,Presidential-Public Assistance,Disaster Declared,2026-10-03,2027-05-03,4928,Thayer,31169,40.173845,-97.596263
NE-20027,Nebraska,"Severe Storms, Straight-line Winds, Tornadoes, and Flooding",2026-05-15,2026-05-18,2026-08-03,Presidential-Public Assistance,Disaster Declared,2026-10-03,2027-05-03,4928,Thurston,31173,42.154061,-96.533943
IL-20026,Illinois,Oak Lawn Apartment Complex Fire,2026-05-15,2026-05-15,2026-06-10,SBA Declaration (Agency),Disaster Declared,2026-08-10,2027-03-10,,Cook,17031,41.894294,-87.645455
NY-20044,New York,High Winds and Hail,2026-05-13,2026-05-14,2026-07-23,Secretary of Agriculture,Disaster Declared,,2027-03-23,,Cayuga,36011,43.008546,-76.574587
NY-20044,New York,High Winds and Hail,2026-05-13,2026-05-14,2026-07-23,Secretary of Agriculture,Disaster Declared,,2027-03-23,,Oswego,36075,43.461443,-76.209262
NE-20023,Nebraska,Drought,2026-05-12,,2026-07-01,Secretary of Agriculture,Disaster Declared,,2027-03-01,,Fillmore,31059,40.52504,-97.596705
NE-20023,Nebraska,Drought,2026-05-12,,2026-07-01,Secretary of Agriculture,Disaster Declared,,2027-03-01,,Franklin,31061,40.183203,-98.96208
VA-20029,Virginia,Drought,2026-05-12,,2026-07-01,Secretary of Agriculture,Disaster Declared,,2027-03-01,,Tazewell,51185,37.125395,-81.562924
KY-20036,Kentucky,Drought,2026-05-12,,2026-07-01,Secretary of Agriculture,Disaster Declared,,2027-03-01,,Adair,21001,37.105559,-85.28138
KY-20036,Kentucky,Drought,2026-05-12,,2026-07-01,Secretary of Agriculture,Disaster Declared,,2027-03-01,,Edmonson,21061,37.227514,-86.218015
KY-20036,Kentucky,Drought,2026-05-12,,2026-07-01,Secretary of Agriculture,Disaster Declared,,2027-03-01,,Grayson,21085,37.458577,-86.344011
KY-20036,Kentucky,Drought,2026-05-12,,2026-07-01,Secretary of Agriculture,Disaster Declared,,2027-03-01,,Green,21087,37.278065,-85.537925
KY-20036,Kentucky,Drought,2026-05-12,,2026-07-01,Secretary of Agriculture,Disaster Declared,,2027-03-01,,McLean,21149,37.526707,-87.265597
KY-20036,Kentucky,Drought,2026-05-12,,2026-07-01,Secretary of Agriculture,Disaster Declared,,2027-03-01,,Marion,21155,37.552604,-85.268959
KY-20036,Kentucky,Drought,2026-05-12,,2026-07-01,Secretary of Agriculture,Disaster Declared,,2027-03-01,,Russell,21207,36.990587,-85.05495
KY-20036,Kentucky,Drought,2026-05-12,,2026-07-01,Secretary of Agriculture,Disaster Declared,,2027-03-01,,Taylor,21217,37.36621,-85.328059
KY-20036,Kentucky,Drought,2026-05-12,,2026-07-01,Secretary of Agriculture,Disaster Declared,,2027-03-01,,Wayne,21231,36.800772,-84.82659
KS-20035,Kansas,Drought,2026-05-12,,2026-07-01,Secretary of Agriculture,Disaster Declared,,2027-03-01,,Barber,20007,37.222906,-98.685052
KS-20035,Kansas,Drought,2026-05-12,,2026-07-01,Secretary of Agriculture,Disaster Declared,,2027-03-01,,Kiowa,20097,37.561231,-99.286539
SD-20020,South Dakota,Drought,2026-05-12,,2026-07-01,Secretary of Agriculture,Disaster Declared,,2027-03-01,,Lawrence,46081,44.348514,-103.806362
ID-20032,Idaho,Drought,2026-05-12,,2026-07-01,Secretary of Agriculture,Disaster Declared,,2027-03-01,,Bannock,16005,42.692921,-112.228982
ID-20032,Idaho,Drought,2026-05-12,,2026-07-01,Secretary of Agriculture,Disaster Declared,,2027-03-01,,Bingham,16011,43.216357,-112.399206
ID-20032,Idaho,Drought,2026-05-12,,2026-07-01,Secretary of Agriculture,Disaster Declared,,2027-03-01,,Bonneville,16019,43.395171,-111.621878
ID-20032,Idaho,Drought,2026-05-12,,2026-07-01,Secretary of Agriculture,Disaster Declared,,2027-03-01,,Butte,16023,43.685101,-113.177631
ID-20032,Idaho,Drought,2026-05-12,,2026-07-01,Secretary of Agriculture,Disaster Declared,,2027-03-01,,Caribou,16029,42.786072,-111.544273
ID-20032,Idaho,Drought,2026-05-12,,2026-07-01,Secretary of Agriculture,Disaster Declared,,2027-03-01,,Franklin,16041,42.173609,-111.822965
ID-20032,Idaho,Drought,2026-05-12,,2026-07-01,Secretary of Agriculture,Disaster Declared,,2027-03-01,,Fremont,16043,44.218091,-111.484429
ID-20032,Idaho,Drought,2026-05-12,,2026-07-01,Secretary of Agriculture,Disaster Declared,,2027-03-01,,Jefferson,16051,43.796965,-112.318588
ID-20032,Idaho,Drought,2026-05-12,,2026-07-01,Secretary of Agriculture,Disaster Declared,,2027-03-01,,Madison,16065,43.788614,-111.656993
NY-20043,New York,Frost and Freeze,2026-05-11,2026-05-12,2026-07-23,Secretary of Agriculture,Disaster Declared,,2027-03-23,,Fulton,36035,43.115609,-74.423678
NY-20043,New York,Frost and Freeze,2026-05-11,2026-05-12,2026-07-23,Secretary of Agriculture,Disaster Declared,,2027-03-23,,Montgomery,36057,42.900891,-74.435357
NY-20043,New York,Frost and Freeze,2026-05-11,2026-05-12,2026-07-23,Secretary of Agriculture,Disaster Declared,,2027-03-23,,Onondaga,36067,43.006516,-76.196134
NY-20043,New York,Frost and Freeze,2026-05-11,2026-05-12,2026-07-23,Secretary of Agriculture,Disaster Declared,,2027-03-23,,St. Lawrence,36089,44.488112,-75.074311
NY-20043,New York,Frost and Freeze,2026-05-11,2026-05-12,2026-07-23,Secretary of Agriculture,Disaster Declared,,2027-03-23,,Otsego,36077,42.629776,-75.028841
MS-20023,Mississippi,"Severe Storms, Straight-line Winds, Tornadoes, and Flooding",2026-05-06,2026-05-07,2026-06-30,Presidential-Public Assistance,Disaster Declared,2026-08-31,2027-03-30,4922,Franklin,28037,31.477773,-90.895457
MS-20023,Mississippi,"Severe Storms, Straight-line Winds, Tornadoes, and Flooding",2026-05-06,2026-05-07,2026-06-30,Presidential-Public Assistance,Disaster Declared,2026-08-31,2027-03-30,4922,Lamar,28073,31.197586,-89.506369
MS-20023,Mississippi,"Severe Storms, Straight-line Winds, Tornadoes, and Flooding",2026-05-06,2026-05-07,2026-06-30,Presidential-Public Assistance,Disaster Declared,2026-08-31,2027-03-30,4922,Lawrence,28077,31.550009,-90.10753
MS-20023,Mississippi,"Severe Storms, Straight-line Winds, Tornadoes, and Flooding",2026-05-06,2026-05-07,2026-06-30,Presidential-Public Assistance,Disaster Declared,2026-08-31,2027-03-30,4922,Lincoln,28085,31.535216,-90.453566
MS-20020,Mississippi,"Severe Storms, Straight-line Winds, Tornadoes, and Flooding",2026-05-06,2026-05-07,2026-06-30,Presidential-Individual Assistance,Disaster Declared,2026-08-31,2027-03-30,4922,Franklin,28037,31.477773,-90.895457
MS-20020,Mississippi,"Severe Storms, Straight-line Winds, Tornadoes, and Flooding",2026-05-06,2026-05-07,2026-06-30,Presidential-Individual Assistance,Disaster Declared,2026-08-31,2027-03-30,4922,Lamar,28073,31.197586,-89.506369
MS-20020,Mississippi,"Severe Storms, Straight-line Winds, Tornadoes, and Flooding",2026-05-06,2026-05-07,2026-06-30,Presidential-Individual Assistance,Disaster Declared,2026-08-31,2027-03-30,4922,Lawrence,28077,31.550009,-90.10753
MS-20020,Mississippi,"Severe Storms, Straight-line Winds, Tornadoes, and Flooding",2026-05-06,2026-05-07,2026-06-30,Presidential-Individual Assistance,Disaster Declared,2026-08-31,2027-03-30,4922,Lincoln,28085,31.535216,-90.453566
MS-20020,Mississippi,"Severe Storms, Straight-line Winds, Tornadoes, and Flooding",2026-05-06,2026-05-07,2026-06-30,Presidential-Individual Assistance,Disaster Declared,2026-08-31,2027-03-30,4922,Wilkinson,28157,31.161091,-91.324617
KS-20037,Kansas,Drought,2026-05-05,,2026-07-10,Secretary of Agriculture,Disaster Declared,,2027-03-10,,Barton,20009,38.481239,-98.767837
KS-20037,Kansas,Drought,2026-05-05,,2026-07-10,Secretary of Agriculture,Disaster Declared,,2027-03-10,,Comanche,20033,37.181442,-99.251293
KS-20037,Kansas,Drought,2026-05-05,,2026-07-10,Secretary of Agriculture,Disaster Declared,,2027-03-10,,McPherson,20113,38.395812,-97.647489
KS-20037,Kansas,Drought,2026-05-05,,2026-07-10,Secretary of Agriculture,Disaster Declared,,2027-03-10,,Pawnee,20145,38.181477,-99.234772
KS-20037,Kansas,Drought,2026-05-05,,2026-07-10,Secretary of Agriculture,Disaster Declared,,2027-03-10,,Reno,20155,37.948185,-98.078346
KS-20037,Kansas,Drought,2026-05-05,,2026-07-10,Secretary of Agriculture,Disaster Declared,,2027-03-10,,Rice,20159,38.347178,-98.201415
KS-20037,Kansas,Drought,2026-05-05,,2026-07-10,Secretary of Agriculture,Disaster Declared,,2027-03-10,,Seward,20175,37.18096,-100.855257
KS-20037,Kansas,Drought,2026-05-05,,2026-07-10,Secretary of Agriculture,Disaster Declared,,2027-03-10,,Stafford,20185,38.03563,-98.719889
OK-20040,Oklahoma,Drought,2026-05-05,,2026-07-10,Secretary of Agriculture,Disaster Declared,,2027-03-10,,Woods,40151,36.726984,-98.863649
NJ-20010,New Jersey,12-Alarm Warehouse Fire,2026-05-03,2026-05-14,2026-06-12,Governors Certification,Disaster Declared,,2027-03-12,,Essex,34013,40.7874,-74.246292
WY-20020,Wyoming,Drought,2026-05-01,,2026-05-18,Secretary of Agriculture,Disaster Declared,,2027-01-19,,Campbell,56005,44.191999,-105.517014
WY-20020,Wyoming,Drought,2026-05-01,,2026-05-18,Secretary of Agriculture,Disaster Declared,,2027-01-19,,Converse,56009,42.984623,-105.524752
WY-20020,Wyoming,Drought,2026-05-01,,2026-05-18,Secretary of Agriculture,Disaster Declared,,2027-01-19,,Goshen,56015,42.089455,-104.35354
WY-20020,Wyoming,Drought,2026-05-01,,2026-05-18,Secretary of Agriculture,Disaster Declared,,2027-01-19,,Johnson,56019,44.044048,-106.588541
WY-20020,Wyoming,Drought,2026-05-01,,2026-05-18,Secretary of Agriculture,Disaster Declared,,2027-01-19,,Laramie,56021,41.29283,-104.660395
WY-20020,Wyoming,Drought,2026-05-01,,2026-05-18,Secretary of Agriculture,Disaster Declared,,2027-01-19,,Niobrara,56027,43.062159,-104.468373
WY-20020,Wyoming,Drought,2026-05-01,,2026-05-18,Secretary of Agriculture,Disaster Declared,,2027-01-19,,Platte,56031,42.131593,-104.953963
WY-20020,Wyoming,Drought,2026-05-01,,2026-05-18,Secretary of Agriculture,Disaster Declared,,2027-01-19,,Weston,56045,43.846213,-104.57002
MT-20038,Montana,Drought,2026-05-01,,2026-05-19,Secretary of Agriculture,Disaster Declared,,2027-01-19,,Beaverhead,30001,45.133863,-112.892869
MT-20038,Montana,Drought,2026-05-01,,2026-05-19,Secretary of Agriculture,Disaster Declared,,2027-01-19,,Cascade,30013,47.316575,-111.350262
MT-20038,Montana,Drought,2026-05-01,,2026-05-19,Secretary of Agriculture,Disaster Declared,,2027-01-19,,Chouteau,30015,47.886834,-110.4362
MT-20038,Montana,Drought,2026-05-01,,2026-05-19,Secretary of Agriculture,Disaster Declared,,2027-01-19,,Glacier,30035,48.705671,-112.990502
MT-20038,Montana,Drought,2026-05-01,,2026-05-19,Secretary of Agriculture,Disaster Declared,,2027-01-19,,Hill,30041,48.631959,-110.106321
MT-20038,Montana,Drought,2026-05-01,,2026-05-19,Secretary of Agriculture,Disaster Declared,,2027-01-19,,Liberty,30051,48.559654,-111.036924
MT-20038,Montana,Drought,2026-05-01,,2026-05-19,Secretary of Agriculture,Disaster Declared,,2027-01-19,,Madison,30057,45.32529,-111.913791
MT-20038,Montana,Drought,2026-05-01,,2026-05-19,Secretary of Agriculture,Disaster Declared,,2027-01-19,,Pondera,30073,48.228604,-112.220761
MT-20038,Montana,Drought,2026-05-01,,2026-05-19,Secretary of Agriculture,Disaster Declared,,2027-01-19,,Teton,30099,47.819035,-112.281725
MT-20038,Montana,Drought,2026-05-01,,2026-05-19,Secretary of Agriculture,Disaster Declared,,2027-01-19,,Toole,30101,48.645125,-111.733472
UT-20017,Utah,Drought,2026-05-01,,2026-05-18,Secretary of Agriculture,Disaster Declared,,2027-01-19,,Daggett,49009,40.890099,-109.505785
UT-20017,Utah,Drought,2026-05-01,,2026-05-18,Secretary of Agriculture,Disaster Declared,,2027-01-19,,Piute,49031,38.335881,-112.129375
UT-20017,Utah,Drought,2026-05-01,,2026-05-18,Secretary of Agriculture,Disaster Declared,,2027-01-19,,Summit,49043,40.87206,-110.968486
SC-20025,South Carolina,Drought,2026-04-28,,2026-05-18,Secretary of Agriculture,Disaster Declared,,2027-01-19,,Aiken,45003,33.550013,-81.632983
SC-20025,South Carolina,Drought,2026-04-28,,2026-05-18,Secretary of Agriculture,Disaster Declared,,2027-01-19,,Barnwell,45011,33.260552,-81.434228
SC-20025,South Carolina,Drought,2026-04-28,,2026-05-18,Secretary of Agriculture,Disaster Declared,,2027-01-19,,Calhoun,45017,33.67478,-80.780347
SC-20025,South Carolina,Drought,2026-04-28,,2026-05-18,Secretary of Agriculture,Disaster Declared,,2027-01-19,,Florence,45041,34.028535,-79.710233
SC-20025,South Carolina,Drought,2026-04-28,,2026-05-18,Secretary of Agriculture,Disaster Declared,,2027-01-19,,Kershaw,45055,34.338356,-80.590885
SC-20025,South Carolina,Drought,2026-04-28,,2026-05-18,Secretary of Agriculture,Disaster Declared,,2027-01-19,,Lee,45061,34.15864,-80.251209
SC-20025,South Carolina,Drought,2026-04-28,,2026-05-18,Secretary of Agriculture,Disaster Declared,,2027-01-19,,Lexington,45063,33.899246,-81.266118
SC-20025,South Carolina,Drought,2026-04-28,,2026-05-18,Secretary of Agriculture,Disaster Declared,,2027-01-19,,Richland,45079,34.029095,-80.898037
SC-20025,South Carolina,Drought,2026-04-28,,2026-05-18,Secretary of Agriculture,Disaster Declared,,2027-01-19,,Sumter,45085,33.91614,-80.382376
SC-20025,South Carolina,Drought,2026-04-28,,2026-05-18,Secretary of Agriculture,Disaster Declared,,2027-01-19,,Clarendon,45027,33.664682,-80.217889
NC-20026,North Carolina,Drought,2026-04-28,,2026-05-18,Secretary of Agriculture,Disaster Declared,,2027-01-19,,Bladen,37017,34.591938,-78.539489
NC-20026,North Carolina,Drought,2026-04-28,,2026-05-18,Secretary of Agriculture,Disaster Declared,,2027-01-19,,Brunswick,37019,34.038754,-78.227765
NC-20026,North Carolina,Drought,2026-04-28,,2026-05-18,Secretary of Agriculture,Disaster Declared,,2027-01-19,,Columbus,37047,34.261602,-78.639308
NC-20026,North Carolina,Drought,2026-04-28,,2026-05-18,Secretary of Agriculture,Disaster Declared,,2027-01-19,,Forsyth,37067,36.132466,-80.256961
NC-20026,North Carolina,Drought,2026-04-28,,2026-05-18,Secretary of Agriculture,Disaster Declared,,2027-01-19,,Hoke,37093,35.017233,-79.241964
NC-20026,North Carolina,Drought,2026-04-28,,2026-05-18,Secretary of Agriculture,Disaster Declared,,2027-01-19,,Montgomery,37123,35.327548,-79.910752
NC-20026,North Carolina,Drought,2026-04-28,,2026-05-18,Secretary of Agriculture,Disaster Declared,,2027-01-19,,Moore,37125,35.308272,-79.492725
GA-20028,Georgia,Drought,2026-04-28,,2026-05-18,Secretary of Agriculture,Disaster Declared,,2027-01-19,,Carroll,13045,33.582237,-85.080527
GA-20028,Georgia,Drought,2026-04-28,,2026-05-18,Secretary of Agriculture,Disaster Declared,,2027-01-19,,Haralson,13143,33.795165,-85.220063
GA-20028,Georgia,Drought,2026-04-28,,2026-05-18,Secretary of Agriculture,Disaster Declared,,2027-01-19,,Jones,13169,33.021664,-83.562196
GA-20028,Georgia,Drought,2026-04-28,,2026-05-18,Secretary of Agriculture,Disaster Declared,,2027-01-19,,Paulding,13223,33.92103,-84.867169
GA-20028,Georgia,Drought,2026-04-28,,2026-05-18,Secretary of Agriculture,Disaster Declared,,2027-01-19,,Polk,13233,33.996015,-85.188338
KY-20033,Kentucky,Drought,2026-04-28,,2026-05-19,Secretary of Agriculture,Disaster Declared,,2027-01-19,,Barren,21009,36.962805,-85.932108
KY-20033,Kentucky,Drought,2026-04-28,,2026-05-19,Secretary of Agriculture,Disaster Declared,,2027-01-19,,Butler,21031,37.207013,-86.682471
KY-20033,Kentucky,Drought,2026-04-28,,2026-05-19,Secretary of Agriculture,Disaster Declared,,2027-01-19,,Casey,21045,37.321962,-84.92822
KY-20033,Kentucky,Drought,2026-04-28,,2026-05-19,Secretary of Agriculture,Disaster Declared,,2027-01-19,,Garrard,21079,37.630162,-84.545856
KY-20033,Kentucky,Drought,2026-04-28,,2026-05-19,Secretary of Agriculture,Disaster Declared,,2027-01-19,,Lincoln,21137,37.457174,-84.658335
KY-20033,Kentucky,Drought,2026-04-28,,2026-05-19,Secretary of Agriculture,Disaster Declared,,2027-01-19,,Monroe,21171,36.714077,-85.713508
KY-20033,Kentucky,Drought,2026-04-28,,2026-05-19,Secretary of Agriculture,Disaster Declared,,2027-01-19,,Ohio,21183,37.477859,-86.844871
KY-20033,Kentucky,Drought,2026-04-28,,2026-05-19,Secretary of Agriculture,Disaster Declared,,2027-01-19,,Pulaski,21199,37.107452,-84.576969
KY-20033,Kentucky,Drought,2026-04-28,,2026-05-19,Secretary of Agriculture,Disaster Declared,,2027-01-19,,Rockcastle,21203,37.36105,-84.314368
KY-20033,Kentucky,Drought,2026-04-28,,2026-05-19,Secretary of Agriculture,Disaster Declared,,2027-01-19,,Warren,21227,36.995634,-86.423579
TX-20083,Texas,Drought,2026-04-28,,2026-05-18,Secretary of Agriculture,Disaster Declared,,2027-01-19,,Sherman,48421,36.278593,-101.899265
CO-20030,Colorado,Drought,2026-04-28,,2026-05-18,Secretary of Agriculture,Disaster Declared,,2027-01-19,,Bent,08011,37.931891,-103.077584
CO-20030,Colorado,Drought,2026-04-28,,2026-05-18,Secretary of Agriculture,Disaster Declared,,2027-01-19,,Prowers,08099,37.958181,-102.392161
VA-20026,Virginia,Drought,2026-04-28,,2026-05-18,Secretary of Agriculture,Disaster Declared,,2027-01-19,,Amherst,51009,37.629304,-79.154667
VA-20026,Virginia,Drought,2026-04-28,,2026-05-18,Secretary of Agriculture,Disaster Declared,,2027-01-19,,Appomattox,51011,37.370725,-78.81094
VA-20026,Virginia,Drought,2026-04-28,,2026-05-18,Secretary of Agriculture,Disaster Declared,,2027-01-19,,Buckingham,51029,37.573928,-78.529169
VA-20026,Virginia,Drought,2026-04-28,,2026-05-18,Secretary of Agriculture,Disaster Declared,,2027-01-19,,Campbell,51031,37.210152,-79.095428
VA-20026,Virginia,Drought,2026-04-28,,2026-05-18,Secretary of Agriculture,Disaster Declared,,2027-01-19,,Charlotte,51037,37.009042,-78.658568
VA-20026,Virginia,Drought,2026-04-28,,2026-05-18,Secretary of Agriculture,Disaster Declared,,2027-01-19,,Henry,51089,36.620612,-79.980662
VA-20026,Virginia,Drought,2026-04-28,,2026-05-18,Secretary of Agriculture,Disaster Declared,,2027-01-19,,Nelson,51125,37.789079,-78.88344
VA-20026,Virginia,Drought,2026-04-28,,2026-05-18,Secretary of Agriculture,Disaster Declared,,2027-01-19,,Pittsylvania,51143,36.821721,-79.398502
VA-20026,Virginia,Drought,2026-04-28,,2026-05-18,Secretary of Agriculture,Disaster Declared,,2027-01-19,,Sussex,51183,36.926645,-77.259732
ID-20031,Idaho,Drought,2026-04-28,,2026-05-18,Secretary of Agriculture,Disaster Declared,,2027-01-19,,Blaine,16013,43.394192,-113.955371
ID-20031,Idaho,Drought,2026-04-28,,2026-05-18,Secretary of Agriculture,Disaster Declared,,2027-01-19,,Minidoka,16067,42.857211,-113.63984
ID-20031,Idaho,Drought,2026-04-28,,2026-05-18,Secretary of Agriculture,Disaster Declared,,2027-01-19,,Oneida,16071,42.183895,-112.520449
ID-20031,Idaho,Drought,2026-04-28,,2026-05-18,Secretary of Agriculture,Disaster Declared,,2027-01-19,,Power,16077,42.694126,-112.844407
KS-20034,Kansas,Drought,2026-04-28,,2026-05-19,Secretary of Agriculture,Disaster Declared,,2027-01-19,,Clark,20025,37.233831,-99.813869
KS-20034,Kansas,Drought,2026-04-28,,2026-05-19,Secretary of Agriculture,Disaster Declared,,2027-01-19,,Hamilton,20075,37.995244,-101.793689
KS-20034,Kansas,Drought,2026-04-28,,2026-05-19,Secretary of Agriculture,Disaster Declared,,2027-01-19,,Sherman,20181,39.351352,-101.719859
KS-20034,Kansas,Drought,2026-04-28,,2026-05-19,Secretary of Agriculture,Disaster Declared,,2027-01-19,,Stanton,20187,37.565932,-101.789383
KS-20036,Kansas,"Severe Storms, Straight-line Winds, Tornadoes, and Flooding",2026-04-26,2026-04-27,2026-06-30,Presidential-Public Assistance,Disaster Declared,2026-08-31,2027-03-30,4926,Cherokee,20021,37.169392,-94.845698
KS-20036,Kansas,"Severe Storms, Straight-line Winds, Tornadoes, and Flooding",2026-04-26,2026-04-27,2026-06-30,Presidential-Public Assistance,Disaster Declared,2026-08-31,2027-03-30,4926,Morris,20127,38.688204,-96.651448
KS-20036,Kansas,"Severe Storms, Straight-line Winds, Tornadoes, and Flooding",2026-04-26,2026-04-27,2026-06-30,Presidential-Public Assistance,Disaster Declared,2026-08-31,2027-03-30,4926,Osage,20139,38.650215,-95.708255
KS-20036,Kansas,"Severe Storms, Straight-line Winds, Tornadoes, and Flooding",2026-04-26,2026-04-27,2026-06-30,Presidential-Public Assistance,Disaster Declared,2026-08-31,2027-03-30,4926,Saline,20169,38.791804,-97.651478
KS-20036,Kansas,"Severe Storms, Straight-line Winds, Tornadoes, and Flooding",2026-04-26,2026-04-27,2026-06-30,Presidential-Public Assistance,Disaster Declared,2026-08-31,2027-03-30,4926,Wabaunsee,20197,38.955154,-96.201262
TX-20081,Texas,Severe Storms and Tornadoes,2026-04-24,2026-05-09,2026-05-07,SBA Declaration (Agency),Disaster Declared,2026-07-06,2027-02-08,,Cameron,48061,26.102923,-97.478958
TX-20081,Texas,Severe Storms and Tornadoes,2026-04-24,2026-05-09,2026-05-07,SBA Declaration (Agency),Disaster Declared,2026-07-06,2027-02-08,,Parker,48367,32.777096,-97.805905
TX-20081,Texas,Severe Storms and Tornadoes,2026-04-24,2026-05-09,2026-05-07,SBA Declaration (Agency),Disaster Declared,2026-07-06,2027-02-08,,Victoria,48469,28.79637,-96.971198
TX-20081,Texas,Severe Storms and Tornadoes,2026-04-24,2026-05-09,2026-05-07,SBA Declaration (Agency),Disaster Declared,2026-07-06,2027-02-08,,Wise,48497,33.219095,-97.653997
MO-20029,Missouri,"Severe Storms, Tornadoes, and Flooding",2026-04-23,2026-04-28,2026-07-15,SBA Declaration (Agency),Disaster Declared,2026-09-14,2027-04-15,1234,Greene,29077,37.258196,-93.340641
MO-20030,Missouri,"Severe Storms, Tornadoes, and Flooding",2026-04-23,2026-04-28,2026-06-30,Presidential-Public Assistance,Disaster Declared,2026-08-31,2027-03-30,4924,Carroll,29033,39.427375,-93.500227
MO-20030,Missouri,"Severe Storms, Tornadoes, and Flooding",2026-04-23,2026-04-28,2026-06-30,Presidential-Public Assistance,Disaster Declared,2026-08-31,2027-03-30,4924,Chariton,29041,39.517968,-92.96162
MO-20030,Missouri,"Severe Storms, Tornadoes, and Flooding",2026-04-23,2026-04-28,2026-06-30,Presidential-Public Assistance,Disaster Declared,2026-08-31,2027-03-30,4924,Greene,29077,37.258196,-93.340641
MO-20030,Missouri,"Severe Storms, Tornadoes, and Flooding",2026-04-23,2026-04-28,2026-06-30,Presidential-Public Assistance,Disaster Declared,2026-08-31,2027-03-30,4924,Holt,29087,40.095724,-95.219072
MO-20030,Missouri,"Severe Storms, Tornadoes, and Flooding",2026-04-23,2026-04-28,2026-06-30,Presidential-Public Assistance,Disaster Declared,2026-08-31,2027-03-30,4924,Howard,29089,39.143365,-92.695926
MO-20030,Missouri,"Severe Storms, Tornadoes, and Flooding",2026-04-23,2026-04-28,2026-06-30,Presidential-Public Assistance,Disaster Declared,2026-08-31,2027-03-30,4924,Monroe,29137,39.49827,-92.006458
MO-20030,Missouri,"Severe Storms, Tornadoes, and Flooding",2026-04-23,2026-04-28,2026-06-30,Presidential-Public Assistance,Disaster Declared,2026-08-31,2027-03-30,4924,Randolph,29175,39.439249,-92.492959
MO-20030,Missouri,"Severe Storms, Tornadoes, and Flooding",2026-04-23,2026-04-28,2026-06-30,Presidential-Public Assistance,Disaster Declared,2026-08-31,2027-03-30,4924,Ripley,29181,36.65017,-90.874834
MO-20030,Missouri,"Severe Storms, Tornadoes, and Flooding",2026-04-23,2026-04-28,2026-06-30,Presidential-Public Assistance,Disaster Declared,2026-08-31,2027-03-30,4924,Saline,29195,39.13584,-93.204164
MO-20030,Missouri,"Severe Storms, Tornadoes, and Flooding",2026-04-23,2026-04-28,2026-06-30,Presidential-Public Assistance,Disaster Declared,2026-08-31,2027-03-30,4924,St. Francois,29187,37.810707,-90.473868
OK-20036,Oklahoma,"Severe Weather, Tornadoes, and Straight-line Winds",2026-04-23,2026-04-23,2026-05-01,SBA Declaration (Agency),Disaster Declared,2026-06-30,2027-02-01,,Garfield,40047,36.378132,-97.788741
OK-20038,Oklahoma,Drought,2026-04-21,,2026-05-06,Secretary of Agriculture,Disaster Declared,,2027-01-06,,Cimarron,40025,36.74839,-102.517698
OK-20038,Oklahoma,Drought,2026-04-21,,2026-05-06,Secretary of Agriculture,Disaster Declared,,2027-01-06,,Ellis,40045,36.224258,-99.750139
OK-20038,Oklahoma,Drought,2026-04-21,,2026-05-06,Secretary of Agriculture,Disaster Declared,,2027-01-06,,Woodward,40153,36.425619,-99.273661
VA-20025,Virginia,Drought,2026-04-21,,2026-05-06,Secretary of Agriculture,Disaster Declared,,2027-01-06,,Halifax,51083,36.766461,-78.939614
NE-20021,Nebraska,Drought,2026-04-21,,2026-05-06,Secretary of Agriculture,Disaster Declared,,2027-01-06,,Keya Paha,31103,42.87548,-99.718351
NE-20021,Nebraska,Drought,2026-04-21,,2026-05-06,Secretary of Agriculture,Disaster Declared,,2027-01-06,,Logan,31113,41.542155,-100.443665
NE-20021,Nebraska,Drought,2026-04-21,,2026-05-06,Secretary of Agriculture,Disaster Declared,,2027-01-06,,Rock,31149,42.394749,-99.420851
SD-20017,South Dakota,Drought,2026-04-21,,2026-05-06,Secretary of Agriculture,Disaster Declared,,2027-01-06,,Brule,46015,43.729873,-99.092909
SD-20017,South Dakota,Drought,2026-04-21,,2026-05-06,Secretary of Agriculture,Disaster Declared,,2027-01-06,,Gregory,46053,43.175142,-99.206591
SD-20017,South Dakota,Drought,2026-04-21,,2026-05-06,Secretary of Agriculture,Disaster Declared,,2027-01-06,,Lyman,46085,43.894812,-99.841925
SD-20017,South Dakota,Drought,2026-04-21,,2026-05-06,Secretary of Agriculture,Disaster Declared,,2027-01-06,,Tripp,46123,43.349729,-99.876219
MD-20014,Maryland,Frost and Freeze,2026-04-21,2026-04-21,2026-06-15,Secretary of Agriculture,Disaster Declared,,2027-02-16,,Caroline,24011,38.871531,-75.831662
MD-20014,Maryland,Frost and Freeze,2026-04-21,2026-04-21,2026-06-15,Secretary of Agriculture,Disaster Declared,,2027-02-16,,Carroll,24013,39.563328,-77.01533
MD-20014,Maryland,Frost and Freeze,2026-04-21,2026-04-21,2026-06-15,Secretary of Agriculture,Disaster Declared,,2027-02-16,,Cecil,24015,39.562354,-75.941585
MD-20014,Maryland,Frost and Freeze,2026-04-21,2026-04-21,2026-06-15,Secretary of Agriculture,Disaster Declared,,2027-02-16,,Dorchester,24019,38.429196,-76.047433
MD-20014,Maryland,Frost and Freeze,2026-04-21,2026-04-21,2026-06-15,Secretary of Agriculture,Disaster Declared,,2027-02-16,,Frederick,24021,39.470177,-77.397636
MD-20014,Maryland,Frost and Freeze,2026-04-21,2026-04-21,2026-06-15,Secretary of Agriculture,Disaster Declared,,2027-02-16,,Howard,24027,39.252264,-76.924406
MD-20014,Maryland,Frost and Freeze,2026-04-21,2026-04-21,2026-06-15,Secretary of Agriculture,Disaster Declared,,2027-02-16,,Montgomery,24031,39.137381,-77.203063
MD-20014,Maryland,Frost and Freeze,2026-04-21,2026-04-21,2026-06-15,Secretary of Agriculture,Disaster Declared,,2027-02-16,,Queen Anne's,24035,39.040693,-76.082405
MD-20014,Maryland,Frost and Freeze,2026-04-21,2026-04-21,2026-06-15,Secretary of Agriculture,Disaster Declared,,2027-02-16,,Somerset,24039,38.07445,-75.853323
MD-20014,Maryland,Frost and Freeze,2026-04-21,2026-04-21,2026-06-15,Secretary of Agriculture,Disaster Declared,,2027-02-16,,Washington,24043,39.603621,-77.814671
MD-20014,Maryland,Frost and Freeze,2026-04-21,2026-04-21,2026-06-15,Secretary of Agriculture,Disaster Declared,,2027-02-16,,Wicomico,24045,38.36737,-75.632083
MD-20014,Maryland,Frost and Freeze,2026-04-21,2026-04-21,2026-06-15,Secretary of Agriculture,Disaster Declared,,2027-02-16,,Baltimore County,24005,39.443167,-76.616569
TN-20034,Tennessee,Drought,2026-04-21,,2026-05-06,Secretary of Agriculture,Disaster Declared,,2027-01-06,,Cheatham,47021,36.255169,-87.100808
TN-20034,Tennessee,Drought,2026-04-21,,2026-05-06,Secretary of Agriculture,Disaster Declared,,2027-01-06,,Chester,47023,35.420253,-88.611353
TN-20034,Tennessee,Drought,2026-04-21,,2026-05-06,Secretary of Agriculture,Disaster Declared,,2027-01-06,,Davidson,47037,36.169129,-86.78479
TN-20034,Tennessee,Drought,2026-04-21,,2026-05-06,Secretary of Agriculture,Disaster Declared,,2027-01-06,,Decatur,47039,35.603136,-88.110292
TN-20034,Tennessee,Drought,2026-04-21,,2026-05-06,Secretary of Agriculture,Disaster Declared,,2027-01-06,,Dickson,47043,36.145533,-87.364155
TN-20034,Tennessee,Drought,2026-04-21,,2026-05-06,Secretary of Agriculture,Disaster Declared,,2027-01-06,,Fentress,47049,36.369892,-84.937764
TN-20034,Tennessee,Drought,2026-04-21,,2026-05-06,Secretary of Agriculture,Disaster Declared,,2027-01-06,,Hardeman,47069,35.218785,-88.988697
TN-20034,Tennessee,Drought,2026-04-21,,2026-05-06,Secretary of Agriculture,Disaster Declared,,2027-01-06,,Hardin,47071,35.201893,-88.185696
TN-20034,Tennessee,Drought,2026-04-21,,2026-05-06,Secretary of Agriculture,Disaster Declared,,2027-01-06,,Henderson,47077,35.653994,-88.387674
TN-20034,Tennessee,Drought,2026-04-21,,2026-05-06,Secretary of Agriculture,Disaster Declared,,2027-01-06,,Hickman,47081,35.802327,-87.467116
TN-20034,Tennessee,Drought,2026-04-21,,2026-05-06,Secretary of Agriculture,Disaster Declared,,2027-01-06,,Houston,47083,36.285782,-87.705598
TN-20034,Tennessee,Drought,2026-04-21,,2026-05-06,Secretary of Agriculture,Disaster Declared,,2027-01-06,,Humphreys,47085,36.040822,-87.790453
TN-20034,Tennessee,Drought,2026-04-21,,2026-05-06,Secretary of Agriculture,Disaster Declared,,2027-01-06,,Lewis,47101,35.523244,-87.496983
TN-20034,Tennessee,Drought,2026-04-21,,2026-05-06,Secretary of Agriculture,Disaster Declared,,2027-01-06,,McNairy,47109,35.175375,-88.56374
TN-20034,Tennessee,Drought,2026-04-21,,2026-05-06,Secretary of Agriculture,Disaster Declared,,2027-01-06,,Macon,47111,36.537757,-86.00096
TN-20034,Tennessee,Drought,2026-04-21,,2026-05-06,Secretary of Agriculture,Disaster Declared,,2027-01-06,,Madison,47113,35.606056,-88.833424
TN-20034,Tennessee,Drought,2026-04-21,,2026-05-06,Secretary of Agriculture,Disaster Declared,,2027-01-06,,Marion,47115,35.133422,-85.618399
TN-20034,Tennessee,Drought,2026-04-21,,2026-05-06,Secretary of Agriculture,Disaster Declared,,2027-01-06,,Maury,47119,35.615696,-87.077763
TN-20034,Tennessee,Drought,2026-04-21,,2026-05-06,Secretary of Agriculture,Disaster Declared,,2027-01-06,,Montgomery,47125,36.500354,-87.380887
TN-20034,Tennessee,Drought,2026-04-21,,2026-05-06,Secretary of Agriculture,Disaster Declared,,2027-01-06,,Perry,47135,35.663752,-87.869326
TN-20034,Tennessee,Drought,2026-04-21,,2026-05-06,Secretary of Agriculture,Disaster Declared,,2027-01-06,,Robertson,47147,36.527509,-86.869354
TN-20034,Tennessee,Drought,2026-04-21,,2026-05-06,Secretary of Agriculture,Disaster Declared,,2027-01-06,,Sequatchie,47153,35.372336,-85.410082
TN-20034,Tennessee,Drought,2026-04-21,,2026-05-06,Secretary of Agriculture,Disaster Declared,,2027-01-06,,Stewart,47161,36.458464,-87.811889
TN-20034,Tennessee,Drought,2026-04-21,,2026-05-06,Secretary of Agriculture,Disaster Declared,,2027-01-06,,Sumner,47165,36.472423,-86.458405
TN-20034,Tennessee,Drought,2026-04-21,,2026-05-06,Secretary of Agriculture,Disaster Declared,,2027-01-06,,Tipton,47167,35.498763,-89.747145
TN-20034,Tennessee,Drought,2026-04-21,,2026-05-06,Secretary of Agriculture,Disaster Declared,,2027-01-06,,Trousdale,47169,36.39303,-86.156691
TN-20034,Tennessee,Drought,2026-04-21,,2026-05-06,Secretary of Agriculture,Disaster Declared,,2027-01-06,,Wayne,47181,35.242847,-87.819843
TN-20034,Tennessee,Drought,2026-04-21,,2026-05-06,Secretary of Agriculture,Disaster Declared,,2027-01-06,,Williamson,47187,35.894807,-86.898068
TN-20034,Tennessee,Drought,2026-04-21,,2026-05-06,Secretary of Agriculture,Disaster Declared,,2027-01-06,,Wilson,47189,36.149527,-86.291242
GA-20025,Georgia,Wildfires,2026-04-20,2026-04-20,2026-05-27,SBA Declaration (Agency),Disaster Declared,2026-07-27,2027-03-01,0000,Brantley,13025,31.197334,-81.982978
DE-20002,Delaware,Frost and Freeze,2026-04-20,2026-04-22,2026-07-10,Secretary of Agriculture,Disaster Declared,,2027-03-10,,Kent,10001,39.097088,-75.502982
DE-20002,Delaware,Frost and Freeze,2026-04-20,2026-04-22,2026-07-10,Secretary of Agriculture,Disaster Declared,,2027-03-10,,New Castle,10003,39.575915,-75.644132
DE-20002,Delaware,Frost and Freeze,2026-04-20,2026-04-22,2026-07-10,Secretary of Agriculture,Disaster Declared,,2027-03-10,,Sussex,10005,38.673227,-75.337024
PA-20042,Pennsylvania,Freeze,2026-04-20,2026-05-31,2026-08-10,Secretary of Agriculture,Disaster Declared,,2027-04-12,,Allegheny,42003,40.469757,-79.980451
PA-20042,Pennsylvania,Freeze,2026-04-20,2026-05-31,2026-08-10,Secretary of Agriculture,Disaster Declared,,2027-04-12,,Beaver,42007,40.68414,-80.350721
PA-20042,Pennsylvania,Freeze,2026-04-20,2026-05-31,2026-08-10,Secretary of Agriculture,Disaster Declared,,2027-04-12,,Berks,42011,40.413957,-75.92686
PA-20042,Pennsylvania,Freeze,2026-04-20,2026-05-31,2026-08-10,Secretary of Agriculture,Disaster Declared,,2027-04-12,,Blair,42013,40.498683,-78.309597
PA-20042,Pennsylvania,Freeze,2026-04-20,2026-05-31,2026-08-10,Secretary of Agriculture,Disaster Declared,,2027-04-12,,Butler,42019,40.913847,-79.918978
PA-20042,Pennsylvania,Freeze,2026-04-20,2026-05-31,2026-08-10,Secretary of Agriculture,Disaster Declared,,2027-04-12,,Centre,42027,40.909128,-77.847877
PA-20042,Pennsylvania,Freeze,2026-04-20,2026-05-31,2026-08-10,Secretary of Agriculture,Disaster Declared,,2027-04-12,,Chester,42029,39.974029,-75.749751
PA-20042,Pennsylvania,Freeze,2026-04-20,2026-05-31,2026-08-10,Secretary of Agriculture,Disaster Declared,,2027-04-12,,Clinton,42035,41.239508,-77.629009
PA-20042,Pennsylvania,Freeze,2026-04-20,2026-05-31,2026-08-10,Secretary of Agriculture,Disaster Declared,,2027-04-12,,Huntingdon,42061,40.422311,-77.968595
PA-20042,Pennsylvania,Freeze,2026-04-20,2026-05-31,2026-08-10,Secretary of Agriculture,Disaster Declared,,2027-04-12,,Jefferson,42065,41.138028,-79.012419
PA-20042,Pennsylvania,Freeze,2026-04-20,2026-05-31,2026-08-10,Secretary of Agriculture,Disaster Declared,,2027-04-12,,Lebanon,42075,40.371448,-76.464819
PA-20042,Pennsylvania,Freeze,2026-04-20,2026-05-31,2026-08-10,Secretary of Agriculture,Disaster Declared,,2027-04-12,,Luzerne,42079,41.173078,-75.976053
PA-20042,Pennsylvania,Freeze,2026-04-20,2026-05-31,2026-08-10,Secretary of Agriculture,Disaster Declared,,2027-04-12,,McKean,42083,41.81459,-78.572463
PA-20042,Pennsylvania,Freeze,2026-04-20,2026-05-31,2026-08-10,Secretary of Agriculture,Disaster Declared,,2027-04-12,,Schuylkill,42107,40.703682,-76.217788
PA-20036,Pennsylvania,Freeze,2026-04-20,2026-04-21,2026-06-29,Secretary of Agriculture,Disaster Declared,,2027-03-01,,Bedford,42009,39.998634,-78.494747
PA-20036,Pennsylvania,Freeze,2026-04-20,2026-04-21,2026-06-29,Secretary of Agriculture,Disaster Declared,,2027-03-01,,Columbia,42037,41.045517,-76.40426
PA-20036,Pennsylvania,Freeze,2026-04-20,2026-04-21,2026-06-29,Secretary of Agriculture,Disaster Declared,,2027-03-01,,Snyder,42109,40.755407,-77.072929
PA-20036,Pennsylvania,Freeze,2026-04-20,2026-04-21,2026-06-29,Secretary of Agriculture,Disaster Declared,,2027-03-01,,Union,42119,40.962179,-77.055475
PA-20029,Pennsylvania,Freeze,2026-04-19,2026-04-21,2026-05-26,Secretary of Agriculture,Disaster Declared,,2027-01-26,,Adams,42001,39.869471,-77.21773
PA-20029,Pennsylvania,Freeze,2026-04-19,2026-04-21,2026-05-26,Secretary of Agriculture,Disaster Declared,,2027-01-26,,Cumberland,42041,40.164805,-77.263442
PA-20029,Pennsylvania,Freeze,2026-04-19,2026-04-21,2026-05-26,Secretary of Agriculture,Disaster Declared,,2027-01-26,,Lackawanna,42069,41.436636,-75.608768
PA-20029,Pennsylvania,Freeze,2026-04-19,2026-04-21,2026-05-26,Secretary of Agriculture,Disaster Declared,,2027-01-26,,Montour,42093,41.029284,-76.665225
PA-20029,Pennsylvania,Freeze,2026-04-19,2026-04-21,2026-05-26,Secretary of Agriculture,Disaster Declared,,2027-01-26,,York,42133,39.921751,-76.728889
NY-20042,New York,Frost and Freeze,2026-04-19,2026-04-21,2026-07-23,Secretary of Agriculture,Disaster Declared,,2027-03-23,,Broome,36007,42.161977,-75.830283
NY-20042,New York,Frost and Freeze,2026-04-19,2026-04-21,2026-07-23,Secretary of Agriculture,Disaster Declared,,2027-03-23,,Cayuga,36011,43.008546,-76.574587
NY-20042,New York,Frost and Freeze,2026-04-19,2026-04-21,2026-07-23,Secretary of Agriculture,Disaster Declared,,2027-03-23,,Chemung,36015,42.148697,-76.752471
NY-20042,New York,Frost and Freeze,2026-04-19,2026-04-21,2026-07-23,Secretary of Agriculture,Disaster Declared,,2027-03-23,,Columbia,36021,42.247696,-73.626718
NY-20042,New York,Frost and Freeze,2026-04-19,2026-04-21,2026-07-23,Secretary of Agriculture,Disaster Declared,,2027-03-23,,Cortland,36023,42.594039,-76.07624
NY-20042,New York,Frost and Freeze,2026-04-19,2026-04-21,2026-07-23,Secretary of Agriculture,Disaster Declared,,2027-03-23,,Dutchess,36027,41.754825,-73.740014
NY-20042,New York,Frost and Freeze,2026-04-19,2026-04-21,2026-07-23,Secretary of Agriculture,Disaster Declared,,2027-03-23,,Fulton,36035,43.115609,-74.423678
NY-20042,New York,Frost and Freeze,2026-04-19,2026-04-21,2026-07-23,Secretary of Agriculture,Disaster Declared,,2027-03-23,,Greene,36039,42.279821,-74.142025
NY-20042,New York,Frost and Freeze,2026-04-19,2026-04-21,2026-07-23,Secretary of Agriculture,Disaster Declared,,2027-03-23,,Montgomery,36057,42.900891,-74.435357
NY-20042,New York,Frost and Freeze,2026-04-19,2026-04-21,2026-07-23,Secretary of Agriculture,Disaster Declared,,2027-03-23,,Nassau,36059,40.729612,-73.589414
NY-20042,New York,Frost and Freeze,2026-04-19,2026-04-21,2026-07-23,Secretary of Agriculture,Disaster Declared,,2027-03-23,,Niagara,36063,43.272672,-78.812943
NY-20042,New York,Frost and Freeze,2026-04-19,2026-04-21,2026-07-23,Secretary of Agriculture,Disaster Declared,,2027-03-23,,Onondaga,36067,43.006516,-76.196134
NY-20042,New York,Frost and Freeze,2026-04-19,2026-04-21,2026-07-23,Secretary of Agriculture,Disaster Declared,,2027-03-23,,Ontario,36069,42.856357,-77.303497
NY-20042,New York,Frost and Freeze,2026-04-19,2026-04-21,2026-07-23,Secretary of Agriculture,Disaster Declared,,2027-03-23,,Orleans,36073,43.339906,-78.207028
NY-20042,New York,Frost and Freeze,2026-04-19,2026-04-21,2026-07-23,Secretary of Agriculture,Disaster Declared,,2027-03-23,,Oswego,36075,43.461443,-76.209262
NY-20042,New York,Frost and Freeze,2026-04-19,2026-04-21,2026-07-23,Secretary of Agriculture,Disaster Declared,,2027-03-23,,Putnam,36079,41.427907,-73.743861
NY-20042,New York,Frost and Freeze,2026-04-19,2026-04-21,2026-07-23,Secretary of Agriculture,Disaster Declared,,2027-03-23,,Rockland,36087,41.154628,-74.024662
NY-20042,New York,Frost and Freeze,2026-04-19,2026-04-21,2026-07-23,Secretary of Agriculture,Disaster Declared,,2027-03-23,,Saratoga,36091,43.106135,-73.855387
NY-20042,New York,Frost and Freeze,2026-04-19,2026-04-21,2026-07-23,Secretary of Agriculture,Disaster Declared,,2027-03-23,,Schuyler,36097,42.419776,-76.938603
NY-20042,New York,Frost and Freeze,2026-04-19,2026-04-21,2026-07-23,Secretary of Agriculture,Disaster Declared,,2027-03-23,,Seneca,36099,42.782294,-76.827088
NY-20042,New York,Frost and Freeze,2026-04-19,2026-04-21,2026-07-23,Secretary of Agriculture,Disaster Declared,,2027-03-23,,Steuben,36101,42.266725,-77.385525
NY-20042,New York,Frost and Freeze,2026-04-19,2026-04-21,2026-07-23,Secretary of Agriculture,Disaster Declared,,2027-03-23,,Suffolk,36103,40.943554,-72.692218
NY-20042,New York,Frost and Freeze,2026-04-19,2026-04-21,2026-07-23,Secretary of Agriculture,Disaster Declared,,2027-03-23,,Tompkins,36109,42.453006,-76.473483
NY-20042,New York,Frost and Freeze,2026-04-19,2026-04-21,2026-07-23,Secretary of Agriculture,Disaster Declared,,2027-03-23,,Ulster,36111,41.947212,-74.265458
NY-20042,New York,Frost and Freeze,2026-04-19,2026-04-21,2026-07-23,Secretary of Agriculture,Disaster Declared,,2027-03-23,,Washington,36115,43.312377,-73.439428
NY-20042,New York,Frost and Freeze,2026-04-19,2026-04-21,2026-07-23,Secretary of Agriculture,Disaster Declared,,2027-03-23,,Wayne,36117,43.218114,-77.049402
NY-20042,New York,Frost and Freeze,2026-04-19,2026-04-21,2026-07-23,Secretary of Agriculture,Disaster Declared,,2027-03-23,,Westchester,36119,41.152686,-73.745753
NY-20042,New York,Frost and Freeze,2026-04-19,2026-04-21,2026-07-23,Secretary of Agriculture,Disaster Declared,,2027-03-23,,Yates,36123,42.638237,-77.104324
NY-20042,New York,Frost and Freeze,2026-04-19,2026-04-21,2026-07-23,Secretary of Agriculture,Disaster Declared,,2027-03-23,,Orange,36071,41.40241,-74.306252
NJ-20009,New Jersey,Freeze,2026-04-19,2026-04-22,2026-06-08,Secretary of Agriculture,Disaster Declared,,2027-02-08,,Atlantic,34001,39.469355,-74.633759
NJ-20009,New Jersey,Freeze,2026-04-19,2026-04-22,2026-06-08,Secretary of Agriculture,Disaster Declared,,2027-02-08,,Bergen,34003,40.959698,-74.074727
NJ-20009,New Jersey,Freeze,2026-04-19,2026-04-22,2026-06-08,Secretary of Agriculture,Disaster Declared,,2027-02-08,,Burlington,34005,39.875786,-74.663006
NJ-20009,New Jersey,Freeze,2026-04-19,2026-04-22,2026-06-08,Secretary of Agriculture,Disaster Declared,,2027-02-08,,Camden,34007,39.802407,-74.961249
NJ-20009,New Jersey,Freeze,2026-04-19,2026-04-22,2026-06-08,Secretary of Agriculture,Disaster Declared,,2027-02-08,,Cape May,34009,39.085841,-74.846354
NJ-20009,New Jersey,Freeze,2026-04-19,2026-04-22,2026-06-08,Secretary of Agriculture,Disaster Declared,,2027-02-08,,Cumberland,34011,39.328434,-75.121628
NJ-20009,New Jersey,Freeze,2026-04-19,2026-04-22,2026-06-08,Secretary of Agriculture,Disaster Declared,,2027-02-08,,Gloucester,34015,39.722875,-75.145679
NJ-20009,New Jersey,Freeze,2026-04-19,2026-04-22,2026-06-08,Secretary of Agriculture,Disaster Declared,,2027-02-08,,Hunterdon,34019,40.565283,-74.911969
NJ-20009,New Jersey,Freeze,2026-04-19,2026-04-22,2026-06-08,Secretary of Agriculture,Disaster Declared,,2027-02-08,,Mercer,34021,40.282503,-74.703724
NJ-20009,New Jersey,Freeze,2026-04-19,2026-04-22,2026-06-08,Secretary of Agriculture,Disaster Declared,,2027-02-08,,Middlesex,34023,40.439621,-74.40743
NJ-20009,New Jersey,Freeze,2026-04-19,2026-04-22,2026-06-08,Secretary of Agriculture,Disaster Declared,,2027-02-08,,Monmouth,34025,40.287048,-74.152446
NJ-20009,New Jersey,Freeze,2026-04-19,2026-04-22,2026-06-08,Secretary of Agriculture,Disaster Declared,,2027-02-08,,Morris,34027,40.858896,-74.547292
NJ-20009,New Jersey,Freeze,2026-04-19,2026-04-22,2026-06-08,Secretary of Agriculture,Disaster Declared,,2027-02-08,,Ocean,34029,39.865669,-74.258864
NJ-20009,New Jersey,Freeze,2026-04-19,2026-04-22,2026-06-08,Secretary of Agriculture,Disaster Declared,,2027-02-08,,Salem,34033,39.573828,-75.357356
NJ-20009,New Jersey,Freeze,2026-04-19,2026-04-22,2026-06-08,Secretary of Agriculture,Disaster Declared,,2027-02-08,,Somerset,34035,40.565527,-74.619938
NJ-20009,New Jersey,Freeze,2026-04-19,2026-04-22,2026-06-08,Secretary of Agriculture,Disaster Declared,,2027-02-08,,Sussex,34037,41.137461,-74.691914
NJ-20009,New Jersey,Freeze,2026-04-19,2026-04-22,2026-06-08,Secretary of Agriculture,Disaster Declared,,2027-02-08,,Warren,34041,40.853491,-75.009498
IL-20025,Illinois,Severe Storm and Tornado,2026-04-17,2026-04-17,2026-05-18,SBA Declaration (Agency),Disaster Declared,2026-07-17,2027-02-18,,Stephenson,17177,42.349726,-89.665994
WA-20032,Washington,Freeze and Frost,2026-04-16,2026-04-16,2026-07-31,Secretary of Agriculture,Disaster Declared,,2027-03-31,,Okanogan,53047,48.548453,-119.742235
SD-20018,South Dakota,Drought,2026-04-15,,2026-06-01,Secretary of Agriculture,Disaster Declared,,2027-02-01,,Bennett,46007,43.186912,-101.677181
SD-20018,South Dakota,Drought,2026-04-15,,2026-06-01,Secretary of Agriculture,Disaster Declared,,2027-02-01,,Bon Homme,46009,42.985799,-97.884199
SD-20018,South Dakota,Drought,2026-04-15,,2026-06-01,Secretary of Agriculture,Disaster Declared,,2027-02-01,,Charles Mix,46023,43.206185,-98.595143
SD-20018,South Dakota,Drought,2026-04-15,,2026-06-01,Secretary of Agriculture,Disaster Declared,,2027-02-01,,Clay,46027,42.91615,-96.980468
SD-20018,South Dakota,Drought,2026-04-15,,2026-06-01,Secretary of Agriculture,Disaster Declared,,2027-02-01,,Custer,46033,43.684943,-103.46225
SD-20018,South Dakota,Drought,2026-04-15,,2026-06-01,Secretary of Agriculture,Disaster Declared,,2027-02-01,,Fall River,46047,43.221619,-103.512609
SD-20018,South Dakota,Drought,2026-04-15,,2026-06-01,Secretary of Agriculture,Disaster Declared,,2027-02-01,,Jackson,46071,43.677506,-101.626323
SD-20018,South Dakota,Drought,2026-04-15,,2026-06-01,Secretary of Agriculture,Disaster Declared,,2027-02-01,,Oglala Lakota,46102,,
SD-20018,South Dakota,Drought,2026-04-15,,2026-06-01,Secretary of Agriculture,Disaster Declared,,2027-02-01,,Pennington,46103,44.002349,-102.823801
SD-20018,South Dakota,Drought,2026-04-15,,2026-06-01,Secretary of Agriculture,Disaster Declared,,2027-02-01,,Turner,46125,43.30867,-97.150185
SD-20018,South Dakota,Drought,2026-04-15,,2026-06-01,Secretary of Agriculture,Disaster Declared,,2027-02-01,,Yankton,46135,43.006603,-97.388361
NE-20022,Nebraska,Drought,2026-04-14,,2026-06-01,Secretary of Agriculture,Disaster Declared,,2027-02-01,,Blaine,31009,41.931945,-99.996407
NE-20022,Nebraska,Drought,2026-04-14,,2026-06-01,Secretary of Agriculture,Disaster Declared,,2027-02-01,,Brown,31017,42.359562,-99.92392
NE-20022,Nebraska,Drought,2026-04-14,,2026-06-01,Secretary of Agriculture,Disaster Declared,,2027-02-01,,Harlan,31083,40.178766,-99.403418
NE-20022,Nebraska,Drought,2026-04-14,,2026-06-01,Secretary of Agriculture,Disaster Declared,,2027-02-01,,Thomas,31171,41.85573,-100.524703
LA-20017,Louisiana,Drought,2026-04-14,,2026-05-04,Secretary of Agriculture,Disaster Declared,,2027-01-04,,Allen,22003,30.652744,-92.819605
LA-20017,Louisiana,Drought,2026-04-14,,2026-05-04,Secretary of Agriculture,Disaster Declared,,2027-01-04,,Iberia,22045,29.606013,-91.842706
LA-20017,Louisiana,Drought,2026-04-14,,2026-05-04,Secretary of Agriculture,Disaster Declared,,2027-01-04,,Morehouse,22067,32.820008,-91.800399
LA-20017,Louisiana,Drought,2026-04-14,,2026-05-04,Secretary of Agriculture,Disaster Declared,,2027-01-04,,Orleans,22071,30.05342,-89.934502
LA-20017,Louisiana,Drought,2026-04-14,,2026-05-04,Secretary of Agriculture,Disaster Declared,,2027-01-04,,Ouachita,22073,32.480932,-92.151581
LA-20017,Louisiana,Drought,2026-04-14,,2026-05-04,Secretary of Agriculture,Disaster Declared,,2027-01-04,,Plaquemines,22075,29.282447,-89.576068
LA-20017,Louisiana,Drought,2026-04-14,,2026-05-04,Secretary of Agriculture,Disaster Declared,,2027-01-04,,St. Bernard,22087,29.91811,-89.263494
LA-20017,Louisiana,Drought,2026-04-14,,2026-05-04,Secretary of Agriculture,Disaster Declared,,2027-01-04,,St. Charles,22089,29.905722,-90.357855
LA-20017,Louisiana,Drought,2026-04-14,,2026-05-04,Secretary of Agriculture,Disaster Declared,,2027-01-04,,St. James,22093,30.024777,-90.793956
LA-20017,Louisiana,Drought,2026-04-14,,2026-05-04,Secretary of Agriculture,Disaster Declared,,2027-01-04,,St. John the Baptist,22095,30.144068,-90.49096
LA-20017,Louisiana,Drought,2026-04-14,,2026-05-04,Secretary of Agriculture,Disaster Declared,,2027-01-04,,St. Tammany,22103,30.410022,-89.951962
LA-20017,Louisiana,Drought,2026-04-14,,2026-05-04,Secretary of Agriculture,Disaster Declared,,2027-01-04,,Union,22111,32.829349,-92.37565
CO-20029,Colorado,Drought,2026-04-14,,2026-05-04,Secretary of Agriculture,Disaster Declared,,2027-01-04,,Elbert,08039,39.315157,-104.114076
CO-20029,Colorado,Drought,2026-04-14,,2026-05-04,Secretary of Agriculture,Disaster Declared,,2027-01-04,,Kit Carson,08063,39.30534,-102.603023
CO-20029,Colorado,Drought,2026-04-14,,2026-05-04,Secretary of Agriculture,Disaster Declared,,2027-01-04,,Otero,08089,37.88417,-103.72126
CO-20029,Colorado,Drought,2026-04-14,,2026-05-04,Secretary of Agriculture,Disaster Declared,,2027-01-04,,Washington,08121,39.96579,-103.209744
KS-20033,Kansas,Drought,2026-04-14,,2026-05-04,Secretary of Agriculture,Disaster Declared,,2027-01-04,,Decatur,20039,39.783542,-100.459708
KS-20033,Kansas,Drought,2026-04-14,,2026-05-04,Secretary of Agriculture,Disaster Declared,,2027-01-04,,Labette,20099,37.191468,-95.297473
KS-20033,Kansas,Drought,2026-04-14,,2026-05-04,Secretary of Agriculture,Disaster Declared,,2027-01-04,,Norton,20137,39.783867,-99.899235
KS-20033,Kansas,Drought,2026-04-14,,2026-05-04,Secretary of Agriculture,Disaster Declared,,2027-01-04,,Phillips,20147,39.784506,-99.34215
KS-20033,Kansas,Drought,2026-04-14,,2026-05-04,Secretary of Agriculture,Disaster Declared,,2027-01-04,,Rawlins,20153,39.786198,-101.076738
KY-20032,Kentucky,Drought,2026-04-14,,2026-05-04,Secretary of Agriculture,Disaster Declared,,2027-01-04,,Calloway,21035,36.620978,-88.274086
KY-20032,Kentucky,Drought,2026-04-14,,2026-05-04,Secretary of Agriculture,Disaster Declared,,2027-01-04,,Carlisle,21039,36.85718,-88.976614
KY-20032,Kentucky,Drought,2026-04-14,,2026-05-04,Secretary of Agriculture,Disaster Declared,,2027-01-04,,Fulton,21075,36.552511,-89.187659
KY-20032,Kentucky,Drought,2026-04-14,,2026-05-04,Secretary of Agriculture,Disaster Declared,,2027-01-04,,Graves,21083,36.723344,-88.649897
KY-20032,Kentucky,Drought,2026-04-14,,2026-05-04,Secretary of Agriculture,Disaster Declared,,2027-01-04,,Hickman,21105,36.675896,-88.972084
KY-20032,Kentucky,Drought,2026-04-14,,2026-05-04,Secretary of Agriculture,Disaster Declared,,2027-01-04,,Marshall,21157,36.882017,-88.332752
MS-20021,Mississippi,Drought,2026-04-14,,2026-06-01,Secretary of Agriculture,Disaster Declared,,2027-02-01,,George,28039,30.855431,-88.642268
MS-20021,Mississippi,Drought,2026-04-14,,2026-06-01,Secretary of Agriculture,Disaster Declared,,2027-02-01,,Hinds,28049,32.267788,-90.466017
MS-20021,Mississippi,Drought,2026-04-14,,2026-06-01,Secretary of Agriculture,Disaster Declared,,2027-02-01,,Warren,28149,32.356095,-90.852384
MS-20021,Mississippi,Drought,2026-04-14,,2026-06-01,Secretary of Agriculture,Disaster Declared,,2027-02-01,,Washington,28151,33.273174,-90.944446
NC-20027,North Carolina,Drought,2026-04-14,,2026-06-01,Secretary of Agriculture,Disaster Declared,,2027-02-01,,Chatham,37037,35.704994,-79.251454
NC-20027,North Carolina,Drought,2026-04-14,,2026-06-01,Secretary of Agriculture,Disaster Declared,,2027-02-01,,Durham,37063,36.033828,-78.878125
NC-20027,North Carolina,Drought,2026-04-14,,2026-06-01,Secretary of Agriculture,Disaster Declared,,2027-02-01,,Granville,37077,36.299884,-78.657634
NC-20027,North Carolina,Drought,2026-04-14,,2026-06-01,Secretary of Agriculture,Disaster Declared,,2027-02-01,,Scotland,37165,34.840023,-79.477337
NC-20027,North Carolina,Drought,2026-04-14,,2026-06-01,Secretary of Agriculture,Disaster Declared,,2027-02-01,,Wake,37183,35.789846,-78.650624
AZ-20023,Arizona,Drought,2026-04-14,,2026-07-06,Secretary of Agriculture,Disaster Declared,,2027-03-08,,Gila,04007,33.789618,-110.81187
AZ-20023,Arizona,Drought,2026-04-14,,2026-07-06,Secretary of Agriculture,Disaster Declared,,2027-03-08,,Pinal,04021,32.918521,-111.366339
AZ-20023,Arizona,Drought,2026-04-14,,2026-07-06,Secretary of Agriculture,Disaster Declared,,2027-03-08,,Yuma,04027,32.773942,-113.910905
UT-20018,Utah,Drought,2026-04-14,,2026-06-01,Secretary of Agriculture,Disaster Declared,,2027-02-01,,Box Elder,49003,41.622623,-113.060252
UT-20018,Utah,Drought,2026-04-14,,2026-06-01,Secretary of Agriculture,Disaster Declared,,2027-02-01,,Sanpete,49039,39.373426,-111.576933
UT-20018,Utah,Drought,2026-04-14,,2026-06-01,Secretary of Agriculture,Disaster Declared,,2027-02-01,,Utah,49049,40.120425,-111.668508
UT-20018,Utah,Drought,2026-04-14,,2026-06-01,Secretary of Agriculture,Disaster Declared,,2027-02-01,,Wasatch,49051,40.334884,-111.161568
TN-20037,Tennessee,Drought,2026-04-14,,2026-07-28,Secretary of Agriculture,Disaster Declared,,2027-03-29,,Anderson,47001,36.116731,-84.195418
TN-20037,Tennessee,Drought,2026-04-14,,2026-07-28,Secretary of Agriculture,Disaster Declared,,2027-03-29,,Campbell,47013,36.401592,-84.159249
TN-20037,Tennessee,Drought,2026-04-14,,2026-07-28,Secretary of Agriculture,Disaster Declared,,2027-03-29,,Claiborne,47025,36.501572,-83.660698
TN-20037,Tennessee,Drought,2026-04-14,,2026-07-28,Secretary of Agriculture,Disaster Declared,,2027-03-29,,Clay,47027,36.545749,-85.545717
TN-20037,Tennessee,Drought,2026-04-14,,2026-07-28,Secretary of Agriculture,Disaster Declared,,2027-03-29,,Jackson,47087,36.35425,-85.674128
TN-20037,Tennessee,Drought,2026-04-14,,2026-07-28,Secretary of Agriculture,Disaster Declared,,2027-03-29,,Overton,47133,36.34485,-85.283076
TN-20037,Tennessee,Drought,2026-04-14,,2026-07-28,Secretary of Agriculture,Disaster Declared,,2027-03-29,,Pickett,47137,36.559364,-85.075741
TN-20037,Tennessee,Drought,2026-04-14,,2026-07-28,Secretary of Agriculture,Disaster Declared,,2027-03-29,,Putnam,47141,36.14094,-85.49618
TN-20037,Tennessee,Drought,2026-04-14,,2026-07-28,Secretary of Agriculture,Disaster Declared,,2027-03-29,,Scott,47151,36.435234,-84.50352
TN-20037,Tennessee,Drought,2026-04-14,,2026-07-28,Secretary of Agriculture,Disaster Declared,,2027-03-29,,Van Buren,47175,35.699234,-85.458409
TN-20037,Tennessee,Drought,2026-04-14,,2026-07-28,Secretary of Agriculture,Disaster Declared,,2027-03-29,,White,47185,35.927049,-85.455785
KS-20038,Kansas,Drought,2026-04-14,,2026-07-28,Secretary of Agriculture,Disaster Declared,,2027-03-29,,Edwards,20047,37.883595,-99.304746
KS-20038,Kansas,Drought,2026-04-14,,2026-07-28,Secretary of Agriculture,Disaster Declared,,2027-03-29,,Finney,20055,38.049808,-100.739967
KS-20038,Kansas,Drought,2026-04-14,,2026-07-28,Secretary of Agriculture,Disaster Declared,,2027-03-29,,Ford,20057,37.688416,-99.884748
KS-20038,Kansas,Drought,2026-04-14,,2026-07-28,Secretary of Agriculture,Disaster Declared,,2027-03-29,,Grant,20067,37.547537,-101.299362
KS-20038,Kansas,Drought,2026-04-14,,2026-07-28,Secretary of Agriculture,Disaster Declared,,2027-03-29,,Gray,20069,37.744513,-100.451716
KS-20038,Kansas,Drought,2026-04-14,,2026-07-28,Secretary of Agriculture,Disaster Declared,,2027-03-29,,Haskell,20081,37.554979,-100.879952
KS-20038,Kansas,Drought,2026-04-14,,2026-07-28,Secretary of Agriculture,Disaster Declared,,2027-03-29,,Hodgeman,20083,38.087493,-99.898407
KS-20038,Kansas,Drought,2026-04-14,,2026-07-28,Secretary of Agriculture,Disaster Declared,,2027-03-29,,Kearny,20093,37.994461,-101.308136
KS-20038,Kansas,Drought,2026-04-14,,2026-07-28,Secretary of Agriculture,Disaster Declared,,2027-03-29,,Rush,20165,38.523596,-99.309184
KY-20037,Kentucky,Drought,2026-04-14,,2026-07-28,Secretary of Agriculture,Disaster Declared,,2027-03-29,,Bell,21013,36.728928,-83.680718
KY-20037,Kentucky,Drought,2026-04-14,,2026-07-28,Secretary of Agriculture,Disaster Declared,,2027-03-29,,Boyle,21021,37.618104,-84.868352
KY-20037,Kentucky,Drought,2026-04-14,,2026-07-28,Secretary of Agriculture,Disaster Declared,,2027-03-29,,Breathitt,21025,37.517807,-83.317158
KY-20037,Kentucky,Drought,2026-04-14,,2026-07-28,Secretary of Agriculture,Disaster Declared,,2027-03-29,,Breckinridge,21027,37.777988,-86.432919
KY-20037,Kentucky,Drought,2026-04-14,,2026-07-28,Secretary of Agriculture,Disaster Declared,,2027-03-29,,Clay,21051,37.164273,-83.715454
KY-20037,Kentucky,Drought,2026-04-14,,2026-07-28,Secretary of Agriculture,Disaster Declared,,2027-03-29,,Clinton,21053,36.727258,-85.136098
KY-20037,Kentucky,Drought,2026-04-14,,2026-07-28,Secretary of Agriculture,Disaster Declared,,2027-03-29,,Cumberland,21057,36.782372,-85.388484
KY-20037,Kentucky,Drought,2026-04-14,,2026-07-28,Secretary of Agriculture,Disaster Declared,,2027-03-29,,Hardin,21093,37.695836,-85.963183
KY-20037,Kentucky,Drought,2026-04-14,,2026-07-28,Secretary of Agriculture,Disaster Declared,,2027-03-29,,Hart,21099,37.305827,-85.878443
KY-20037,Kentucky,Drought,2026-04-14,,2026-07-28,Secretary of Agriculture,Disaster Declared,,2027-03-29,,Jackson,21109,37.403458,-84.020576
KY-20037,Kentucky,Drought,2026-04-14,,2026-07-28,Secretary of Agriculture,Disaster Declared,,2027-03-29,,Knox,21121,36.8885,-83.855551
KY-20037,Kentucky,Drought,2026-04-14,,2026-07-28,Secretary of Agriculture,Disaster Declared,,2027-03-29,,Larue,21123,37.544462,-85.696841
KY-20037,Kentucky,Drought,2026-04-14,,2026-07-28,Secretary of Agriculture,Disaster Declared,,2027-03-29,,Laurel,21125,37.113268,-84.119395
KY-20037,Kentucky,Drought,2026-04-14,,2026-07-28,Secretary of Agriculture,Disaster Declared,,2027-03-29,,Lee,21129,37.608116,-83.719248
KY-20037,Kentucky,Drought,2026-04-14,,2026-07-28,Secretary of Agriculture,Disaster Declared,,2027-03-29,,McCreary,21147,36.731136,-84.491052
KY-20037,Kentucky,Drought,2026-04-14,,2026-07-28,Secretary of Agriculture,Disaster Declared,,2027-03-29,,Madison,21151,37.725511,-84.278362
KY-20037,Kentucky,Drought,2026-04-14,,2026-07-28,Secretary of Agriculture,Disaster Declared,,2027-03-29,,Mercer,21167,37.812085,-84.879695
KY-20037,Kentucky,Drought,2026-04-14,,2026-07-28,Secretary of Agriculture,Disaster Declared,,2027-03-29,,Metcalfe,21169,36.99243,-85.633456
KY-20037,Kentucky,Drought,2026-04-14,,2026-07-28,Secretary of Agriculture,Disaster Declared,,2027-03-29,,Nelson,21179,37.80312,-85.465931
KY-20037,Kentucky,Drought,2026-04-14,,2026-07-28,Secretary of Agriculture,Disaster Declared,,2027-03-29,,Owsley,21189,37.423622,-83.691637
KY-20037,Kentucky,Drought,2026-04-14,,2026-07-28,Secretary of Agriculture,Disaster Declared,,2027-03-29,,Perry,21193,37.241282,-83.217772
KY-20037,Kentucky,Drought,2026-04-14,,2026-07-28,Secretary of Agriculture,Disaster Declared,,2027-03-29,,Washington,21229,37.754209,-85.175416
KY-20037,Kentucky,Drought,2026-04-14,,2026-07-28,Secretary of Agriculture,Disaster Declared,,2027-03-29,,Whitley,21235,36.758024,-84.144648
ID-20029,Idaho,Drought,2026-04-14,,2026-05-04,Secretary of Agriculture,Disaster Declared,,2027-01-04,,Cassia,16031,42.282313,-113.626328
ID-20029,Idaho,Drought,2026-04-14,,2026-05-04,Secretary of Agriculture,Disaster Declared,,2027-01-04,,Twin Falls,16083,42.352309,-114.665639
NM-20024,New Mexico,Drought,2026-04-14,,2026-06-01,Secretary of Agriculture,Disaster Declared,,2027-02-01,,Union,35059,36.488085,-103.475723
WI-20005,Wisconsin,"Severe Storms, Tornadoes, and Flooding",2026-04-13,2026-04-23,2026-06-30,Presidential-Individual Assistance,Disaster Declared,2026-08-31,2027-03-30,4923,Brown,55009,44.474024,-87.99613
WI-20005,Wisconsin,"Severe Storms, Tornadoes, and Flooding",2026-04-13,2026-04-23,2026-06-30,Presidential-Individual Assistance,Disaster Declared,2026-08-31,2027-03-30,4923,Buffalo,55011,44.385633,-91.761294
WI-20005,Wisconsin,"Severe Storms, Tornadoes, and Flooding",2026-04-13,2026-04-23,2026-06-30,Presidential-Individual Assistance,Disaster Declared,2026-08-31,2027-03-30,4923,Jackson,55053,44.32459,-90.79951
WI-20005,Wisconsin,"Severe Storms, Tornadoes, and Flooding",2026-04-13,2026-04-23,2026-06-30,Presidential-Individual Assistance,Disaster Declared,2026-08-31,2027-03-30,4923,Jefferson,55055,43.013804,-88.773985
WI-20005,Wisconsin,"Severe Storms, Tornadoes, and Flooding",2026-04-13,2026-04-23,2026-06-30,Presidential-Individual Assistance,Disaster Declared,2026-08-31,2027-03-30,4923,Juneau,55057,43.932836,-90.113984
WI-20005,Wisconsin,"Severe Storms, Tornadoes, and Flooding",2026-04-13,2026-04-23,2026-06-30,Presidential-Individual Assistance,Disaster Declared,2026-08-31,2027-03-30,4923,Marathon,55073,44.898036,-89.757823
WI-20005,Wisconsin,"Severe Storms, Tornadoes, and Flooding",2026-04-13,2026-04-23,2026-06-30,Presidential-Individual Assistance,Disaster Declared,2026-08-31,2027-03-30,4923,Milwaukee,55079,42.912643,-87.862312
WI-20005,Wisconsin,"Severe Storms, Tornadoes, and Flooding",2026-04-13,2026-04-23,2026-06-30,Presidential-Individual Assistance,Disaster Declared,2026-08-31,2027-03-30,4923,Outagamie,55087,44.418226,-88.464988
WI-20005,Wisconsin,"Severe Storms, Tornadoes, and Flooding",2026-04-13,2026-04-23,2026-06-30,Presidential-Individual Assistance,Disaster Declared,2026-08-31,2027-03-30,4923,Racine,55101,42.780392,-87.771599
WI-20005,Wisconsin,"Severe Storms, Tornadoes, and Flooding",2026-04-13,2026-04-23,2026-06-30,Presidential-Individual Assistance,Disaster Declared,2026-08-31,2027-03-30,4923,Rock,55105,42.66988,-89.075284
WI-20005,Wisconsin,"Severe Storms, Tornadoes, and Flooding",2026-04-13,2026-04-23,2026-06-30,Presidential-Individual Assistance,Disaster Declared,2026-08-31,2027-03-30,4923,Vernon,55123,43.599366,-90.821983
WI-20005,Wisconsin,"Severe Storms, Tornadoes, and Flooding",2026-04-13,2026-04-23,2026-06-30,Presidential-Individual Assistance,Disaster Declared,2026-08-31,2027-03-30,4923,Washington,55131,43.391156,-88.232917
WI-20005,Wisconsin,"Severe Storms, Tornadoes, and Flooding",2026-04-13,2026-04-23,2026-06-30,Presidential-Individual Assistance,Disaster Declared,2026-08-31,2027-03-30,4923,Waukesha,55133,43.018368,-88.30424
WI-20005,Wisconsin,"Severe Storms, Tornadoes, and Flooding",2026-04-13,2026-04-23,2026-06-30,Presidential-Individual Assistance,Disaster Declared,2026-08-31,2027-03-30,4923,Waupaca,55135,44.478004,-88.967005
WI-20005,Wisconsin,"Severe Storms, Tornadoes, and Flooding",2026-04-13,2026-04-23,2026-06-30,Presidential-Individual Assistance,Disaster Declared,2026-08-31,2027-03-30,4923,Bayfield,55007,46.634199,-91.177282
WI-20005,Wisconsin,"Severe Storms, Tornadoes, and Flooding",2026-04-13,2026-04-23,2026-06-30,Presidential-Individual Assistance,Disaster Declared,2026-08-31,2027-03-30,4923,Kenosha,55059,42.585882,-87.876398
WI-20005,Wisconsin,"Severe Storms, Tornadoes, and Flooding",2026-04-13,2026-04-23,2026-06-30,Presidential-Individual Assistance,Disaster Declared,2026-08-31,2027-03-30,4923,Manitowoc,55071,44.156137,-87.577352
WI-20005,Wisconsin,"Severe Storms, Tornadoes, and Flooding",2026-04-13,2026-04-23,2026-06-30,Presidential-Individual Assistance,Disaster Declared,2026-08-31,2027-03-30,4923,Sauk,55111,43.428001,-89.943318
WI-20005,Wisconsin,"Severe Storms, Tornadoes, and Flooding",2026-04-13,2026-04-23,2026-06-30,Presidential-Individual Assistance,Disaster Declared,2026-08-31,2027-03-30,4923,Winnebago,55139,44.085707,-88.668149
WI-20009,Wisconsin,"Severe Storms, Tornadoes, and Flooding",2026-04-13,2026-04-23,2026-06-30,Presidential-Public Assistance,Disaster Declared,2026-08-31,2027-03-30,4923,Iowa,55049,43.001021,-90.133691
WI-20009,Wisconsin,"Severe Storms, Tornadoes, and Flooding",2026-04-13,2026-04-23,2026-06-30,Presidential-Public Assistance,Disaster Declared,2026-08-31,2027-03-30,4923,Jackson,55053,44.32459,-90.79951
WI-20009,Wisconsin,"Severe Storms, Tornadoes, and Flooding",2026-04-13,2026-04-23,2026-06-30,Presidential-Public Assistance,Disaster Declared,2026-08-31,2027-03-30,4923,Jefferson,55055,43.013804,-88.773985
WI-20009,Wisconsin,"Severe Storms, Tornadoes, and Flooding",2026-04-13,2026-04-23,2026-06-30,Presidential-Public Assistance,Disaster Declared,2026-08-31,2027-03-30,4923,Juneau,55057,43.932836,-90.113984
WI-20009,Wisconsin,"Severe Storms, Tornadoes, and Flooding",2026-04-13,2026-04-23,2026-06-30,Presidential-Public Assistance,Disaster Declared,2026-08-31,2027-03-30,4923,Kewaunee,55061,44.605677,-87.448008
WI-20009,Wisconsin,"Severe Storms, Tornadoes, and Flooding",2026-04-13,2026-04-23,2026-06-30,Presidential-Public Assistance,Disaster Declared,2026-08-31,2027-03-30,4923,Outagamie,55087,44.418226,-88.464988
WI-20009,Wisconsin,"Severe Storms, Tornadoes, and Flooding",2026-04-13,2026-04-23,2026-06-30,Presidential-Public Assistance,Disaster Declared,2026-08-31,2027-03-30,4923,Racine,55101,42.780392,-87.771599
WI-20009,Wisconsin,"Severe Storms, Tornadoes, and Flooding",2026-04-13,2026-04-23,2026-06-30,Presidential-Public Assistance,Disaster Declared,2026-08-31,2027-03-30,4923,Rock,55105,42.66988,-89.075284
WI-20009,Wisconsin,"Severe Storms, Tornadoes, and Flooding",2026-04-13,2026-04-23,2026-06-30,Presidential-Public Assistance,Disaster Declared,2026-08-31,2027-03-30,4923,Vernon,55123,43.599366,-90.821983
WI-20009,Wisconsin,"Severe Storms, Tornadoes, and Flooding",2026-04-13,2026-04-23,2026-06-30,Presidential-Public Assistance,Disaster Declared,2026-08-31,2027-03-30,4923,Waupaca,55135,44.478004,-88.967005
GU-20001,Guam,Super Typhoon Sinlaku,2026-04-11,2026-04-18,2026-06-30,Presidential-Public Assistance,Disaster Declared,2026-08-31,2027-03-30,4921,GUAM,66010,,
MP-20000,Northern Mariana Islands,Super Typhoon Sinlaku,2026-04-11,2026-04-18,2026-04-23,Presidential-Individual Assistance,Disaster Declared,2026-06-22,2027-01-25,4910,Northern Islands Municipality,69085,,
MP-20000,Northern Mariana Islands,Super Typhoon Sinlaku,2026-04-11,2026-04-18,2026-04-23,Presidential-Individual Assistance,Disaster Declared,2026-06-22,2027-01-25,4910,Rota Municipality,69100,,
MP-20000,Northern Mariana Islands,Super Typhoon Sinlaku,2026-04-11,2026-04-18,2026-04-23,Presidential-Individual Assistance,Disaster Declared,2026-06-22,2027-01-25,4910,Saipan Municipality,69110,,
MP-20000,Northern Mariana Islands,Super Typhoon Sinlaku,2026-04-11,2026-04-18,2026-04-23,Presidential-Individual Assistance,Disaster Declared,2026-06-22,2027-01-25,4910,Tinian Municipality,69120,,
MP-20001,Northern Mariana Islands,Super Typhoon Sinlaku,2026-04-11,2026-04-18,2026-05-28,Presidential-Public Assistance,Disaster Declared,2026-07-27,2027-03-01,4910,Northern Islands Municipality,69085,,
MP-20001,Northern Mariana Islands,Super Typhoon Sinlaku,2026-04-11,2026-04-18,2026-05-28,Presidential-Public Assistance,Disaster Declared,2026-07-27,2027-03-01,4910,Rota Municipality,69100,,
MP-20001,Northern Mariana Islands,Super Typhoon Sinlaku,2026-04-11,2026-04-18,2026-05-28,Presidential-Public Assistance,Disaster Declared,2026-07-27,2027-03-01,4910,Saipan Municipality,69110,,
MP-20001,Northern Mariana Islands,Super Typhoon Sinlaku,2026-04-11,2026-04-18,2026-05-28,Presidential-Public Assistance,Disaster Declared,2026-07-27,2027-03-01,4910,Tinian Municipality,69120,,
MI-20046,Michigan,"Severe Storms, Tornadoes, and Flooding",2026-04-10,2026-04-21,2026-06-30,Presidential-Public Assistance,Disaster Declared,2026-08-31,2027-03-30,4925,Alcona,26001,44.657509,-83.29458
MI-20046,Michigan,"Severe Storms, Tornadoes, and Flooding",2026-04-10,2026-04-21,2026-06-30,Presidential-Public Assistance,Disaster Declared,2026-08-31,2027-03-30,4925,Alpena,26007,44.894954,-83.426574
MI-20046,Michigan,"Severe Storms, Tornadoes, and Flooding",2026-04-10,2026-04-21,2026-06-30,Presidential-Public Assistance,Disaster Declared,2026-08-31,2027-03-30,4925,Benzie,26019,44.636844,-86.231999
MI-20046,Michigan,"Severe Storms, Tornadoes, and Flooding",2026-04-10,2026-04-21,2026-06-30,Presidential-Public Assistance,Disaster Declared,2026-08-31,2027-03-30,4925,Charlevoix,26029,45.618554,-85.543684
MI-20046,Michigan,"Severe Storms, Tornadoes, and Flooding",2026-04-10,2026-04-21,2026-06-30,Presidential-Public Assistance,Disaster Declared,2026-08-31,2027-03-30,4925,Cheboygan,26031,45.476022,-84.495431
MI-20046,Michigan,"Severe Storms, Tornadoes, and Flooding",2026-04-10,2026-04-21,2026-06-30,Presidential-Public Assistance,Disaster Declared,2026-08-31,2027-03-30,4925,Crawford,26039,44.680175,-84.611343
MI-20046,Michigan,"Severe Storms, Tornadoes, and Flooding",2026-04-10,2026-04-21,2026-06-30,Presidential-Public Assistance,Disaster Declared,2026-08-31,2027-03-30,4925,Eaton,26045,42.58953,-84.84645
MI-20046,Michigan,"Severe Storms, Tornadoes, and Flooding",2026-04-10,2026-04-21,2026-06-30,Presidential-Public Assistance,Disaster Declared,2026-08-31,2027-03-30,4925,Emmet,26047,45.590094,-84.986822
MI-20046,Michigan,"Severe Storms, Tornadoes, and Flooding",2026-04-10,2026-04-21,2026-06-30,Presidential-Public Assistance,Disaster Declared,2026-08-31,2027-03-30,4925,Grand Traverse,26055,44.718688,-85.553848
MI-20046,Michigan,"Severe Storms, Tornadoes, and Flooding",2026-04-10,2026-04-21,2026-06-30,Presidential-Public Assistance,Disaster Declared,2026-08-31,2027-03-30,4925,Gratiot,26057,43.292326,-84.60469
MI-20046,Michigan,"Severe Storms, Tornadoes, and Flooding",2026-04-10,2026-04-21,2026-06-30,Presidential-Public Assistance,Disaster Declared,2026-08-31,2027-03-30,4925,Iron,26071,46.170254,-88.540526
MI-20046,Michigan,"Severe Storms, Tornadoes, and Flooding",2026-04-10,2026-04-21,2026-06-30,Presidential-Public Assistance,Disaster Declared,2026-08-31,2027-03-30,4925,Kalkaska,26079,44.678881,-85.088992
MI-20046,Michigan,"Severe Storms, Tornadoes, and Flooding",2026-04-10,2026-04-21,2026-06-30,Presidential-Public Assistance,Disaster Declared,2026-08-31,2027-03-30,4925,Lake,26085,43.995187,-85.8114
MI-20046,Michigan,"Severe Storms, Tornadoes, and Flooding",2026-04-10,2026-04-21,2026-06-30,Presidential-Public Assistance,Disaster Declared,2026-08-31,2027-03-30,4925,Manistee,26101,44.245268,-86.327537
MI-20046,Michigan,"Severe Storms, Tornadoes, and Flooding",2026-04-10,2026-04-21,2026-06-30,Presidential-Public Assistance,Disaster Declared,2026-08-31,2027-03-30,4925,Marquette,26103,46.656596,-87.584028
MI-20046,Michigan,"Severe Storms, Tornadoes, and Flooding",2026-04-10,2026-04-21,2026-06-30,Presidential-Public Assistance,Disaster Declared,2026-08-31,2027-03-30,4925,Mecosta,26107,43.635295,-85.332751
MI-20046,Michigan,"Severe Storms, Tornadoes, and Flooding",2026-04-10,2026-04-21,2026-06-30,Presidential-Public Assistance,Disaster Declared,2026-08-31,2027-03-30,4925,Menominee,26109,45.535568,-87.501457
MI-20046,Michigan,"Severe Storms, Tornadoes, and Flooding",2026-04-10,2026-04-21,2026-06-30,Presidential-Public Assistance,Disaster Declared,2026-08-31,2027-03-30,4925,Missaukee,26113,44.325424,-85.085471
MI-20046,Michigan,"Severe Storms, Tornadoes, and Flooding",2026-04-10,2026-04-21,2026-06-30,Presidential-Public Assistance,Disaster Declared,2026-08-31,2027-03-30,4925,Montmorency,26119,45.024134,-84.130107
MI-20046,Michigan,"Severe Storms, Tornadoes, and Flooding",2026-04-10,2026-04-21,2026-06-30,Presidential-Public Assistance,Disaster Declared,2026-08-31,2027-03-30,4925,Newaygo,26123,43.562712,-85.791372
MI-20046,Michigan,"Severe Storms, Tornadoes, and Flooding",2026-04-10,2026-04-21,2026-06-30,Presidential-Public Assistance,Disaster Declared,2026-08-31,2027-03-30,4925,Ogemaw,26129,44.33328,-84.128073
MI-20046,Michigan,"Severe Storms, Tornadoes, and Flooding",2026-04-10,2026-04-21,2026-06-30,Presidential-Public Assistance,Disaster Declared,2026-08-31,2027-03-30,4925,Osceola,26133,43.997552,-85.322283
MI-20046,Michigan,"Severe Storms, Tornadoes, and Flooding",2026-04-10,2026-04-21,2026-06-30,Presidential-Public Assistance,Disaster Declared,2026-08-31,2027-03-30,4925,Oscoda,26135,44.687257,-84.126905
MI-20046,Michigan,"Severe Storms, Tornadoes, and Flooding",2026-04-10,2026-04-21,2026-06-30,Presidential-Public Assistance,Disaster Declared,2026-08-31,2027-03-30,4925,Presque Isle,26141,45.252397,-83.432283
MI-20046,Michigan,"Severe Storms, Tornadoes, and Flooding",2026-04-10,2026-04-21,2026-06-30,Presidential-Public Assistance,Disaster Declared,2026-08-31,2027-03-30,4925,Roscommon,26143,44.339517,-84.611271
MI-20046,Michigan,"Severe Storms, Tornadoes, and Flooding",2026-04-10,2026-04-21,2026-06-30,Presidential-Public Assistance,Disaster Declared,2026-08-31,2027-03-30,4925,Tuscola,26157,43.487902,-83.436618
MI-20046,Michigan,"Severe Storms, Tornadoes, and Flooding",2026-04-10,2026-04-21,2026-06-30,Presidential-Public Assistance,Disaster Declared,2026-08-31,2027-03-30,4925,Wexford,26165,44.331375,-85.570046
MI-20044,Michigan,"Severe Storms, Tornadoes, and Flooding",2026-04-10,2026-04-21,2026-06-30,Presidential-Individual Assistance,Disaster Declared,2026-08-31,2027-03-30,4925,Alcona,26001,44.657509,-83.29458
MI-20044,Michigan,"Severe Storms, Tornadoes, and Flooding",2026-04-10,2026-04-21,2026-06-30,Presidential-Individual Assistance,Disaster Declared,2026-08-31,2027-03-30,4925,Allegan,26005,42.421251,-86.261403
MI-20044,Michigan,"Severe Storms, Tornadoes, and Flooding",2026-04-10,2026-04-21,2026-06-30,Presidential-Individual Assistance,Disaster Declared,2026-08-31,2027-03-30,4925,Alpena,26007,44.894954,-83.426574
MI-20044,Michigan,"Severe Storms, Tornadoes, and Flooding",2026-04-10,2026-04-21,2026-06-30,Presidential-Individual Assistance,Disaster Declared,2026-08-31,2027-03-30,4925,Antrim,26009,45.005455,-85.175639
MI-20044,Michigan,"Severe Storms, Tornadoes, and Flooding",2026-04-10,2026-04-21,2026-06-30,Presidential-Individual Assistance,Disaster Declared,2026-08-31,2027-03-30,4925,Barry,26015,42.582811,-85.31455
MI-20044,Michigan,"Severe Storms, Tornadoes, and Flooding",2026-04-10,2026-04-21,2026-06-30,Presidential-Individual Assistance,Disaster Declared,2026-08-31,2027-03-30,4925,Benzie,26019,44.636844,-86.231999
MI-20044,Michigan,"Severe Storms, Tornadoes, and Flooding",2026-04-10,2026-04-21,2026-06-30,Presidential-Individual Assistance,Disaster Declared,2026-08-31,2027-03-30,4925,Charlevoix,26029,45.618554,-85.543684
MI-20044,Michigan,"Severe Storms, Tornadoes, and Flooding",2026-04-10,2026-04-21,2026-06-30,Presidential-Individual Assistance,Disaster Declared,2026-08-31,2027-03-30,4925,Cheboygan,26031,45.476022,-84.495431
MI-20044,Michigan,"Severe Storms, Tornadoes, and Flooding",2026-04-10,2026-04-21,2026-06-30,Presidential-Individual Assistance,Disaster Declared,2026-08-31,2027-03-30,4925,Crawford,26039,44.680175,-84.611343
MI-20044,Michigan,"Severe Storms, Tornadoes, and Flooding",2026-04-10,2026-04-21,2026-06-30,Presidential-Individual Assistance,Disaster Declared,2026-08-31,2027-03-30,4925,Emmet,26047,45.590094,-84.986822
MI-20044,Michigan,"Severe Storms, Tornadoes, and Flooding",2026-04-10,2026-04-21,2026-06-30,Presidential-Individual Assistance,Disaster Declared,2026-08-31,2027-03-30,4925,Grand Traverse,26055,44.718688,-85.553848
MI-20044,Michigan,"Severe Storms, Tornadoes, and Flooding",2026-04-10,2026-04-21,2026-06-30,Presidential-Individual Assistance,Disaster Declared,2026-08-31,2027-03-30,4925,Gratiot,26057,43.292326,-84.60469
MI-20044,Michigan,"Severe Storms, Tornadoes, and Flooding",2026-04-10,2026-04-21,2026-06-30,Presidential-Individual Assistance,Disaster Declared,2026-08-31,2027-03-30,4925,Iosco,26069,44.386912,-83.380141
MI-20044,Michigan,"Severe Storms, Tornadoes, and Flooding",2026-04-10,2026-04-21,2026-06-30,Presidential-Individual Assistance,Disaster Declared,2026-08-31,2027-03-30,4925,Kalamazoo,26077,42.246266,-85.532854
MI-20044,Michigan,"Severe Storms, Tornadoes, and Flooding",2026-04-10,2026-04-21,2026-06-30,Presidential-Individual Assistance,Disaster Declared,2026-08-31,2027-03-30,4925,Kalkaska,26079,44.678881,-85.088992
MI-20044,Michigan,"Severe Storms, Tornadoes, and Flooding",2026-04-10,2026-04-21,2026-06-30,Presidential-Individual Assistance,Disaster Declared,2026-08-31,2027-03-30,4925,Manistee,26101,44.245268,-86.327537
MI-20044,Michigan,"Severe Storms, Tornadoes, and Flooding",2026-04-10,2026-04-21,2026-06-30,Presidential-Individual Assistance,Disaster Declared,2026-08-31,2027-03-30,4925,Mecosta,26107,43.635295,-85.332751
MI-20044,Michigan,"Severe Storms, Tornadoes, and Flooding",2026-04-10,2026-04-21,2026-06-30,Presidential-Individual Assistance,Disaster Declared,2026-08-31,2027-03-30,4925,Montcalm,26117,43.312782,-85.149468
MI-20044,Michigan,"Severe Storms, Tornadoes, and Flooding",2026-04-10,2026-04-21,2026-06-30,Presidential-Individual Assistance,Disaster Declared,2026-08-31,2027-03-30,4925,Muskegon,26121,43.428739,-86.420908
MI-20044,Michigan,"Severe Storms, Tornadoes, and Flooding",2026-04-10,2026-04-21,2026-06-30,Presidential-Individual Assistance,Disaster Declared,2026-08-31,2027-03-30,4925,Newaygo,26123,43.562712,-85.791372
MI-20044,Michigan,"Severe Storms, Tornadoes, and Flooding",2026-04-10,2026-04-21,2026-06-30,Presidential-Individual Assistance,Disaster Declared,2026-08-31,2027-03-30,4925,Oceana,26127,43.603954,-86.467177
MI-20044,Michigan,"Severe Storms, Tornadoes, and Flooding",2026-04-10,2026-04-21,2026-06-30,Presidential-Individual Assistance,Disaster Declared,2026-08-31,2027-03-30,4925,Osceola,26133,43.997552,-85.322283
MI-20044,Michigan,"Severe Storms, Tornadoes, and Flooding",2026-04-10,2026-04-21,2026-06-30,Presidential-Individual Assistance,Disaster Declared,2026-08-31,2027-03-30,4925,Presque Isle,26141,45.252397,-83.432283
MI-20044,Michigan,"Severe Storms, Tornadoes, and Flooding",2026-04-10,2026-04-21,2026-06-30,Presidential-Individual Assistance,Disaster Declared,2026-08-31,2027-03-30,4925,Roscommon,26143,44.339517,-84.611271
MI-20044,Michigan,"Severe Storms, Tornadoes, and Flooding",2026-04-10,2026-04-21,2026-06-30,Presidential-Individual Assistance,Disaster Declared,2026-08-31,2027-03-30,4925,Saginaw,26145,43.328267,-84.05541
MI-20044,Michigan,"Severe Storms, Tornadoes, and Flooding",2026-04-10,2026-04-21,2026-06-30,Presidential-Individual Assistance,Disaster Declared,2026-08-31,2027-03-30,4925,Wexford,26165,44.331375,-85.570046
MI-20044,Michigan,"Severe Storms, Tornadoes, and Flooding",2026-04-10,2026-04-21,2026-06-30,Presidential-Individual Assistance,Disaster Declared,2026-08-31,2027-03-30,4925,Washtenaw,26161,42.252217,-83.843423
IL-20034,Illinois,Drought,2026-04-07,,2026-07-28,Secretary of Agriculture,Disaster Declared,,2027-03-29,,Massac,17127,37.216119,-88.705658
IL-20034,Illinois,Drought,2026-04-07,,2026-07-28,Secretary of Agriculture,Disaster Declared,,2027-03-29,,Pope,17151,37.417169,-88.542374
NC-20025,North Carolina,Drought,2026-04-07,,2026-04-21,Secretary of Agriculture,Disaster Declared,,2026-12-21,,Ashe,37009,36.443469,-81.499334
NC-20025,North Carolina,Drought,2026-04-07,,2026-04-21,Secretary of Agriculture,Disaster Declared,,2026-12-21,,Buncombe,37021,35.609371,-82.530423
NC-20025,North Carolina,Drought,2026-04-07,,2026-04-21,Secretary of Agriculture,Disaster Declared,,2026-12-21,,Davidson,37057,35.795131,-80.207107
NC-20025,North Carolina,Drought,2026-04-07,,2026-04-21,Secretary of Agriculture,Disaster Declared,,2026-12-21,,Henderson,37089,35.336415,-82.479741
NC-20025,North Carolina,Drought,2026-04-07,,2026-04-21,Secretary of Agriculture,Disaster Declared,,2026-12-21,,Transylvania,37175,35.210103,-82.816666
NC-20025,North Carolina,Drought,2026-04-07,,2026-04-21,Secretary of Agriculture,Disaster Declared,,2026-12-21,,Vance,37181,36.365481,-78.405434
NC-20025,North Carolina,Drought,2026-04-07,,2026-04-21,Secretary of Agriculture,Disaster Declared,,2026-12-21,,Watauga,37189,36.235368,-81.709888
VA-20024,Virginia,Drought,2026-04-07,,2026-04-21,Secretary of Agriculture,Disaster Declared,,2026-12-21,,Mecklenburg,51117,36.687256,-78.368959
NY-20041,New York,Freeze,2026-04-07,2026-04-08,2026-07-23,Secretary of Agriculture,Disaster Declared,,2027-03-23,,Broome,36007,42.161977,-75.830283
NY-20041,New York,Freeze,2026-04-07,2026-04-08,2026-07-23,Secretary of Agriculture,Disaster Declared,,2027-03-23,,Cortland,36023,42.594039,-76.07624
NY-20041,New York,Freeze,2026-04-07,2026-04-08,2026-07-23,Secretary of Agriculture,Disaster Declared,,2027-03-23,,Tompkins,36109,42.453006,-76.473483
MD-20015,Maryland,Drought,2026-04-07,,2026-07-28,Secretary of Agriculture,Disaster Declared,,2027-03-29,,Anne Arundel,24003,38.991617,-76.560894
MD-20015,Maryland,Drought,2026-04-07,,2026-07-28,Secretary of Agriculture,Disaster Declared,,2027-03-29,,Calvert,24009,38.522719,-76.529762
MD-20015,Maryland,Drought,2026-04-07,,2026-07-28,Secretary of Agriculture,Disaster Declared,,2027-03-29,,Queen Anne's,24035,39.040693,-76.082405
MD-20015,Maryland,Drought,2026-04-07,,2026-07-28,Secretary of Agriculture,Disaster Declared,,2027-03-29,,St. Mary's,24037,38.223077,-76.534487
MD-20015,Maryland,Drought,2026-04-07,,2026-07-28,Secretary of Agriculture,Disaster Declared,,2027-03-29,,Somerset,24039,38.07445,-75.853323
MD-20015,Maryland,Drought,2026-04-07,,2026-07-28,Secretary of Agriculture,Disaster Declared,,2027-03-29,,Worcester,24047,38.222133,-75.309931
NE-20028,Nebraska,Drought,2026-04-01,,2026-07-28,Secretary of Agriculture,Disaster Declared,,2027-03-29,,Lancaster,31109,40.783547,-96.688658
NE-20028,Nebraska,Drought,2026-04-01,,2026-07-28,Secretary of Agriculture,Disaster Declared,,2027-03-29,,Saline,31151,40.516802,-97.131755
OR-20025,Oregon,Drought,2026-04-01,,2026-06-29,Secretary of Agriculture,Disaster Declared,,2027-03-01,,Coos,41011,43.18591,-124.094133
OR-20025,Oregon,Drought,2026-04-01,,2026-06-29,Secretary of Agriculture,Disaster Declared,,2027-03-01,,Curry,41015,42.466439,-124.210929
OR-20025,Oregon,Drought,2026-04-01,,2026-06-29,Secretary of Agriculture,Disaster Declared,,2027-03-01,,Gilliam,41021,45.382955,-120.276246
OR-20025,Oregon,Drought,2026-04-01,,2026-06-29,Secretary of Agriculture,Disaster Declared,,2027-03-01,,Grant,41023,44.496326,-119.014057
OR-20025,Oregon,Drought,2026-04-01,,2026-06-29,Secretary of Agriculture,Disaster Declared,,2027-03-01,,Harney,41025,43.064449,-118.987169
OR-20025,Oregon,Drought,2026-04-01,,2026-06-29,Secretary of Agriculture,Disaster Declared,,2027-03-01,,Josephine,41033,42.386983,-123.57162
OR-20025,Oregon,Drought,2026-04-01,,2026-06-29,Secretary of Agriculture,Disaster Declared,,2027-03-01,,Morrow,41049,45.425496,-119.602311
OR-20025,Oregon,Drought,2026-04-01,,2026-06-29,Secretary of Agriculture,Disaster Declared,,2027-03-01,,Wasco,41065,45.164536,-121.165069
PA-20041,Pennsylvania,Drought,2026-04-01,,2026-07-28,Secretary of Agriculture,Disaster Declared,,2027-03-29,,Adams,42001,39.869471,-77.21773
PA-20041,Pennsylvania,Drought,2026-04-01,,2026-07-28,Secretary of Agriculture,Disaster Declared,,2027-03-29,,Berks,42011,40.413957,-75.92686
PA-20041,Pennsylvania,Drought,2026-04-01,,2026-07-28,Secretary of Agriculture,Disaster Declared,,2027-03-29,,Cumberland,42041,40.164805,-77.263442
PA-20041,Pennsylvania,Drought,2026-04-01,,2026-07-28,Secretary of Agriculture,Disaster Declared,,2027-03-29,,Franklin,42055,39.926772,-77.724521
PA-20041,Pennsylvania,Drought,2026-04-01,,2026-07-28,Secretary of Agriculture,Disaster Declared,,2027-03-29,,Fulton,42057,39.91075,-78.122617
WA-20029,Washington,Drought,2026-04-01,,2026-07-08,Secretary of Agriculture,Disaster Declared,,2027-03-08,,Asotin,53003,46.181861,-117.227781
WA-20029,Washington,Drought,2026-04-01,,2026-07-08,Secretary of Agriculture,Disaster Declared,,2027-03-08,,Garfield,53023,46.429318,-117.536705
WA-20029,Washington,Drought,2026-04-01,,2026-07-08,Secretary of Agriculture,Disaster Declared,,2027-03-08,,Whitman,53075,46.905944,-117.53539
VA-20032,Virginia,Drought,2026-04-01,,2026-07-31,Secretary of Agriculture,Disaster Declared,,2027-03-31,,Accomack,51001,37.765944,-75.757807
VA-20032,Virginia,Drought,2026-04-01,,2026-07-31,Secretary of Agriculture,Disaster Declared,,2027-03-31,,Alleghany,51005,37.787905,-80.008669
VA-20032,Virginia,Drought,2026-04-01,,2026-07-31,Secretary of Agriculture,Disaster Declared,,2027-03-31,,Amelia,51007,37.331927,-77.977462
VA-20032,Virginia,Drought,2026-04-01,,2026-07-31,Secretary of Agriculture,Disaster Declared,,2027-03-31,,Bath,51017,38.068368,-79.731203
VA-20032,Virginia,Drought,2026-04-01,,2026-07-31,Secretary of Agriculture,Disaster Declared,,2027-03-31,,Bland,51021,37.130612,-81.125853
VA-20032,Virginia,Drought,2026-04-01,,2026-07-31,Secretary of Agriculture,Disaster Declared,,2027-03-31,,Botetourt,51023,37.565482,-79.797546
VA-20032,Virginia,Drought,2026-04-01,,2026-07-31,Secretary of Agriculture,Disaster Declared,,2027-03-31,,Caroline,51033,38.028033,-77.353736
VA-20032,Virginia,Drought,2026-04-01,,2026-07-31,Secretary of Agriculture,Disaster Declared,,2027-03-31,,Craig,51045,37.473603,-80.231051
VA-20032,Virginia,Drought,2026-04-01,,2026-07-31,Secretary of Agriculture,Disaster Declared,,2027-03-31,,Culpeper,51047,38.48593,-77.956476
VA-20032,Virginia,Drought,2026-04-01,,2026-07-31,Secretary of Agriculture,Disaster Declared,,2027-03-31,,Dinwiddie,51053,37.073498,-77.635492
VA-20032,Virginia,Drought,2026-04-01,,2026-07-31,Secretary of Agriculture,Disaster Declared,,2027-03-31,,Essex,51057,37.936389,-76.933747
VA-20032,Virginia,Drought,2026-04-01,,2026-07-31,Secretary of Agriculture,Disaster Declared,,2027-03-31,,Fairfax County,51059,38.82952,-77.273252
VA-20032,Virginia,Drought,2026-04-01,,2026-07-31,Secretary of Agriculture,Disaster Declared,,2027-03-31,,Fauquier,51061,38.744096,-77.8215
VA-20032,Virginia,Drought,2026-04-01,,2026-07-31,Secretary of Agriculture,Disaster Declared,,2027-03-31,,Floyd,51063,36.931433,-80.350266
VA-20032,Virginia,Drought,2026-04-01,,2026-07-31,Secretary of Agriculture,Disaster Declared,,2027-03-31,,Giles,51071,37.318072,-80.698321
VA-20032,Virginia,Drought,2026-04-01,,2026-07-31,Secretary of Agriculture,Disaster Declared,,2027-03-31,,Gloucester,51073,37.403541,-76.523505
VA-20032,Virginia,Drought,2026-04-01,,2026-07-31,Secretary of Agriculture,Disaster Declared,,2027-03-31,,Goochland,51075,37.718814,-77.917626
VA-20032,Virginia,Drought,2026-04-01,,2026-07-31,Secretary of Agriculture,Disaster Declared,,2027-03-31,,Greene,51079,38.297981,-78.470163
VA-20032,Virginia,Drought,2026-04-01,,2026-07-31,Secretary of Agriculture,Disaster Declared,,2027-03-31,,Hanover,51085,37.760215,-77.491317
VA-20032,Virginia,Drought,2026-04-01,,2026-07-31,Secretary of Agriculture,Disaster Declared,,2027-03-31,,Highland,51091,38.366243,-79.564472
VA-20032,Virginia,Drought,2026-04-01,,2026-07-31,Secretary of Agriculture,Disaster Declared,,2027-03-31,,King and Queen,51097,37.717772,-76.905581
VA-20032,Virginia,Drought,2026-04-01,,2026-07-31,Secretary of Agriculture,Disaster Declared,,2027-03-31,,King George,51099,38.27718,-77.162636
VA-20032,Virginia,Drought,2026-04-01,,2026-07-31,Secretary of Agriculture,Disaster Declared,,2027-03-31,,King William,51101,37.70826,-77.091054
VA-20032,Virginia,Drought,2026-04-01,,2026-07-31,Secretary of Agriculture,Disaster Declared,,2027-03-31,,Lancaster,51103,37.704843,-76.412663
VA-20032,Virginia,Drought,2026-04-01,,2026-07-31,Secretary of Agriculture,Disaster Declared,,2027-03-31,,Louisa,51109,37.972704,-77.959795
VA-20032,Virginia,Drought,2026-04-01,,2026-07-31,Secretary of Agriculture,Disaster Declared,,2027-03-31,,Madison,51113,38.412059,-78.276961
VA-20032,Virginia,Drought,2026-04-01,,2026-07-31,Secretary of Agriculture,Disaster Declared,,2027-03-31,,Mathews,51115,37.425348,-76.268808
VA-20032,Virginia,Drought,2026-04-01,,2026-07-31,Secretary of Agriculture,Disaster Declared,,2027-03-31,,Middlesex,51119,37.606975,-76.528082
VA-20032,Virginia,Drought,2026-04-01,,2026-07-31,Secretary of Agriculture,Disaster Declared,,2027-03-31,,Montgomery,51121,37.175538,-80.387794
VA-20032,Virginia,Drought,2026-04-01,,2026-07-31,Secretary of Agriculture,Disaster Declared,,2027-03-31,,Northampton,51131,37.302775,-75.924018
VA-20032,Virginia,Drought,2026-04-01,,2026-07-31,Secretary of Agriculture,Disaster Declared,,2027-03-31,,Northumberland,51133,37.856974,-76.379687
VA-20032,Virginia,Drought,2026-04-01,,2026-07-31,Secretary of Agriculture,Disaster Declared,,2027-03-31,,Nottoway,51135,37.141167,-78.053866
VA-20032,Virginia,Drought,2026-04-01,,2026-07-31,Secretary of Agriculture,Disaster Declared,,2027-03-31,,Orange,51137,38.249326,-78.011092
VA-20032,Virginia,Drought,2026-04-01,,2026-07-31,Secretary of Agriculture,Disaster Declared,,2027-03-31,,Page,51139,38.623209,-78.491872
VA-20032,Virginia,Drought,2026-04-01,,2026-07-31,Secretary of Agriculture,Disaster Declared,,2027-03-31,,Powhatan,51145,37.549404,-77.912855
VA-20032,Virginia,Drought,2026-04-01,,2026-07-31,Secretary of Agriculture,Disaster Declared,,2027-03-31,,Prince William,51153,38.701119,-77.479579
VA-20032,Virginia,Drought,2026-04-01,,2026-07-31,Secretary of Agriculture,Disaster Declared,,2027-03-31,,Pulaski,51155,37.063385,-80.713444
VA-20032,Virginia,Drought,2026-04-01,,2026-07-31,Secretary of Agriculture,Disaster Declared,,2027-03-31,,Rappahannock,51157,38.684522,-78.168824
VA-20032,Virginia,Drought,2026-04-01,,2026-07-31,Secretary of Agriculture,Disaster Declared,,2027-03-31,,Richmond County,51159,37.942894,-76.730561
VA-20032,Virginia,Drought,2026-04-01,,2026-07-31,Secretary of Agriculture,Disaster Declared,,2027-03-31,,Rockbridge,51163,37.814517,-79.447754
VA-20032,Virginia,Drought,2026-04-01,,2026-07-31,Secretary of Agriculture,Disaster Declared,,2027-03-31,,Rockingham,51165,38.507585,-78.885321
VA-20032,Virginia,Drought,2026-04-01,,2026-07-31,Secretary of Agriculture,Disaster Declared,,2027-03-31,,Russell,51167,36.93342,-82.095934
VA-20032,Virginia,Drought,2026-04-01,,2026-07-31,Secretary of Agriculture,Disaster Declared,,2027-03-31,,Spotsylvania,51177,38.182431,-77.657226
VA-20032,Virginia,Drought,2026-04-01,,2026-07-31,Secretary of Agriculture,Disaster Declared,,2027-03-31,,Stafford,51179,38.423084,-77.458048
VA-20032,Virginia,Drought,2026-04-01,,2026-07-31,Secretary of Agriculture,Disaster Declared,,2027-03-31,,Westmoreland,51193,38.109311,-76.803933
VA-20032,Virginia,Drought,2026-04-01,,2026-07-31,Secretary of Agriculture,Disaster Declared,,2027-03-31,,Roanoke County,51161,37.330792,-80.191237
IA-20016,Iowa,Drought,2026-04-01,,2026-07-28,Secretary of Agriculture,Disaster Declared,,2027-03-29,,Lyon,19119,43.38358,-96.207201
OH-20016,Ohio,Drought,2026-04-01,,2026-04-15,Secretary of Agriculture,Disaster Declared,,2026-12-15,,Defiance,39039,41.321679,-84.486433
OH-20016,Ohio,Drought,2026-04-01,,2026-04-15,Secretary of Agriculture,Disaster Declared,,2026-12-15,,Hancock,39063,41.000217,-83.665947
OH-20016,Ohio,Drought,2026-04-01,,2026-04-15,Secretary of Agriculture,Disaster Declared,,2026-12-15,,Henry,39069,41.331584,-84.0689
OH-20016,Ohio,Drought,2026-04-01,,2026-04-15,Secretary of Agriculture,Disaster Declared,,2026-12-15,,Paulding,39125,41.118948,-84.582125
OH-20016,Ohio,Drought,2026-04-01,,2026-04-15,Secretary of Agriculture,Disaster Declared,,2026-12-15,,Putnam,39137,41.024533,-84.129879
OH-20016,Ohio,Drought,2026-04-01,,2026-04-15,Secretary of Agriculture,Disaster Declared,,2026-12-15,,Van Wert,39161,40.85552,-84.585775
OH-20016,Ohio,Drought,2026-04-01,,2026-04-15,Secretary of Agriculture,Disaster Declared,,2026-12-15,,Wood,39173,41.360183,-83.622682
NE-20020,Nebraska,Drought,2026-04-01,,2026-04-15,Secretary of Agriculture,Disaster Declared,,2026-12-15,,Adams,31001,40.520632,-98.500044
NE-20020,Nebraska,Drought,2026-04-01,,2026-04-15,Secretary of Agriculture,Disaster Declared,,2026-12-15,,Antelope,31003,42.183225,-98.058037
NE-20020,Nebraska,Drought,2026-04-01,,2026-04-15,Secretary of Agriculture,Disaster Declared,,2026-12-15,,Arthur,31005,41.57193,-101.695917
NE-20020,Nebraska,Drought,2026-04-01,,2026-04-15,Secretary of Agriculture,Disaster Declared,,2026-12-15,,Banner,31007,41.53975,-103.726263
NE-20020,Nebraska,Drought,2026-04-01,,2026-04-15,Secretary of Agriculture,Disaster Declared,,2026-12-15,,Boone,31011,41.703934,-98.070476
NE-20020,Nebraska,Drought,2026-04-01,,2026-04-15,Secretary of Agriculture,Disaster Declared,,2026-12-15,,Box Butte,31013,42.21038,-103.081779
NE-20020,Nebraska,Drought,2026-04-01,,2026-04-15,Secretary of Agriculture,Disaster Declared,,2026-12-15,,Boyd,31015,42.894448,-98.773022
NE-20020,Nebraska,Drought,2026-04-01,,2026-04-15,Secretary of Agriculture,Disaster Declared,,2026-12-15,,Buffalo,31019,40.855265,-99.074984
NE-20020,Nebraska,Drought,2026-04-01,,2026-04-15,Secretary of Agriculture,Disaster Declared,,2026-12-15,,Butler,31023,41.226072,-97.132039
NE-20020,Nebraska,Drought,2026-04-01,,2026-04-15,Secretary of Agriculture,Disaster Declared,,2026-12-15,,Cedar,31027,42.60456,-97.25687
NE-20020,Nebraska,Drought,2026-04-01,,2026-04-15,Secretary of Agriculture,Disaster Declared,,2026-12-15,,Chase,31029,40.53039,-101.694192
NE-20020,Nebraska,Drought,2026-04-01,,2026-04-15,Secretary of Agriculture,Disaster Declared,,2026-12-15,,Cherry,31031,42.571323,-101.047653
NE-20020,Nebraska,Drought,2026-04-01,,2026-04-15,Secretary of Agriculture,Disaster Declared,,2026-12-15,,Cheyenne,31033,41.214236,-103.011929
NE-20020,Nebraska,Drought,2026-04-01,,2026-04-15,Secretary of Agriculture,Disaster Declared,,2026-12-15,,Clay,31035,40.523669,-98.050858
NE-20020,Nebraska,Drought,2026-04-01,,2026-04-15,Secretary of Agriculture,Disaster Declared,,2026-12-15,,Colfax,31037,41.57496,-97.088945
NE-20020,Nebraska,Drought,2026-04-01,,2026-04-15,Secretary of Agriculture,Disaster Declared,,2026-12-15,,Dawes,31045,42.713038,-103.135436
NE-20020,Nebraska,Drought,2026-04-01,,2026-04-15,Secretary of Agriculture,Disaster Declared,,2026-12-15,,Dawson,31047,40.86784,-99.815583
NE-20020,Nebraska,Drought,2026-04-01,,2026-04-15,Secretary of Agriculture,Disaster Declared,,2026-12-15,,Deuel,31049,41.111903,-102.332609
NE-20020,Nebraska,Drought,2026-04-01,,2026-04-15,Secretary of Agriculture,Disaster Declared,,2026-12-15,,Dixon,31051,42.485086,-96.855784
NE-20020,Nebraska,Drought,2026-04-01,,2026-04-15,Secretary of Agriculture,Disaster Declared,,2026-12-15,,Dundy,31057,40.180165,-101.681133
NE-20020,Nebraska,Drought,2026-04-01,,2026-04-15,Secretary of Agriculture,Disaster Declared,,2026-12-15,,Frontier,31063,40.530947,-100.406683
NE-20020,Nebraska,Drought,2026-04-01,,2026-04-15,Secretary of Agriculture,Disaster Declared,,2026-12-15,,Furnas,31065,40.191865,-99.909663
NE-20020,Nebraska,Drought,2026-04-01,,2026-04-15,Secretary of Agriculture,Disaster Declared,,2026-12-15,,Garden,31069,41.633364,-102.302985
NE-20020,Nebraska,Drought,2026-04-01,,2026-04-15,Secretary of Agriculture,Disaster Declared,,2026-12-15,,Garfield,31071,41.906868,-98.951231
NE-20020,Nebraska,Drought,2026-04-01,,2026-04-15,Secretary of Agriculture,Disaster Declared,,2026-12-15,,Gosper,31073,40.509095,-99.823206
NE-20020,Nebraska,Drought,2026-04-01,,2026-04-15,Secretary of Agriculture,Disaster Declared,,2026-12-15,,Grant,31075,41.913957,-101.755965
NE-20020,Nebraska,Drought,2026-04-01,,2026-04-15,Secretary of Agriculture,Disaster Declared,,2026-12-15,,Greeley,31077,41.567571,-98.530565
NE-20020,Nebraska,Drought,2026-04-01,,2026-04-15,Secretary of Agriculture,Disaster Declared,,2026-12-15,,Hall,31079,40.866027,-98.502664
NE-20020,Nebraska,Drought,2026-04-01,,2026-04-15,Secretary of Agriculture,Disaster Declared,,2026-12-15,,Hamilton,31081,40.872817,-98.022329
NE-20020,Nebraska,Drought,2026-04-01,,2026-04-15,Secretary of Agriculture,Disaster Declared,,2026-12-15,,Hayes,31085,40.537234,-101.047963
NE-20020,Nebraska,Drought,2026-04-01,,2026-04-15,Secretary of Agriculture,Disaster Declared,,2026-12-15,,Hitchcock,31087,40.176896,-101.044217
NE-20020,Nebraska,Drought,2026-04-01,,2026-04-15,Secretary of Agriculture,Disaster Declared,,2026-12-15,,Holt,31089,42.459287,-98.784766
NE-20020,Nebraska,Drought,2026-04-01,,2026-04-15,Secretary of Agriculture,Disaster Declared,,2026-12-15,,Hooker,31091,41.920317,-101.117324
NE-20020,Nebraska,Drought,2026-04-01,,2026-04-15,Secretary of Agriculture,Disaster Declared,,2026-12-15,,Howard,31093,41.216851,-98.513342
NE-20020,Nebraska,Drought,2026-04-01,,2026-04-15,Secretary of Agriculture,Disaster Declared,,2026-12-15,,Kearney,31099,40.50912,-98.947602
NE-20020,Nebraska,Drought,2026-04-01,,2026-04-15,Secretary of Agriculture,Disaster Declared,,2026-12-15,,Keith,31101,41.194245,-101.644449
NE-20020,Nebraska,Drought,2026-04-01,,2026-04-15,Secretary of Agriculture,Disaster Declared,,2026-12-15,,Kimball,31105,41.199274,-103.703153
NE-20020,Nebraska,Drought,2026-04-01,,2026-04-15,Secretary of Agriculture,Disaster Declared,,2026-12-15,,Knox,31107,42.634404,-97.891349
NE-20020,Nebraska,Drought,2026-04-01,,2026-04-15,Secretary of Agriculture,Disaster Declared,,2026-12-15,,Lincoln,31111,41.050322,-100.744481
NE-20020,Nebraska,Drought,2026-04-01,,2026-04-15,Secretary of Agriculture,Disaster Declared,,2026-12-15,,Loup,31115,41.903183,-99.509852
NE-20020,Nebraska,Drought,2026-04-01,,2026-04-15,Secretary of Agriculture,Disaster Declared,,2026-12-15,,McPherson,31117,41.648414,-101.120851
NE-20020,Nebraska,Drought,2026-04-01,,2026-04-15,Secretary of Agriculture,Disaster Declared,,2026-12-15,,Madison,31119,41.909929,-97.606856
NE-20020,Nebraska,Drought,2026-04-01,,2026-04-15,Secretary of Agriculture,Disaster Declared,,2026-12-15,,Merrick,31121,41.16979,-98.031057
NE-20020,Nebraska,Drought,2026-04-01,,2026-04-15,Secretary of Agriculture,Disaster Declared,,2026-12-15,,Morrill,31123,41.732204,-102.990594
NE-20020,Nebraska,Drought,2026-04-01,,2026-04-15,Secretary of Agriculture,Disaster Declared,,2026-12-15,,Nance,31125,41.402385,-97.991408
NE-20020,Nebraska,Drought,2026-04-01,,2026-04-15,Secretary of Agriculture,Disaster Declared,,2026-12-15,,Perkins,31135,40.857646,-101.627468
NE-20020,Nebraska,Drought,2026-04-01,,2026-04-15,Secretary of Agriculture,Disaster Declared,,2026-12-15,,Phelps,31137,40.516365,-99.406557
NE-20020,Nebraska,Drought,2026-04-01,,2026-04-15,Secretary of Agriculture,Disaster Declared,,2026-12-15,,Pierce,31139,42.271413,-97.610992
NE-20020,Nebraska,Drought,2026-04-01,,2026-04-15,Secretary of Agriculture,Disaster Declared,,2026-12-15,,Platte,31141,41.576866,-97.513467
NE-20020,Nebraska,Drought,2026-04-01,,2026-04-15,Secretary of Agriculture,Disaster Declared,,2026-12-15,,Polk,31143,41.187925,-97.570663
NE-20020,Nebraska,Drought,2026-04-01,,2026-04-15,Secretary of Agriculture,Disaster Declared,,2026-12-15,,Red Willow,31145,40.16942,-100.468576
NE-20020,Nebraska,Drought,2026-04-01,,2026-04-15,Secretary of Agriculture,Disaster Declared,,2026-12-15,,Scotts Bluff,31157,41.850331,-103.701549
NE-20020,Nebraska,Drought,2026-04-01,,2026-04-15,Secretary of Agriculture,Disaster Declared,,2026-12-15,,Seward,31159,40.871944,-97.140383
NE-20020,Nebraska,Drought,2026-04-01,,2026-04-15,Secretary of Agriculture,Disaster Declared,,2026-12-15,,Sheridan,31161,42.512289,-102.36828
NE-20020,Nebraska,Drought,2026-04-01,,2026-04-15,Secretary of Agriculture,Disaster Declared,,2026-12-15,,Sherman,31163,41.218743,-98.972849
NE-20020,Nebraska,Drought,2026-04-01,,2026-04-15,Secretary of Agriculture,Disaster Declared,,2026-12-15,,Sioux,31165,42.470668,-103.73217
NE-20020,Nebraska,Drought,2026-04-01,,2026-04-15,Secretary of Agriculture,Disaster Declared,,2026-12-15,,Valley,31175,41.564094,-98.983484
NE-20020,Nebraska,Drought,2026-04-01,,2026-04-15,Secretary of Agriculture,Disaster Declared,,2026-12-15,,Wayne,31179,42.210746,-97.126243
NE-20020,Nebraska,Drought,2026-04-01,,2026-04-15,Secretary of Agriculture,Disaster Declared,,2026-12-15,,Wheeler,31183,41.922575,-98.520853
NE-20020,Nebraska,Drought,2026-04-01,,2026-04-15,Secretary of Agriculture,Disaster Declared,,2026-12-15,,York,31185,40.873056,-97.596742
NE-20020,Nebraska,Drought,2026-04-01,,2026-04-15,Secretary of Agriculture,Disaster Declared,,2026-12-15,,Custer,31041,41.393893,-99.726866
NV-20006,Nevada,Drought,2026-03-31,,2026-04-24,Secretary of Agriculture,Disaster Declared,,2026-12-24,,Humboldt,32013,41.407914,-118.127591
KS-20032,Kansas,Drought,2026-03-31,,2026-04-24,Secretary of Agriculture,Disaster Declared,,2026-12-24,,Cheyenne,20023,39.789917,-101.727325
KS-20032,Kansas,Drought,2026-03-31,,2026-04-24,Secretary of Agriculture,Disaster Declared,,2026-12-24,,Meade,20119,37.243886,-100.360094
NM-20028,New Mexico,Drought,2026-03-31,,2026-07-28,Secretary of Agriculture,Disaster Declared,,2027-03-29,,Curry,35009,34.572984,-103.346055
NM-20028,New Mexico,Drought,2026-03-31,,2026-07-28,Secretary of Agriculture,Disaster Declared,,2027-03-29,,De Baca,35011,34.359273,-104.368696
NM-20028,New Mexico,Drought,2026-03-31,,2026-07-28,Secretary of Agriculture,Disaster Declared,,2027-03-29,,Guadalupe,35019,34.869782,-104.784968
NM-20028,New Mexico,Drought,2026-03-31,,2026-07-28,Secretary of Agriculture,Disaster Declared,,2027-03-29,,Roosevelt,35041,34.021207,-103.483004
NM-20028,New Mexico,Drought,2026-03-31,,2026-07-28,Secretary of Agriculture,Disaster Declared,,2027-03-29,,San Miguel,35047,35.476859,-104.803519
NM-20028,New Mexico,Drought,2026-03-31,,2026-07-28,Secretary of Agriculture,Disaster Declared,,2027-03-29,,Santa Fe,35049,35.514531,-105.963972
NM-20028,New Mexico,Drought,2026-03-31,,2026-07-28,Secretary of Agriculture,Disaster Declared,,2027-03-29,,Torrance,35057,34.554978,-105.890557
NM-20023,New Mexico,Drought,2026-03-31,,2026-04-24,Secretary of Agriculture,Disaster Declared,,2026-12-24,,Colfax,35007,36.612964,-104.64011
UT-20019,Utah,Drought,2026-03-31,,2026-08-03,Secretary of Agriculture,Disaster Declared,,2027-04-05,,Cache,49005,41.734117,-111.745399
UT-20019,Utah,Drought,2026-03-31,,2026-08-03,Secretary of Agriculture,Disaster Declared,,2027-04-05,,Davis,49011,41.037559,-112.201943
UT-20019,Utah,Drought,2026-03-31,,2026-08-03,Secretary of Agriculture,Disaster Declared,,2027-04-05,,Salt Lake,49035,40.667883,-111.92424
UT-20019,Utah,Drought,2026-03-31,,2026-08-03,Secretary of Agriculture,Disaster Declared,,2027-04-05,,Washington,49053,37.262531,-113.4878
UT-20019,Utah,Drought,2026-03-31,,2026-08-03,Secretary of Agriculture,Disaster Declared,,2027-04-05,,Weber,49057,41.270325,-111.876883
LA-20022,Louisiana,Drought,2026-03-31,,2026-07-28,Secretary of Agriculture,Disaster Declared,,2027-03-29,,Cameron,22023,29.871812,-93.164948
MO-20032,Missouri,Drought,2026-03-31,,2026-07-28,Secretary of Agriculture,Disaster Declared,,2027-03-29,,Cape Girardeau,29031,37.384141,-89.685658
MO-20032,Missouri,Drought,2026-03-31,,2026-07-28,Secretary of Agriculture,Disaster Declared,,2027-03-29,,Mississippi,29133,36.826264,-89.295929
MO-20032,Missouri,Drought,2026-03-31,,2026-07-28,Secretary of Agriculture,Disaster Declared,,2027-03-29,,Scott,29201,37.047793,-89.568098
CO-20033,Colorado,Drought,2026-03-31,,2026-07-28,Secretary of Agriculture,Disaster Declared,,2027-03-29,,Cheyenne,08017,38.835646,-102.601791
CO-20033,Colorado,Drought,2026-03-31,,2026-07-28,Secretary of Agriculture,Disaster Declared,,2027-03-29,,Crowley,08025,38.30618,-103.772736
CO-20033,Colorado,Drought,2026-03-31,,2026-07-28,Secretary of Agriculture,Disaster Declared,,2027-03-29,,Fremont,08043,38.45517,-105.424958
CO-20033,Colorado,Drought,2026-03-31,,2026-07-28,Secretary of Agriculture,Disaster Declared,,2027-03-29,,Kiowa,08061,38.387663,-102.756849
CO-20033,Colorado,Drought,2026-03-31,,2026-07-28,Secretary of Agriculture,Disaster Declared,,2027-03-29,,Morgan,08087,40.263159,-103.81221
ID-20034,Idaho,Drought,2026-03-31,,2026-07-28,Secretary of Agriculture,Disaster Declared,,2027-03-29,,Adams,16003,44.877004,-116.461624
ID-20034,Idaho,Drought,2026-03-31,,2026-07-28,Secretary of Agriculture,Disaster Declared,,2027-03-29,,Benewah,16009,47.218451,-116.633541
ID-20034,Idaho,Drought,2026-03-31,,2026-07-28,Secretary of Agriculture,Disaster Declared,,2027-03-29,,Clark,16033,44.290218,-112.354613
ID-20034,Idaho,Drought,2026-03-31,,2026-07-28,Secretary of Agriculture,Disaster Declared,,2027-03-29,,Elmore,16039,43.394698,-115.471205
ID-20034,Idaho,Drought,2026-03-31,,2026-07-28,Secretary of Agriculture,Disaster Declared,,2027-03-29,,Gem,16045,44.061473,-116.398784
ID-20034,Idaho,Drought,2026-03-31,,2026-07-28,Secretary of Agriculture,Disaster Declared,,2027-03-29,,Gooding,16047,42.973185,-114.82142
ID-20034,Idaho,Drought,2026-03-31,,2026-07-28,Secretary of Agriculture,Disaster Declared,,2027-03-29,,Jerome,16053,42.691395,-114.262086
ID-20034,Idaho,Drought,2026-03-31,,2026-07-28,Secretary of Agriculture,Disaster Declared,,2027-03-29,,Kootenai,16055,47.675957,-116.695919
ID-20034,Idaho,Drought,2026-03-31,,2026-07-28,Secretary of Agriculture,Disaster Declared,,2027-03-29,,Lemhi,16059,44.928506,-113.887042
ID-20034,Idaho,Drought,2026-03-31,,2026-07-28,Secretary of Agriculture,Disaster Declared,,2027-03-29,,Lewis,16061,46.236328,-116.42376
ID-20034,Idaho,Drought,2026-03-31,,2026-07-28,Secretary of Agriculture,Disaster Declared,,2027-03-29,,Lincoln,16063,42.990782,-114.153089
ID-20034,Idaho,Drought,2026-03-31,,2026-07-28,Secretary of Agriculture,Disaster Declared,,2027-03-29,,Nez Perce,16069,46.333791,-116.760909
ID-20034,Idaho,Drought,2026-03-31,,2026-07-28,Secretary of Agriculture,Disaster Declared,,2027-03-29,,Teton,16081,43.760994,-111.211765
ID-20034,Idaho,Drought,2026-03-31,,2026-07-28,Secretary of Agriculture,Disaster Declared,,2027-03-29,,Washington,16087,44.448223,-116.797792
OK-20041,Oklahoma,Drought,2026-03-31,,2026-07-28,Secretary of Agriculture,Disaster Declared,,2027-03-29,,Alfalfa,40003,36.729703,-98.323445
OK-20041,Oklahoma,Drought,2026-03-31,,2026-07-28,Secretary of Agriculture,Disaster Declared,,2027-03-29,,Grant,40053,36.788254,-97.788151
UT-20016,Utah,Drought,2026-03-31,,2026-04-10,Secretary of Agriculture,Disaster Declared,,2026-12-10,,Iron,49021,37.909304,-113.30674
UT-20016,Utah,Drought,2026-03-31,,2026-04-10,Secretary of Agriculture,Disaster Declared,,2026-12-10,,Kane,49025,37.275089,-111.815329
OR-20022,Oregon,Drought,2026-03-31,,2026-04-15,Secretary of Agriculture,Disaster Declared,,2026-12-15,,Malheur,41045,43.188625,-117.603191
NC-20029,North Carolina,Drought,2026-03-31,,2026-07-28,Secretary of Agriculture,Disaster Declared,,2027-03-29,,Beaufort,37013,35.482313,-76.842014
NC-20029,North Carolina,Drought,2026-03-31,,2026-07-28,Secretary of Agriculture,Disaster Declared,,2027-03-29,,Carteret,37031,34.858343,-76.53586
NC-20029,North Carolina,Drought,2026-03-31,,2026-07-28,Secretary of Agriculture,Disaster Declared,,2027-03-29,,Chowan,37041,36.128979,-76.602752
NC-20029,North Carolina,Drought,2026-03-31,,2026-07-28,Secretary of Agriculture,Disaster Declared,,2027-03-29,,Craven,37049,35.116829,-77.08132
NC-20029,North Carolina,Drought,2026-03-31,,2026-07-28,Secretary of Agriculture,Disaster Declared,,2027-03-29,,Currituck,37053,36.372174,-75.941224
NC-20029,North Carolina,Drought,2026-03-31,,2026-07-28,Secretary of Agriculture,Disaster Declared,,2027-03-29,,Dare,37055,35.606269,-75.767536
NC-20029,North Carolina,Drought,2026-03-31,,2026-07-28,Secretary of Agriculture,Disaster Declared,,2027-03-29,,Hyde,37095,35.408157,-76.153687
NC-20029,North Carolina,Drought,2026-03-31,,2026-07-28,Secretary of Agriculture,Disaster Declared,,2027-03-29,,Jones,37103,35.032268,-77.356195
NC-20029,North Carolina,Drought,2026-03-31,,2026-07-28,Secretary of Agriculture,Disaster Declared,,2027-03-29,,Lenoir,37107,35.240066,-77.635514
NC-20029,North Carolina,Drought,2026-03-31,,2026-07-28,Secretary of Agriculture,Disaster Declared,,2027-03-29,,New Hanover,37129,34.183445,-77.864204
NC-20029,North Carolina,Drought,2026-03-31,,2026-07-28,Secretary of Agriculture,Disaster Declared,,2027-03-29,,Onslow,37133,34.763109,-77.499469
NC-20029,North Carolina,Drought,2026-03-31,,2026-07-28,Secretary of Agriculture,Disaster Declared,,2027-03-29,,Pamlico,37137,35.147575,-76.665268
NC-20029,North Carolina,Drought,2026-03-31,,2026-07-28,Secretary of Agriculture,Disaster Declared,,2027-03-29,,Tyrrell,37177,35.87042,-76.165345
NC-20029,North Carolina,Drought,2026-03-31,,2026-07-28,Secretary of Agriculture,Disaster Declared,,2027-03-29,,Washington,37187,35.844713,-76.572291
TX-20088,Texas,Drought,2026-03-31,,2026-07-28,Secretary of Agriculture,Disaster Declared,,2027-03-29,,Bailey,48017,34.067521,-102.830345
TX-20088,Texas,Drought,2026-03-31,,2026-07-28,Secretary of Agriculture,Disaster Declared,,2027-03-29,,Cochran,48079,33.60844,-102.830449
TX-20088,Texas,Drought,2026-03-31,,2026-07-28,Secretary of Agriculture,Disaster Declared,,2027-03-29,,Nolan,48353,32.312338,-100.418108
WY-20018,Wyoming,Drought,2026-03-31,,2026-04-10,Secretary of Agriculture,Disaster Declared,,2026-12-10,,Natrona,56025,42.977645,-106.768219
WY-20018,Wyoming,Drought,2026-03-31,,2026-04-10,Secretary of Agriculture,Disaster Declared,,2026-12-10,,Washakie,56043,43.878831,-107.669052
MS-20025,Mississippi,Drought,2026-03-31,,2026-07-28,Secretary of Agriculture,Disaster Declared,,2027-03-29,,Jackson,28059,30.456005,-88.625101
NY-20045,New York,"Excessive Rain, Flooding, and Flash Flooding",2026-03-31,2026-04-01,2026-07-23,Secretary of Agriculture,Disaster Declared,,2027-03-23,,Erie,36029,42.752759,-78.778192
OR-20024,Oregon,Drought,2026-03-24,,2026-07-01,Secretary of Agriculture,Disaster Declared,,2027-03-01,,Crook,41013,44.163054,-120.371585
OR-20024,Oregon,Drought,2026-03-24,,2026-07-01,Secretary of Agriculture,Disaster Declared,,2027-03-01,,Deschutes,41017,43.915118,-121.225575
OR-20024,Oregon,Drought,2026-03-24,,2026-07-01,Secretary of Agriculture,Disaster Declared,,2027-03-01,,Douglas,41019,43.286328,-123.154476
OR-20024,Oregon,Drought,2026-03-24,,2026-07-01,Secretary of Agriculture,Disaster Declared,,2027-03-01,,Jackson,41029,42.411621,-122.675611
OR-20024,Oregon,Drought,2026-03-24,,2026-07-01,Secretary of Agriculture,Disaster Declared,,2027-03-01,,Jefferson,41031,44.645151,-121.178632
OR-20024,Oregon,Drought,2026-03-24,,2026-07-01,Secretary of Agriculture,Disaster Declared,,2027-03-01,,Klamath,41035,42.683761,-121.646168
OR-20024,Oregon,Drought,2026-03-24,,2026-07-01,Secretary of Agriculture,Disaster Declared,,2027-03-01,,Lane,41039,43.928334,-122.897581
OR-20024,Oregon,Drought,2026-03-24,,2026-07-01,Secretary of Agriculture,Disaster Declared,,2027-03-01,,Linn,41043,44.488898,-122.537208
OR-20024,Oregon,Drought,2026-03-24,,2026-07-01,Secretary of Agriculture,Disaster Declared,,2027-03-01,,Marion,41047,44.900898,-122.57626
OR-20024,Oregon,Drought,2026-03-24,,2026-07-01,Secretary of Agriculture,Disaster Declared,,2027-03-01,,Wheeler,41069,44.736415,-120.026861
TX-20087,Texas,Drought,2026-03-24,,2026-07-10,Secretary of Agriculture,Disaster Declared,,2027-03-10,,Gregg,48183,32.486401,-94.816277
LA-20020,Louisiana,Drought,2026-03-24,,2026-07-01,Secretary of Agriculture,Disaster Declared,,2027-03-01,,Calcasieu,22019,30.229559,-93.358015
AZ-20022,Arizona,Drought,2026-03-24,,2026-06-29,Secretary of Agriculture,Disaster Declared,,2027-03-01,,Coconino,04005,35.829692,-111.773728
AZ-20022,Arizona,Drought,2026-03-24,,2026-06-29,Secretary of Agriculture,Disaster Declared,,2027-03-01,,Maricopa,04013,33.345176,-112.49893
NC-20024,North Carolina,Drought,2026-03-24,,2026-04-15,Secretary of Agriculture,Disaster Declared,,2026-12-15,,Anson,37007,34.974972,-80.109763
NC-20024,North Carolina,Drought,2026-03-24,,2026-04-15,Secretary of Agriculture,Disaster Declared,,2026-12-15,,Graham,37075,35.348364,-83.830915
NC-20024,North Carolina,Drought,2026-03-24,,2026-04-15,Secretary of Agriculture,Disaster Declared,,2026-12-15,,Jackson,37099,35.285454,-83.123966
NM-20026,New Mexico,Drought,2026-03-17,,2026-07-01,Secretary of Agriculture,Disaster Declared,,2027-03-01,,Mora,35033,35.982841,-104.921898
NM-20026,New Mexico,Drought,2026-03-17,,2026-07-01,Secretary of Agriculture,Disaster Declared,,2027-03-01,,Harding,35021,35.859352,-103.853424
NM-20026,New Mexico,Drought,2026-03-17,,2026-07-01,Secretary of Agriculture,Disaster Declared,,2027-03-01,,Quay,35037,35.107018,-103.548071
CO-20031,Colorado,Drought,2026-03-17,,2026-06-29,Secretary of Agriculture,Disaster Declared,,2027-03-01,,Alamosa,08003,37.568442,-105.788041
SD-20022,South Dakota,Drought,2026-03-17,,2026-07-10,Secretary of Agriculture,Disaster Declared,,2027-03-10,,Aurora,46003,43.724719,-98.577587
VA-20028,Virginia,Frost and Freeze,2026-03-17,2026-05-04,2026-06-26,Secretary of Agriculture,Disaster Declared,,2027-02-26,,Albemarle,51003,38.024184,-78.553506
VA-20028,Virginia,Frost and Freeze,2026-03-17,2026-05-04,2026-06-26,Secretary of Agriculture,Disaster Declared,,2027-02-26,,Amherst,51009,37.629304,-79.154667
VA-20028,Virginia,Frost and Freeze,2026-03-17,2026-05-04,2026-06-26,Secretary of Agriculture,Disaster Declared,,2027-02-26,,Augusta,51015,38.17259,-79.140975
VA-20028,Virginia,Frost and Freeze,2026-03-17,2026-05-04,2026-06-26,Secretary of Agriculture,Disaster Declared,,2027-02-26,,Bedford County,51019,37.312257,-79.527223
VA-20028,Virginia,Frost and Freeze,2026-03-17,2026-05-04,2026-06-26,Secretary of Agriculture,Disaster Declared,,2027-02-26,,Botetourt,51023,37.565482,-79.797546
VA-20028,Virginia,Frost and Freeze,2026-03-17,2026-05-04,2026-06-26,Secretary of Agriculture,Disaster Declared,,2027-02-26,,Buckingham,51029,37.573928,-78.529169
VA-20028,Virginia,Frost and Freeze,2026-03-17,2026-05-04,2026-06-26,Secretary of Agriculture,Disaster Declared,,2027-02-26,,Caroline,51033,38.028033,-77.353736
VA-20028,Virginia,Frost and Freeze,2026-03-17,2026-05-04,2026-06-26,Secretary of Agriculture,Disaster Declared,,2027-02-26,,Clarke,51043,39.115307,-77.990748
VA-20028,Virginia,Frost and Freeze,2026-03-17,2026-05-04,2026-06-26,Secretary of Agriculture,Disaster Declared,,2027-02-26,,Culpeper,51047,38.48593,-77.956476
VA-20028,Virginia,Frost and Freeze,2026-03-17,2026-05-04,2026-06-26,Secretary of Agriculture,Disaster Declared,,2027-02-26,,Cumberland,51049,37.520189,-78.252836
VA-20028,Virginia,Frost and Freeze,2026-03-17,2026-05-04,2026-06-26,Secretary of Agriculture,Disaster Declared,,2027-02-26,,Dinwiddie,51053,37.073498,-77.635492
VA-20028,Virginia,Frost and Freeze,2026-03-17,2026-05-04,2026-06-26,Secretary of Agriculture,Disaster Declared,,2027-02-26,,Essex,51057,37.936389,-76.933747
VA-20028,Virginia,Frost and Freeze,2026-03-17,2026-05-04,2026-06-26,Secretary of Agriculture,Disaster Declared,,2027-02-26,,Fairfax County,51059,38.82952,-77.273252
VA-20028,Virginia,Frost and Freeze,2026-03-17,2026-05-04,2026-06-26,Secretary of Agriculture,Disaster Declared,,2027-02-26,,Fauquier,51061,38.744096,-77.8215
VA-20028,Virginia,Frost and Freeze,2026-03-17,2026-05-04,2026-06-26,Secretary of Agriculture,Disaster Declared,,2027-02-26,,Floyd,51063,36.931433,-80.350266
VA-20028,Virginia,Frost and Freeze,2026-03-17,2026-05-04,2026-06-26,Secretary of Agriculture,Disaster Declared,,2027-02-26,,Fluvanna,51065,37.830584,-78.283494
VA-20028,Virginia,Frost and Freeze,2026-03-17,2026-05-04,2026-06-26,Secretary of Agriculture,Disaster Declared,,2027-02-26,,Frederick,51069,39.20366,-78.263829
VA-20028,Virginia,Frost and Freeze,2026-03-17,2026-05-04,2026-06-26,Secretary of Agriculture,Disaster Declared,,2027-02-26,,Giles,51071,37.318072,-80.698321
VA-20028,Virginia,Frost and Freeze,2026-03-17,2026-05-04,2026-06-26,Secretary of Agriculture,Disaster Declared,,2027-02-26,,Gloucester,51073,37.403541,-76.523505
VA-20028,Virginia,Frost and Freeze,2026-03-17,2026-05-04,2026-06-26,Secretary of Agriculture,Disaster Declared,,2027-02-26,,Goochland,51075,37.718814,-77.917626
VA-20028,Virginia,Frost and Freeze,2026-03-17,2026-05-04,2026-06-26,Secretary of Agriculture,Disaster Declared,,2027-02-26,,Greene,51079,38.297981,-78.470163
VA-20028,Virginia,Frost and Freeze,2026-03-17,2026-05-04,2026-06-26,Secretary of Agriculture,Disaster Declared,,2027-02-26,,Halifax,51083,36.766461,-78.939614
VA-20028,Virginia,Frost and Freeze,2026-03-17,2026-05-04,2026-06-26,Secretary of Agriculture,Disaster Declared,,2027-02-26,,Hanover,51085,37.760215,-77.491317
VA-20028,Virginia,Frost and Freeze,2026-03-17,2026-05-04,2026-06-26,Secretary of Agriculture,Disaster Declared,,2027-02-26,,Henry,51089,36.620612,-79.980662
VA-20028,Virginia,Frost and Freeze,2026-03-17,2026-05-04,2026-06-26,Secretary of Agriculture,Disaster Declared,,2027-02-26,,Highland,51091,38.366243,-79.564472
VA-20028,Virginia,Frost and Freeze,2026-03-17,2026-05-04,2026-06-26,Secretary of Agriculture,Disaster Declared,,2027-02-26,,Loudoun,51107,39.0812,-77.638898
VA-20028,Virginia,Frost and Freeze,2026-03-17,2026-05-04,2026-06-26,Secretary of Agriculture,Disaster Declared,,2027-02-26,,Louisa,51109,37.972704,-77.959795
VA-20028,Virginia,Frost and Freeze,2026-03-17,2026-05-04,2026-06-26,Secretary of Agriculture,Disaster Declared,,2027-02-26,,Madison,51113,38.412059,-78.276961
VA-20028,Virginia,Frost and Freeze,2026-03-17,2026-05-04,2026-06-26,Secretary of Agriculture,Disaster Declared,,2027-02-26,,Montgomery,51121,37.175538,-80.387794
VA-20028,Virginia,Frost and Freeze,2026-03-17,2026-05-04,2026-06-26,Secretary of Agriculture,Disaster Declared,,2027-02-26,,Nelson,51125,37.789079,-78.88344
VA-20028,Virginia,Frost and Freeze,2026-03-17,2026-05-04,2026-06-26,Secretary of Agriculture,Disaster Declared,,2027-02-26,,New Kent,51127,37.51016,-76.999331
VA-20028,Virginia,Frost and Freeze,2026-03-17,2026-05-04,2026-06-26,Secretary of Agriculture,Disaster Declared,,2027-02-26,,Orange,51137,38.249326,-78.011092
VA-20028,Virginia,Frost and Freeze,2026-03-17,2026-05-04,2026-06-26,Secretary of Agriculture,Disaster Declared,,2027-02-26,,Page,51139,38.623209,-78.491872
VA-20028,Virginia,Frost and Freeze,2026-03-17,2026-05-04,2026-06-26,Secretary of Agriculture,Disaster Declared,,2027-02-26,,Pittsylvania,51143,36.821721,-79.398502
VA-20028,Virginia,Frost and Freeze,2026-03-17,2026-05-04,2026-06-26,Secretary of Agriculture,Disaster Declared,,2027-02-26,,Prince William,51153,38.701119,-77.479579
VA-20028,Virginia,Frost and Freeze,2026-03-17,2026-05-04,2026-06-26,Secretary of Agriculture,Disaster Declared,,2027-02-26,,Pulaski,51155,37.063385,-80.713444
VA-20028,Virginia,Frost and Freeze,2026-03-17,2026-05-04,2026-06-26,Secretary of Agriculture,Disaster Declared,,2027-02-26,,Rappahannock,51157,38.684522,-78.168824
VA-20028,Virginia,Frost and Freeze,2026-03-17,2026-05-04,2026-06-26,Secretary of Agriculture,Disaster Declared,,2027-02-26,,Rockingham,51165,38.507585,-78.885321
VA-20028,Virginia,Frost and Freeze,2026-03-17,2026-05-04,2026-06-26,Secretary of Agriculture,Disaster Declared,,2027-02-26,,Shenandoah,51171,38.856204,-78.573987
VA-20028,Virginia,Frost and Freeze,2026-03-17,2026-05-04,2026-06-26,Secretary of Agriculture,Disaster Declared,,2027-02-26,,Stafford,51179,38.423084,-77.458048
VA-20028,Virginia,Frost and Freeze,2026-03-17,2026-05-04,2026-06-26,Secretary of Agriculture,Disaster Declared,,2027-02-26,,Warren,51187,38.908221,-78.207594
VA-20028,Virginia,Frost and Freeze,2026-03-17,2026-05-04,2026-06-26,Secretary of Agriculture,Disaster Declared,,2027-02-26,,Washington,51191,36.747814,-81.950322
VA-20028,Virginia,Frost and Freeze,2026-03-17,2026-05-04,2026-06-26,Secretary of Agriculture,Disaster Declared,,2027-02-26,,Wise,51195,36.974561,-82.62156
TX-20086,Texas,Drought,2026-03-17,,2026-07-10,Secretary of Agriculture,Disaster Declared,,2027-03-10,,Castro,48069,34.533621,-102.258786
TX-20086,Texas,Drought,2026-03-17,,2026-07-10,Secretary of Agriculture,Disaster Declared,,2027-03-10,,Collingsworth,48087,34.963358,-100.272135
TX-20086,Texas,Drought,2026-03-17,,2026-07-10,Secretary of Agriculture,Disaster Declared,,2027-03-10,,Deaf Smith,48117,34.940766,-102.607564
TX-20086,Texas,Drought,2026-03-17,,2026-07-10,Secretary of Agriculture,Disaster Declared,,2027-03-10,,Hartley,48205,35.840244,-102.610047
TX-20086,Texas,Drought,2026-03-17,,2026-07-10,Secretary of Agriculture,Disaster Declared,,2027-03-10,,Oldham,48359,35.401921,-102.59762
TX-20086,Texas,Drought,2026-03-17,,2026-07-10,Secretary of Agriculture,Disaster Declared,,2027-03-10,,Parmer,48369,34.532163,-102.784853
NC-20028,North Carolina,Drought,2026-03-15,,2026-07-10,Secretary of Agriculture,Disaster Declared,,2027-03-10,,Alleghany,37005,36.489356,-81.132299
NC-20028,North Carolina,Drought,2026-03-15,,2026-07-10,Secretary of Agriculture,Disaster Declared,,2027-03-10,,Greene,37079,35.481959,-77.681688
NC-20028,North Carolina,Drought,2026-03-15,,2026-07-10,Secretary of Agriculture,Disaster Declared,,2027-03-10,,Hertford,37091,36.363517,-76.981616
NC-20028,North Carolina,Drought,2026-03-15,,2026-07-10,Secretary of Agriculture,Disaster Declared,,2027-03-10,,Pender,37141,34.512556,-77.888106
NC-20028,North Carolina,Drought,2026-03-15,,2026-07-10,Secretary of Agriculture,Disaster Declared,,2027-03-10,,Pitt,37147,35.59249,-77.372739
NC-20028,North Carolina,Drought,2026-03-15,,2026-07-10,Secretary of Agriculture,Disaster Declared,,2027-03-10,,Surry,37171,36.415416,-80.686463
NC-20028,North Carolina,Drought,2026-03-15,,2026-07-10,Secretary of Agriculture,Disaster Declared,,2027-03-10,,Wayne,37191,35.35419,-78.00867
VA-20027,Virginia,Drought,2026-03-15,,2026-06-26,Secretary of Agriculture,Disaster Declared,,2027-02-26,,Albemarle,51003,38.024184,-78.553506
VA-20027,Virginia,Drought,2026-03-15,,2026-06-26,Secretary of Agriculture,Disaster Declared,,2027-02-26,,Augusta,51015,38.17259,-79.140975
VA-20027,Virginia,Drought,2026-03-15,,2026-06-26,Secretary of Agriculture,Disaster Declared,,2027-02-26,,Bedford County,51019,37.312257,-79.527223
VA-20027,Virginia,Drought,2026-03-15,,2026-06-26,Secretary of Agriculture,Disaster Declared,,2027-02-26,,Franklin County,51067,36.991186,-79.882715
VA-20027,Virginia,Drought,2026-03-15,,2026-06-26,Secretary of Agriculture,Disaster Declared,,2027-02-26,,Fluvanna,51065,37.830584,-78.283494
VA-20027,Virginia,Drought,2026-03-15,,2026-06-26,Secretary of Agriculture,Disaster Declared,,2027-02-26,,Cumberland,51049,37.520189,-78.252836
VA-20027,Virginia,Drought,2026-03-15,,2026-06-26,Secretary of Agriculture,Disaster Declared,,2027-02-26,,Carroll,51035,36.731963,-80.727831
VA-20027,Virginia,Drought,2026-03-15,,2026-06-26,Secretary of Agriculture,Disaster Declared,,2027-02-26,,Grayson,51077,36.652229,-81.215324
VA-20027,Virginia,Drought,2026-03-15,,2026-06-26,Secretary of Agriculture,Disaster Declared,,2027-02-26,,Lunenburg,51111,36.945555,-78.240528
VA-20027,Virginia,Drought,2026-03-15,,2026-06-26,Secretary of Agriculture,Disaster Declared,,2027-02-26,,Patrick,51141,36.667138,-80.286413
VA-20027,Virginia,Drought,2026-03-15,,2026-06-26,Secretary of Agriculture,Disaster Declared,,2027-02-26,,Prince Edward,51147,37.224881,-78.432957
VA-20027,Virginia,Drought,2026-03-15,,2026-06-26,Secretary of Agriculture,Disaster Declared,,2027-02-26,,Smyth,51173,36.842318,-81.539786
VA-20027,Virginia,Drought,2026-03-15,,2026-06-26,Secretary of Agriculture,Disaster Declared,,2027-02-26,,Washington,51191,36.747814,-81.950322
VA-20027,Virginia,Drought,2026-03-15,,2026-06-26,Secretary of Agriculture,Disaster Declared,,2027-02-26,,Wythe,51197,36.899867,-81.083001
VA-20027,Virginia,Drought,2026-03-15,,2026-06-26,Secretary of Agriculture,Disaster Declared,,2027-02-26,,Waynesboro,51820,38.067157,-78.90142
NE-20025,Nebraska,High Winds and Wildfires,2026-03-12,,2026-07-06,Secretary of Agriculture,Disaster Declared,,2027-03-08,,Garden,31069,41.633364,-102.302985
NE-20025,Nebraska,High Winds and Wildfires,2026-03-12,,2026-07-06,Secretary of Agriculture,Disaster Declared,,2027-03-08,,Grant,31075,41.913957,-101.755965
NE-20025,Nebraska,High Winds and Wildfires,2026-03-12,,2026-07-06,Secretary of Agriculture,Disaster Declared,,2027-03-08,,Lincoln,31111,41.050322,-100.744481
NE-20025,Nebraska,High Winds and Wildfires,2026-03-12,,2026-07-06,Secretary of Agriculture,Disaster Declared,,2027-03-08,,Morrill,31123,41.732204,-102.990594
NE-20026,Nebraska,Rural Area - Wildfires,2026-03-12,2026-04-02,2026-08-14,SBA Rural Agency,Disaster Declared,2026-10-13,2027-05-14,,Garden,31069,41.633364,-102.302985
NE-20024,Nebraska,Wildfires,2026-03-12,2026-04-02,2026-06-30,Presidential-Public Assistance,Disaster Declared,2026-08-31,2027-03-30,4920,Arthur,31005,41.57193,-101.695917
NE-20024,Nebraska,Wildfires,2026-03-12,2026-04-02,2026-06-30,Presidential-Public Assistance,Disaster Declared,2026-08-31,2027-03-30,4920,Garden,31069,41.633364,-102.302985
NE-20024,Nebraska,Wildfires,2026-03-12,2026-04-02,2026-06-30,Presidential-Public Assistance,Disaster Declared,2026-08-31,2027-03-30,4920,Grant,31075,41.913957,-101.755965
NE-20024,Nebraska,Wildfires,2026-03-12,2026-04-02,2026-06-30,Presidential-Public Assistance,Disaster Declared,2026-08-31,2027-03-30,4920,Lincoln,31111,41.050322,-100.744481
NE-20024,Nebraska,Wildfires,2026-03-12,2026-04-02,2026-06-30,Presidential-Public Assistance,Disaster Declared,2026-08-31,2027-03-30,4920,Morrill,31123,41.732204,-102.990594
ID-20033,Idaho,"Severe Storms, Straight-line Winds, Flooding, Landslides, and Mudslides",2026-03-11,2026-03-15,2026-06-30,Presidential-Public Assistance,Disaster Declared,2026-08-31,2027-03-30,4917,Benewah,16009,47.218451,-116.633541
ID-20033,Idaho,"Severe Storms, Straight-line Winds, Flooding, Landslides, and Mudslides",2026-03-11,2026-03-15,2026-06-30,Presidential-Public Assistance,Disaster Declared,2026-08-31,2027-03-30,4917,Bonner,16017,48.316796,-116.612362
ID-20033,Idaho,"Severe Storms, Straight-line Winds, Flooding, Landslides, and Mudslides",2026-03-11,2026-03-15,2026-06-30,Presidential-Public Assistance,Disaster Declared,2026-08-31,2027-03-30,4917,Clearwater,16035,46.67257,-115.6535
ID-20033,Idaho,"Severe Storms, Straight-line Winds, Flooding, Landslides, and Mudslides",2026-03-11,2026-03-15,2026-06-30,Presidential-Public Assistance,Disaster Declared,2026-08-31,2027-03-30,4917,Kootenai,16055,47.675957,-116.695919
ID-20033,Idaho,"Severe Storms, Straight-line Winds, Flooding, Landslides, and Mudslides",2026-03-11,2026-03-15,2026-06-30,Presidential-Public Assistance,Disaster Declared,2026-08-31,2027-03-30,4917,Latah,16057,46.81892,-116.730974
ID-20033,Idaho,"Severe Storms, Straight-line Winds, Flooding, Landslides, and Mudslides",2026-03-11,2026-03-15,2026-06-30,Presidential-Public Assistance,Disaster Declared,2026-08-31,2027-03-30,4917,Nez Perce,16069,46.333791,-116.760909
TN-20035,Tennessee,Drought,2026-03-10,,2026-05-19,Secretary of Agriculture,Disaster Declared,,2027-01-19,,Sullivan,47163,36.509681,-82.301336
HI-20014,Hawaii,"Severe Storms, Flooding, Landslides, and Mudslides",2026-03-10,2026-03-24,2026-04-07,Presidential-Public Assistance,Disaster Declared,2026-06-14,2027-01-07,4909,Honolulu,15003,21.461365,-158.201974
HI-20014,Hawaii,"Severe Storms, Flooding, Landslides, and Mudslides",2026-03-10,2026-03-24,2026-04-07,Presidential-Public Assistance,Disaster Declared,2026-06-14,2027-01-07,4909,Hawaii,15001,19.597764,-155.502443
HI-20014,Hawaii,"Severe Storms, Flooding, Landslides, and Mudslides",2026-03-10,2026-03-24,2026-04-07,Presidential-Public Assistance,Disaster Declared,2026-06-14,2027-01-07,4909,Maui,15009,20.855931,-156.60155
IN-20019,Indiana,Severe Storms and Tornadoes,2026-03-10,2026-03-11,2026-04-09,SBA Declaration (Agency),Disaster Declared,2026-06-08,2027-01-11,,Jasper,18073,41.017688,-87.118814
IN-20019,Indiana,Severe Storms and Tornadoes,2026-03-10,2026-03-11,2026-04-09,SBA Declaration (Agency),Disaster Declared,2026-06-08,2027-01-11,,Newton,18111,40.962399,-87.402172
IL-20024,Illinois,Severe Storm and Tornado,2026-03-10,2026-03-10,2026-04-09,SBA Declaration (Agency),Disaster Declared,2026-06-08,2027-01-11,0000,Kankakee,17091,41.13951,-87.861117
HI-20010,Hawaii,"Severe Storms, Flooding, Landslides, and Mudslides",2026-03-10,2026-03-24,2026-04-07,Presidential-Individual Assistance,Disaster Declared,2026-06-14,2027-01-07,4909,Hawaii,15001,19.597764,-155.502443
HI-20010,Hawaii,"Severe Storms, Flooding, Landslides, and Mudslides",2026-03-10,2026-03-24,2026-04-07,Presidential-Individual Assistance,Disaster Declared,2026-06-14,2027-01-07,4909,Honolulu,15003,21.461365,-158.201974
HI-20010,Hawaii,"Severe Storms, Flooding, Landslides, and Mudslides",2026-03-10,2026-03-24,2026-04-07,Presidential-Individual Assistance,Disaster Declared,2026-06-14,2027-01-07,4909,Maui,15009,20.855931,-156.60155
WA-20031,Washington,Freeze and Frost,2026-03-09,2026-03-11,2026-07-31,Secretary of Agriculture,Disaster Declared,,2027-03-31,,Okanogan,53047,48.548453,-119.742235
MI-20043,Michigan,Tornadoes,2026-03-06,2026-03-06,2026-04-28,SBA Declaration (Agency),Disaster Declared,2026-06-29,2027-01-28,0000,Branch,26023,41.918455,-85.066885
MI-20043,Michigan,Tornadoes,2026-03-06,2026-03-06,2026-04-28,SBA Declaration (Agency),Disaster Declared,2026-06-29,2027-01-28,0000,Cass,26027,41.917243,-86.000142
MI-20043,Michigan,Tornadoes,2026-03-06,2026-03-06,2026-04-28,SBA Declaration (Agency),Disaster Declared,2026-06-29,2027-01-28,0000,St. Joseph,26149,41.911488,-85.52287
ID-20028,Idaho,Drought,2026-03-03,,2026-04-10,Secretary of Agriculture,Disaster Declared,,2026-12-10,,Owyhee,16073,42.572851,-116.18969
TX-20082,Texas,Drought,2026-03-03,,2026-05-06,Secretary of Agriculture,Disaster Declared,,2027-01-06,,Andrews,48003,32.312258,-102.640206
TX-20082,Texas,Drought,2026-03-03,,2026-05-06,Secretary of Agriculture,Disaster Declared,,2027-01-06,,Armstrong,48011,34.964179,-101.356636
TX-20082,Texas,Drought,2026-03-03,,2026-05-06,Secretary of Agriculture,Disaster Declared,,2027-01-06,,Carson,48065,35.405496,-101.355356
TX-20082,Texas,Drought,2026-03-03,,2026-05-06,Secretary of Agriculture,Disaster Declared,,2027-01-06,,Dallam,48111,36.28637,-102.59402
TX-20082,Texas,Drought,2026-03-03,,2026-05-06,Secretary of Agriculture,Disaster Declared,,2027-01-06,,Donley,48129,34.955036,-100.815846
TX-20082,Texas,Drought,2026-03-03,,2026-05-06,Secretary of Agriculture,Disaster Declared,,2027-01-06,,Ector,48135,31.865301,-102.542507
TX-20082,Texas,Drought,2026-03-03,,2026-05-06,Secretary of Agriculture,Disaster Declared,,2027-01-06,,Gray,48179,35.402542,-100.812374
TX-20082,Texas,Drought,2026-03-03,,2026-05-06,Secretary of Agriculture,Disaster Declared,,2027-01-06,,Hansford,48195,36.272847,-101.35693
TX-20082,Texas,Drought,2026-03-03,,2026-05-06,Secretary of Agriculture,Disaster Declared,,2027-01-06,,Haskell,48207,33.175964,-99.730774
TX-20082,Texas,Drought,2026-03-03,,2026-05-06,Secretary of Agriculture,Disaster Declared,,2027-01-06,,Hemphill,48211,35.815956,-100.27921
TX-20082,Texas,Drought,2026-03-03,,2026-05-06,Secretary of Agriculture,Disaster Declared,,2027-01-06,,Hill,48217,31.982681,-97.130668
TX-20082,Texas,Drought,2026-03-03,,2026-05-06,Secretary of Agriculture,Disaster Declared,,2027-01-06,,Hutchinson,48233,35.837047,-101.362746
TX-20082,Texas,Drought,2026-03-03,,2026-05-06,Secretary of Agriculture,Disaster Declared,,2027-01-06,,Lipscomb,48295,36.2802,-100.272683
TX-20082,Texas,Drought,2026-03-03,,2026-05-06,Secretary of Agriculture,Disaster Declared,,2027-01-06,,Ochiltree,48357,36.278744,-100.815864
TX-20082,Texas,Drought,2026-03-03,,2026-05-06,Secretary of Agriculture,Disaster Declared,,2027-01-06,,Potter,48375,35.398675,-101.893804
TX-20082,Texas,Drought,2026-03-03,,2026-05-06,Secretary of Agriculture,Disaster Declared,,2027-01-06,,Randall,48381,34.962529,-101.895547
TX-20082,Texas,Drought,2026-03-03,,2026-05-06,Secretary of Agriculture,Disaster Declared,,2027-01-06,,Roberts,48393,35.838596,-100.836682
TX-20082,Texas,Drought,2026-03-03,,2026-05-06,Secretary of Agriculture,Disaster Declared,,2027-01-06,,Swisher,48437,34.526319,-101.743865
TX-20082,Texas,Drought,2026-03-03,,2026-05-06,Secretary of Agriculture,Disaster Declared,,2027-01-06,,Wheeler,48483,35.392593,-100.253107
TX-20082,Texas,Drought,2026-03-03,,2026-05-06,Secretary of Agriculture,Disaster Declared,,2027-01-06,,Moore,48341,35.835676,-101.890502
TX-20084,Texas,Drought,2026-02-24,,2026-06-01,Secretary of Agriculture,Disaster Declared,,2027-02-01,,Archer,48009,33.616305,-98.687267
TX-20084,Texas,Drought,2026-02-24,,2026-06-01,Secretary of Agriculture,Disaster Declared,,2027-02-01,,Kaufman,48257,32.598944,-96.288377
AL-20015,Alabama,Drought,2026-02-24,,2026-05-04,Secretary of Agriculture,Disaster Declared,,2027-01-04,,Mobile,01097,30.684572,-88.196568
OK-20039,Oklahoma,Drought,2026-02-24,,2026-06-01,Secretary of Agriculture,Disaster Declared,,2027-02-01,,Nowata,40105,36.789615,-95.613312
OK-20039,Oklahoma,Drought,2026-02-24,,2026-06-01,Secretary of Agriculture,Disaster Declared,,2027-02-01,,Tulsa,40143,36.120318,-95.941813
RI-20005,Rhode Island,2026 Historic Snowstorm,2026-02-22,2026-02-24,2026-06-10,Governors Certification,Disaster Declared,,2027-03-10,,Kent,44003,41.675118,-71.580282
RI-20005,Rhode Island,2026 Historic Snowstorm,2026-02-22,2026-02-24,2026-06-10,Governors Certification,Disaster Declared,,2027-03-10,,Providence,44007,41.869768,-71.578625
DE-20001,Delaware,Severe Winter Storm,2026-02-22,2026-02-23,2026-05-29,Presidential-Public Assistance,Disaster Declared,2026-07-28,2027-03-01,4916,Kent,10001,39.097088,-75.502982
DE-20001,Delaware,Severe Winter Storm,2026-02-22,2026-02-23,2026-05-29,Presidential-Public Assistance,Disaster Declared,2026-07-28,2027-03-01,4916,Sussex,10005,38.673227,-75.337024
MA-20005,Massachusetts,Mashpee Wampanoag Tribe - Severe Winter Storm and Snowstorm,2026-02-22,2026-02-23,2026-06-30,Presidential-Public Assistance,Disaster Declared,2026-08-31,2027-03-30,4919,Barnstable,25001,41.706123,-70.164823
MA-20004,Massachusetts,Blizzard,2026-02-22,2026-02-27,2026-06-12,Governors Certification,Disaster Declared,,2027-03-12,,Barnstable,25001,41.706123,-70.164823
MA-20004,Massachusetts,Blizzard,2026-02-22,2026-02-27,2026-06-12,Governors Certification,Disaster Declared,,2027-03-12,,Bristol,25005,41.748588,-71.088894
MA-20004,Massachusetts,Blizzard,2026-02-22,2026-02-27,2026-06-12,Governors Certification,Disaster Declared,,2027-03-12,,Dukes,25007,41.38097,-70.701499
MA-20004,Massachusetts,Blizzard,2026-02-22,2026-02-27,2026-06-12,Governors Certification,Disaster Declared,,2027-03-12,,Plymouth,25023,41.987196,-70.741942
PA-20028,Pennsylvania,Hotel Hampton Fire,2026-02-20,2026-02-20,2026-03-04,SBA Declaration (Agency),Disaster Declared,2026-05-04,2026-12-04,,Northampton,42095,40.752791,-75.307447
WY-20019,Wyoming,Drought,2026-02-17,,2026-04-21,Secretary of Agriculture,Disaster Declared,,2026-12-21,,Big Horn,56003,44.525117,-107.994848
WY-20019,Wyoming,Drought,2026-02-17,,2026-04-21,Secretary of Agriculture,Disaster Declared,,2026-12-21,,Fremont,56013,43.054831,-108.608935
WY-20019,Wyoming,Drought,2026-02-17,,2026-04-21,Secretary of Agriculture,Disaster Declared,,2026-12-21,,Hot Springs,56017,43.720209,-108.435076
AL-20013,Alabama,Drought,2026-02-17,,2026-04-20,Secretary of Agriculture,Disaster Declared,,2026-12-21,,Cherokee,01019,34.069515,-85.654242
SC-20023,South Carolina,Drought,2026-02-17,,2026-04-21,Secretary of Agriculture,Disaster Declared,,2026-12-21,,Marion,45067,34.08362,-79.354001
GA-20027,Georgia,Drought,2026-02-17,,2026-05-04,Secretary of Agriculture,Disaster Declared,,2027-01-04,,Bartow,13015,34.240917,-84.838188
GA-20027,Georgia,Drought,2026-02-17,,2026-05-04,Secretary of Agriculture,Disaster Declared,,2027-01-04,,Cherokee,13057,34.244317,-84.475057
GA-20027,Georgia,Drought,2026-02-17,,2026-05-04,Secretary of Agriculture,Disaster Declared,,2027-01-04,,Cobb,13067,33.939929,-84.574121
GA-20027,Georgia,Drought,2026-02-17,,2026-05-04,Secretary of Agriculture,Disaster Declared,,2027-01-04,,Douglas,13097,33.701242,-84.767314
GA-20027,Georgia,Drought,2026-02-17,,2026-05-04,Secretary of Agriculture,Disaster Declared,,2027-01-04,,Floyd,13115,34.263692,-85.213685
SC-20022,South Carolina,Drought,2026-02-10,,2026-04-15,Secretary of Agriculture,Disaster Declared,,2026-12-15,,Berkeley,45015,33.2077,-79.953655
SC-20022,South Carolina,Drought,2026-02-10,,2026-04-15,Secretary of Agriculture,Disaster Declared,,2026-12-15,,Charleston,45019,32.800458,-79.94248
SC-20022,South Carolina,Drought,2026-02-10,,2026-04-15,Secretary of Agriculture,Disaster Declared,,2026-12-15,,Georgetown,45043,33.417531,-79.296333
SC-20022,South Carolina,Drought,2026-02-10,,2026-04-15,Secretary of Agriculture,Disaster Declared,,2026-12-15,,Horry,45051,33.909269,-78.976675
SC-20022,South Carolina,Drought,2026-02-10,,2026-04-15,Secretary of Agriculture,Disaster Declared,,2026-12-15,,Williamsburg,45089,33.626462,-79.716474
AL-20014,Alabama,Drought,2026-02-10,,2026-04-23,Secretary of Agriculture,Disaster Declared,,2026-12-23,,DeKalb,01049,34.460915,-85.804021
AL-20014,Alabama,Drought,2026-02-10,,2026-04-23,Secretary of Agriculture,Disaster Declared,,2026-12-23,,Jackson,01071,34.764114,-85.980056
GA-20026,Georgia,Drought,2026-02-10,,2026-04-23,Secretary of Agriculture,Disaster Declared,,2026-12-23,,Butts,13035,33.290355,-83.958221
GA-20026,Georgia,Drought,2026-02-10,,2026-04-23,Secretary of Agriculture,Disaster Declared,,2026-12-23,,Chattooga,13055,34.474178,-85.345289
GA-20026,Georgia,Drought,2026-02-10,,2026-04-23,Secretary of Agriculture,Disaster Declared,,2026-12-23,,Clayton,13063,33.542686,-84.355573
GA-20026,Georgia,Drought,2026-02-10,,2026-04-23,Secretary of Agriculture,Disaster Declared,,2026-12-23,,Coweta,13077,33.352897,-84.762138
GA-20026,Georgia,Drought,2026-02-10,,2026-04-23,Secretary of Agriculture,Disaster Declared,,2026-12-23,,Dade,13083,34.852424,-85.506201
GA-20026,Georgia,Drought,2026-02-10,,2026-04-23,Secretary of Agriculture,Disaster Declared,,2026-12-23,,Dawson,13085,34.442608,-84.173261
GA-20026,Georgia,Drought,2026-02-10,,2026-04-23,Secretary of Agriculture,Disaster Declared,,2026-12-23,,DeKalb,13089,33.770661,-84.226343
GA-20026,Georgia,Drought,2026-02-10,,2026-04-23,Secretary of Agriculture,Disaster Declared,,2026-12-23,,Fayette,13113,33.412717,-84.493941
GA-20026,Georgia,Drought,2026-02-10,,2026-04-23,Secretary of Agriculture,Disaster Declared,,2026-12-23,,Fulton,13121,33.790034,-84.468182
GA-20026,Georgia,Drought,2026-02-10,,2026-04-23,Secretary of Agriculture,Disaster Declared,,2026-12-23,,Gordon,13129,34.509667,-84.873862
GA-20026,Georgia,Drought,2026-02-10,,2026-04-23,Secretary of Agriculture,Disaster Declared,,2026-12-23,,Habersham,13137,34.634392,-83.525875
GA-20026,Georgia,Drought,2026-02-10,,2026-04-23,Secretary of Agriculture,Disaster Declared,,2026-12-23,,Henry,13151,33.452947,-84.154021
GA-20026,Georgia,Drought,2026-02-10,,2026-04-23,Secretary of Agriculture,Disaster Declared,,2026-12-23,,Jasper,13159,33.316981,-83.689151
GA-20026,Georgia,Drought,2026-02-10,,2026-04-23,Secretary of Agriculture,Disaster Declared,,2026-12-23,,Newton,13217,33.552751,-83.85136
GA-20026,Georgia,Drought,2026-02-10,,2026-04-23,Secretary of Agriculture,Disaster Declared,,2026-12-23,,Pickens,13227,34.456746,-84.490351
GA-20026,Georgia,Drought,2026-02-10,,2026-04-23,Secretary of Agriculture,Disaster Declared,,2026-12-23,,Pike,13231,33.081149,-84.389462
GA-20026,Georgia,Drought,2026-02-10,,2026-04-23,Secretary of Agriculture,Disaster Declared,,2026-12-23,,Putnam,13237,33.32106,-83.37179
GA-20026,Georgia,Drought,2026-02-10,,2026-04-23,Secretary of Agriculture,Disaster Declared,,2026-12-23,,Rabun,13241,34.883934,-83.40487
GA-20026,Georgia,Drought,2026-02-10,,2026-04-23,Secretary of Agriculture,Disaster Declared,,2026-12-23,,Rockdale,13247,33.652081,-84.02637
GA-20026,Georgia,Drought,2026-02-10,,2026-04-23,Secretary of Agriculture,Disaster Declared,,2026-12-23,,Spalding,13255,33.262348,-84.284905
OK-20035,Oklahoma,Drought,2026-02-03,,2026-04-15,Secretary of Agriculture,Disaster Declared,,2026-12-15,,Beaver,40007,36.748334,-100.483056
OK-20035,Oklahoma,Drought,2026-02-03,,2026-04-15,Secretary of Agriculture,Disaster Declared,,2026-12-15,,Bryan,40013,33.964004,-96.265135
OK-20035,Oklahoma,Drought,2026-02-03,,2026-04-15,Secretary of Agriculture,Disaster Declared,,2026-12-15,,Garfield,40047,36.378132,-97.788741
OK-20035,Oklahoma,Drought,2026-02-03,,2026-04-15,Secretary of Agriculture,Disaster Declared,,2026-12-15,,Harper,40059,36.80035,-99.662805
OK-20035,Oklahoma,Drought,2026-02-03,,2026-04-15,Secretary of Agriculture,Disaster Declared,,2026-12-15,,Logan,40083,35.914277,-97.450952
OK-20035,Oklahoma,Drought,2026-02-03,,2026-04-15,Secretary of Agriculture,Disaster Declared,,2026-12-15,,Love,40085,33.957804,-97.245093
OK-20035,Oklahoma,Drought,2026-02-03,,2026-04-15,Secretary of Agriculture,Disaster Declared,,2026-12-15,,McIntosh,40091,35.369108,-95.671787
OK-20035,Oklahoma,Drought,2026-02-03,,2026-04-15,Secretary of Agriculture,Disaster Declared,,2026-12-15,,Major,40093,36.313119,-98.542015
OK-20035,Oklahoma,Drought,2026-02-03,,2026-04-15,Secretary of Agriculture,Disaster Declared,,2026-12-15,,Murray,40099,34.485766,-97.071557
OK-20035,Oklahoma,Drought,2026-02-03,,2026-04-15,Secretary of Agriculture,Disaster Declared,,2026-12-15,,Noble,40103,36.384901,-97.236335
OK-20035,Oklahoma,Drought,2026-02-03,,2026-04-15,Secretary of Agriculture,Disaster Declared,,2026-12-15,,Okfuskee,40107,35.466804,-96.327762
OK-20035,Oklahoma,Drought,2026-02-03,,2026-04-15,Secretary of Agriculture,Disaster Declared,,2026-12-15,,Pawnee,40117,36.313704,-96.696669
OK-20035,Oklahoma,Drought,2026-02-03,,2026-04-15,Secretary of Agriculture,Disaster Declared,,2026-12-15,,Payne,40119,36.079225,-96.975255
OK-20035,Oklahoma,Drought,2026-02-03,,2026-04-15,Secretary of Agriculture,Disaster Declared,,2026-12-15,,Rogers,40131,36.377794,-95.601383
OK-20035,Oklahoma,Drought,2026-02-03,,2026-04-15,Secretary of Agriculture,Disaster Declared,,2026-12-15,,Texas,40139,36.746317,-101.483855
CO-20028,Colorado,Drought,2026-02-03,,2026-04-24,Secretary of Agriculture,Disaster Declared,,2026-12-24,,Archuleta,08007,37.202395,-107.050863
CO-20028,Colorado,Drought,2026-02-03,,2026-04-24,Secretary of Agriculture,Disaster Declared,,2026-12-24,,Conejos,08021,37.213406,-106.176447
CO-20028,Colorado,Drought,2026-02-03,,2026-04-24,Secretary of Agriculture,Disaster Declared,,2026-12-24,,Custer,08027,38.101996,-105.373512
CO-20028,Colorado,Drought,2026-02-03,,2026-04-24,Secretary of Agriculture,Disaster Declared,,2026-12-24,,Dolores,08033,37.733823,-108.506219
CO-20028,Colorado,Drought,2026-02-03,,2026-04-24,Secretary of Agriculture,Disaster Declared,,2026-12-24,,Hinsdale,08053,37.811519,-107.383974
CO-20028,Colorado,Drought,2026-02-03,,2026-04-24,Secretary of Agriculture,Disaster Declared,,2026-12-24,,La Plata,08067,37.287367,-107.839718
CO-20028,Colorado,Drought,2026-02-03,,2026-04-24,Secretary of Agriculture,Disaster Declared,,2026-12-24,,Mineral,08079,37.549067,-107.003236
CO-20028,Colorado,Drought,2026-02-03,,2026-04-24,Secretary of Agriculture,Disaster Declared,,2026-12-24,,Montezuma,08083,37.338025,-108.595786
CO-20028,Colorado,Drought,2026-02-03,,2026-04-24,Secretary of Agriculture,Disaster Declared,,2026-12-24,,Phillips,08095,40.594712,-102.345105
CO-20028,Colorado,Drought,2026-02-03,,2026-04-24,Secretary of Agriculture,Disaster Declared,,2026-12-24,,Pueblo,08101,38.162765,-104.484668
CO-20028,Colorado,Drought,2026-02-03,,2026-04-24,Secretary of Agriculture,Disaster Declared,,2026-12-24,,Rio Grande,08105,37.485853,-106.453128
CO-20028,Colorado,Drought,2026-02-03,,2026-04-24,Secretary of Agriculture,Disaster Declared,,2026-12-24,,Saguache,08109,38.031651,-106.234666
CO-20028,Colorado,Drought,2026-02-03,,2026-04-24,Secretary of Agriculture,Disaster Declared,,2026-12-24,,San Juan,08111,37.781049,-107.670257
CO-20028,Colorado,Drought,2026-02-03,,2026-04-24,Secretary of Agriculture,Disaster Declared,,2026-12-24,,San Miguel,08113,38.009319,-108.427263
CO-20028,Colorado,Drought,2026-02-03,,2026-04-24,Secretary of Agriculture,Disaster Declared,,2026-12-24,,Teller,08119,38.869976,-105.187365
CO-20028,Colorado,Drought,2026-02-03,,2026-04-24,Secretary of Agriculture,Disaster Declared,,2026-12-24,,Yuma,08125,40.00077,-102.421649
AR-20040,Arkansas,Drought,2026-02-03,,2026-04-24,Secretary of Agriculture,Disaster Declared,,2026-12-24,,Lafayette,05073,33.240629,-93.611514
AR-20040,Arkansas,Drought,2026-02-03,,2026-04-24,Secretary of Agriculture,Disaster Declared,,2026-12-24,,Logan,05083,35.218654,-93.72091
AR-20040,Arkansas,Drought,2026-02-03,,2026-04-24,Secretary of Agriculture,Disaster Declared,,2026-12-24,,Madison,05087,36.012545,-93.724053
AR-20040,Arkansas,Drought,2026-02-03,,2026-04-24,Secretary of Agriculture,Disaster Declared,,2026-12-24,,Miller,05091,33.305505,-93.901502
AR-20040,Arkansas,Drought,2026-02-03,,2026-04-24,Secretary of Agriculture,Disaster Declared,,2026-12-24,,Nevada,05099,33.666699,-93.305072
LA-20016,Louisiana,Drought,2026-02-03,,2026-04-24,Secretary of Agriculture,Disaster Declared,,2026-12-24,,Bossier,22015,32.698481,-93.626561
LA-20016,Louisiana,Drought,2026-02-03,,2026-04-24,Secretary of Agriculture,Disaster Declared,,2026-12-24,,Caddo,22017,32.580106,-93.88497
LA-20016,Louisiana,Drought,2026-02-03,,2026-04-24,Secretary of Agriculture,Disaster Declared,,2026-12-24,,Claiborne,22027,32.82716,-92.989728
LA-20016,Louisiana,Drought,2026-02-03,,2026-04-24,Secretary of Agriculture,Disaster Declared,,2026-12-24,,Jefferson,22051,29.5033,-90.036231
LA-20016,Louisiana,Drought,2026-02-03,,2026-04-24,Secretary of Agriculture,Disaster Declared,,2026-12-24,,Richland,22083,32.413158,-91.748353
LA-20016,Louisiana,Drought,2026-02-03,,2026-04-24,Secretary of Agriculture,Disaster Declared,,2026-12-24,,St. Martin,22099,30.121433,-91.611481
LA-20016,Louisiana,Drought,2026-02-03,,2026-04-24,Secretary of Agriculture,Disaster Declared,,2026-12-24,,Vernon,22115,31.102841,-93.18833
LA-20016,Louisiana,Drought,2026-02-03,,2026-04-24,Secretary of Agriculture,Disaster Declared,,2026-12-24,,Webster,22119,32.732152,-93.339825
TX-20080,Texas,Drought,2026-02-03,,2026-04-24,Secretary of Agriculture,Disaster Declared,,2026-12-24,,Briscoe,48045,34.525172,-101.205893
TX-20080,Texas,Drought,2026-02-03,,2026-04-24,Secretary of Agriculture,Disaster Declared,,2026-12-24,,Childress,48075,34.524624,-100.208166
TX-20080,Texas,Drought,2026-02-03,,2026-04-24,Secretary of Agriculture,Disaster Declared,,2026-12-24,,Clay,48077,33.785904,-98.212917
TX-20080,Texas,Drought,2026-02-03,,2026-04-24,Secretary of Agriculture,Disaster Declared,,2026-12-24,,Cottle,48101,34.091906,-100.276442
TX-20080,Texas,Drought,2026-02-03,,2026-04-24,Secretary of Agriculture,Disaster Declared,,2026-12-24,,Falls,48145,31.25193,-96.934127
TX-20080,Texas,Drought,2026-02-03,,2026-04-24,Secretary of Agriculture,Disaster Declared,,2026-12-24,,Fisher,48151,32.740473,-100.40312
TX-20080,Texas,Drought,2026-02-03,,2026-04-24,Secretary of Agriculture,Disaster Declared,,2026-12-24,,Freestone,48161,31.701749,-96.144957
TX-20080,Texas,Drought,2026-02-03,,2026-04-24,Secretary of Agriculture,Disaster Declared,,2026-12-24,,Glasscock,48173,31.868006,-101.521494
TX-20080,Texas,Drought,2026-02-03,,2026-04-24,Secretary of Agriculture,Disaster Declared,,2026-12-24,,Hale,48189,34.068436,-101.822888
TX-20080,Texas,Drought,2026-02-03,,2026-04-24,Secretary of Agriculture,Disaster Declared,,2026-12-24,,Hardeman,48197,34.289904,-99.745697
TX-20080,Texas,Drought,2026-02-03,,2026-04-24,Secretary of Agriculture,Disaster Declared,,2026-12-24,,Hall,48191,34.453189,-100.576343
TX-20080,Texas,Drought,2026-02-03,,2026-04-24,Secretary of Agriculture,Disaster Declared,,2026-12-24,,Harrison,48203,32.547991,-94.374434
TX-20080,Texas,Drought,2026-02-03,,2026-04-24,Secretary of Agriculture,Disaster Declared,,2026-12-24,,Henderson,48213,32.211633,-95.853418
TX-20080,Texas,Drought,2026-02-03,,2026-04-24,Secretary of Agriculture,Disaster Declared,,2026-12-24,,Hockley,48219,33.605932,-102.343398
TX-20080,Texas,Drought,2026-02-03,,2026-04-24,Secretary of Agriculture,Disaster Declared,,2026-12-24,,Howard,48227,32.30343,-101.438721
TX-20080,Texas,Drought,2026-02-03,,2026-04-24,Secretary of Agriculture,Disaster Declared,,2026-12-24,,Jefferson,48245,29.854,-94.149331
TX-20080,Texas,Drought,2026-02-03,,2026-04-24,Secretary of Agriculture,Disaster Declared,,2026-12-24,,Kent,48263,33.18478,-100.76972
TX-20080,Texas,Drought,2026-02-03,,2026-04-24,Secretary of Agriculture,Disaster Declared,,2026-12-24,,King,48269,33.614268,-100.245345
TX-20080,Texas,Drought,2026-02-03,,2026-04-24,Secretary of Agriculture,Disaster Declared,,2026-12-24,,Knox,48275,33.61189,-99.730356
TX-20080,Texas,Drought,2026-02-03,,2026-04-24,Secretary of Agriculture,Disaster Declared,,2026-12-24,,Lamb,48279,34.068861,-102.348018
TX-20080,Texas,Drought,2026-02-03,,2026-04-24,Secretary of Agriculture,Disaster Declared,,2026-12-24,,Limestone,48293,31.547543,-96.593623
TX-20080,Texas,Drought,2026-02-03,,2026-04-24,Secretary of Agriculture,Disaster Declared,,2026-12-24,,Martin,48317,32.30983,-101.961836
TX-20080,Texas,Drought,2026-02-03,,2026-04-24,Secretary of Agriculture,Disaster Declared,,2026-12-24,,Midland,48329,31.814269,-102.002454
TX-20080,Texas,Drought,2026-02-03,,2026-04-24,Secretary of Agriculture,Disaster Declared,,2026-12-24,,Mitchell,48335,32.304117,-100.924392
TX-20080,Texas,Drought,2026-02-03,,2026-04-24,Secretary of Agriculture,Disaster Declared,,2026-12-24,,Navarro,48349,32.048448,-96.476909
TX-20080,Texas,Drought,2026-02-03,,2026-04-24,Secretary of Agriculture,Disaster Declared,,2026-12-24,,Newton,48351,30.786718,-93.73925
TX-20080,Texas,Drought,2026-02-03,,2026-04-24,Secretary of Agriculture,Disaster Declared,,2026-12-24,,Orange,48361,30.122323,-93.8941
TX-20080,Texas,Drought,2026-02-03,,2026-04-24,Secretary of Agriculture,Disaster Declared,,2026-12-24,,Scurry,48415,32.744353,-100.913346
TX-20080,Texas,Drought,2026-02-03,,2026-04-24,Secretary of Agriculture,Disaster Declared,,2026-12-24,,Smith,48423,32.375105,-95.268939
TX-20080,Texas,Drought,2026-02-03,,2026-04-24,Secretary of Agriculture,Disaster Declared,,2026-12-24,,Stonewall,48433,33.17958,-100.253807
TX-20080,Texas,Drought,2026-02-03,,2026-04-24,Secretary of Agriculture,Disaster Declared,,2026-12-24,,Van Zandt,48467,32.558787,-95.836906
TX-20080,Texas,Drought,2026-02-03,,2026-04-24,Secretary of Agriculture,Disaster Declared,,2026-12-24,,Walker,48471,30.743163,-95.569825
TX-20080,Texas,Drought,2026-02-03,,2026-04-24,Secretary of Agriculture,Disaster Declared,,2026-12-24,,Wichita,48485,33.988212,-98.70801
TX-20080,Texas,Drought,2026-02-03,,2026-04-24,Secretary of Agriculture,Disaster Declared,,2026-12-24,,Yoakum,48501,33.162339,-102.832241
NY-20032,New York,"Freeze, Ice Floes, and Tidal Surge",2026-01-26,2026-02-23,2026-04-20,Secretary of Agriculture,Disaster Declared,,2026-12-21,,Suffolk,36103,40.943554,-72.692218
MS-20019,Mississippi,Severe Winter Storm,2026-01-23,2026-01-27,2026-02-06,Presidential-Public Assistance,Disaster Declared,2026-04-07,2026-11-06,4899,Adams,28001,31.486224,-91.351797
MS-20019,Mississippi,Severe Winter Storm,2026-01-23,2026-01-27,2026-02-06,Presidential-Public Assistance,Disaster Declared,2026-04-07,2026-11-06,4899,Alcorn,28003,34.886569,-88.581109
MS-20019,Mississippi,Severe Winter Storm,2026-01-23,2026-01-27,2026-02-06,Presidential-Public Assistance,Disaster Declared,2026-04-07,2026-11-06,4899,Attala,28007,33.090468,-89.588622
MS-20019,Mississippi,Severe Winter Storm,2026-01-23,2026-01-27,2026-02-06,Presidential-Public Assistance,Disaster Declared,2026-04-07,2026-11-06,4899,Benton,28009,34.809593,-89.200213
MS-20019,Mississippi,Severe Winter Storm,2026-01-23,2026-01-27,2026-02-06,Presidential-Public Assistance,Disaster Declared,2026-04-07,2026-11-06,4899,Bolivar,28011,33.799139,-90.88412
MS-20019,Mississippi,Severe Winter Storm,2026-01-23,2026-01-27,2026-02-06,Presidential-Public Assistance,Disaster Declared,2026-04-07,2026-11-06,4899,Calhoun,28013,33.936634,-89.337114
MS-20019,Mississippi,Severe Winter Storm,2026-01-23,2026-01-27,2026-02-06,Presidential-Public Assistance,Disaster Declared,2026-04-07,2026-11-06,4899,Carroll,28015,33.440795,-89.918887
MS-20019,Mississippi,Severe Winter Storm,2026-01-23,2026-01-27,2026-02-06,Presidential-Public Assistance,Disaster Declared,2026-04-07,2026-11-06,4899,Choctaw,28019,33.345964,-89.251332
MS-20019,Mississippi,Severe Winter Storm,2026-01-23,2026-01-27,2026-02-06,Presidential-Public Assistance,Disaster Declared,2026-04-07,2026-11-06,4899,Claiborne,28021,31.97281,-90.915424
MS-20019,Mississippi,Severe Winter Storm,2026-01-23,2026-01-27,2026-02-06,Presidential-Public Assistance,Disaster Declared,2026-04-07,2026-11-06,4899,Grenada,28043,33.770031,-89.80274
MS-20019,Mississippi,Severe Winter Storm,2026-01-23,2026-01-27,2026-02-06,Presidential-Public Assistance,Disaster Declared,2026-04-07,2026-11-06,4899,Holmes,28051,33.125942,-90.091197
MS-20019,Mississippi,Severe Winter Storm,2026-01-23,2026-01-27,2026-02-06,Presidential-Public Assistance,Disaster Declared,2026-04-07,2026-11-06,4899,Humphreys,28053,33.130996,-90.523421
MS-20019,Mississippi,Severe Winter Storm,2026-01-23,2026-01-27,2026-02-06,Presidential-Public Assistance,Disaster Declared,2026-04-07,2026-11-06,4899,Issaquena,28055,32.755539,-91.003535
MS-20019,Mississippi,Severe Winter Storm,2026-01-23,2026-01-27,2026-02-06,Presidential-Public Assistance,Disaster Declared,2026-04-07,2026-11-06,4899,Itawamba,28057,34.281075,-88.363127
MS-20019,Mississippi,Severe Winter Storm,2026-01-23,2026-01-27,2026-02-06,Presidential-Public Assistance,Disaster Declared,2026-04-07,2026-11-06,4899,Jefferson,28063,31.733633,-91.043878
MS-20019,Mississippi,Severe Winter Storm,2026-01-23,2026-01-27,2026-02-06,Presidential-Public Assistance,Disaster Declared,2026-04-07,2026-11-06,4899,Lafayette,28071,34.353078,-89.485385
MS-20019,Mississippi,Severe Winter Storm,2026-01-23,2026-01-27,2026-02-06,Presidential-Public Assistance,Disaster Declared,2026-04-07,2026-11-06,4899,Lee,28081,34.29237,-88.682439
MS-20019,Mississippi,Severe Winter Storm,2026-01-23,2026-01-27,2026-02-06,Presidential-Public Assistance,Disaster Declared,2026-04-07,2026-11-06,4899,Leflore,28083,33.54979,-90.294934
MS-20019,Mississippi,Severe Winter Storm,2026-01-23,2026-01-27,2026-02-06,Presidential-Public Assistance,Disaster Declared,2026-04-07,2026-11-06,4899,Marshall,28093,34.76619,-89.504231
MS-20019,Mississippi,Severe Winter Storm,2026-01-23,2026-01-27,2026-02-06,Presidential-Public Assistance,Disaster Declared,2026-04-07,2026-11-06,4899,Montgomery,28097,33.500714,-89.639625
MS-20019,Mississippi,Severe Winter Storm,2026-01-23,2026-01-27,2026-02-06,Presidential-Public Assistance,Disaster Declared,2026-04-07,2026-11-06,4899,Oktibbeha,28105,33.422313,-88.876151
MS-20019,Mississippi,Severe Winter Storm,2026-01-23,2026-01-27,2026-02-06,Presidential-Public Assistance,Disaster Declared,2026-04-07,2026-11-06,4899,Panola,28107,34.365205,-89.963065
MS-20019,Mississippi,Severe Winter Storm,2026-01-23,2026-01-27,2026-02-06,Presidential-Public Assistance,Disaster Declared,2026-04-07,2026-11-06,4899,Pontotoc,28115,34.227081,-89.037239
MS-20019,Mississippi,Severe Winter Storm,2026-01-23,2026-01-27,2026-02-06,Presidential-Public Assistance,Disaster Declared,2026-04-07,2026-11-06,4899,Prentiss,28117,34.620566,-88.522184
MS-20019,Mississippi,Severe Winter Storm,2026-01-23,2026-01-27,2026-02-06,Presidential-Public Assistance,Disaster Declared,2026-04-07,2026-11-06,4899,Quitman,28119,34.252833,-90.290171
MS-20019,Mississippi,Severe Winter Storm,2026-01-23,2026-01-27,2026-02-06,Presidential-Public Assistance,Disaster Declared,2026-04-07,2026-11-06,4899,Sharkey,28125,32.892395,-90.827613
MS-20019,Mississippi,Severe Winter Storm,2026-01-23,2026-01-27,2026-02-06,Presidential-Public Assistance,Disaster Declared,2026-04-07,2026-11-06,4899,Sunflower,28133,33.605529,-90.59509
MS-20019,Mississippi,Severe Winter Storm,2026-01-23,2026-01-27,2026-02-06,Presidential-Public Assistance,Disaster Declared,2026-04-07,2026-11-06,4899,Tallahatchie,28135,33.954529,-90.172243
MS-20019,Mississippi,Severe Winter Storm,2026-01-23,2026-01-27,2026-02-06,Presidential-Public Assistance,Disaster Declared,2026-04-07,2026-11-06,4899,Tate,28137,34.649553,-89.943105
MS-20019,Mississippi,Severe Winter Storm,2026-01-23,2026-01-27,2026-02-06,Presidential-Public Assistance,Disaster Declared,2026-04-07,2026-11-06,4899,Tippah,28139,34.763618,-88.918819
MS-20019,Mississippi,Severe Winter Storm,2026-01-23,2026-01-27,2026-02-06,Presidential-Public Assistance,Disaster Declared,2026-04-07,2026-11-06,4899,Tishomingo,28141,34.738835,-88.234827
MS-20019,Mississippi,Severe Winter Storm,2026-01-23,2026-01-27,2026-02-06,Presidential-Public Assistance,Disaster Declared,2026-04-07,2026-11-06,4899,Union,28145,34.489533,-89.002339
MS-20019,Mississippi,Severe Winter Storm,2026-01-23,2026-01-27,2026-02-06,Presidential-Public Assistance,Disaster Declared,2026-04-07,2026-11-06,4899,Warren,28149,32.356095,-90.852384
MS-20019,Mississippi,Severe Winter Storm,2026-01-23,2026-01-27,2026-02-06,Presidential-Public Assistance,Disaster Declared,2026-04-07,2026-11-06,4899,Washington,28151,33.273174,-90.944446
MS-20019,Mississippi,Severe Winter Storm,2026-01-23,2026-01-27,2026-02-06,Presidential-Public Assistance,Disaster Declared,2026-04-07,2026-11-06,4899,Webster,28155,33.612061,-89.283961
MS-20019,Mississippi,Severe Winter Storm,2026-01-23,2026-01-27,2026-02-06,Presidential-Public Assistance,Disaster Declared,2026-04-07,2026-11-06,4899,Wilkinson,28157,31.161091,-91.324617
MS-20019,Mississippi,Severe Winter Storm,2026-01-23,2026-01-27,2026-02-06,Presidential-Public Assistance,Disaster Declared,2026-04-07,2026-11-06,4899,Yalobusha,28161,34.030666,-89.703807
MS-20019,Mississippi,Severe Winter Storm,2026-01-23,2026-01-27,2026-02-06,Presidential-Public Assistance,Disaster Declared,2026-04-07,2026-11-06,4899,Yazoo,28163,32.765675,-90.387928
FL-20037,Florida,Freeze and Frost,2026-01-23,2026-02-05,2026-04-01,Secretary of Agriculture,Disaster Declared,,2026-12-01,,DeSoto,12027,27.190581,-81.806253
FL-20037,Florida,Freeze and Frost,2026-01-23,2026-02-05,2026-04-01,Secretary of Agriculture,Disaster Declared,,2026-12-01,,Hardee,12049,27.492846,-81.82158
FL-20037,Florida,Freeze and Frost,2026-01-23,2026-02-05,2026-04-01,Secretary of Agriculture,Disaster Declared,,2026-12-01,,Hillsborough,12057,27.893154,-82.379991
FL-20037,Florida,Freeze and Frost,2026-01-23,2026-02-05,2026-04-01,Secretary of Agriculture,Disaster Declared,,2026-12-01,,Manatee,12081,27.475556,-82.393144
FL-20037,Florida,Freeze and Frost,2026-01-23,2026-02-05,2026-04-01,Secretary of Agriculture,Disaster Declared,,2026-12-01,,St. Johns,12109,29.890487,-81.40004
FL-20037,Florida,Freeze and Frost,2026-01-23,2026-02-05,2026-04-01,Secretary of Agriculture,Disaster Declared,,2026-12-01,,Sarasota,12115,27.225327,-82.423714
FL-20037,Florida,Freeze and Frost,2026-01-23,2026-02-05,2026-04-01,Secretary of Agriculture,Disaster Declared,,2026-12-01,,Seminole,12117,28.690065,-81.131975
FL-20037,Florida,Freeze and Frost,2026-01-23,2026-02-05,2026-04-01,Secretary of Agriculture,Disaster Declared,,2026-12-01,,Volusia,12127,29.057769,-81.161792
LA-20012,Louisiana,2026 Severe Winter Storm,2026-01-23,2026-01-27,2026-02-02,Governors Certification,Disaster Declared,,2026-11-02,,Bossier,22015,32.698481,-93.626561
LA-20012,Louisiana,2026 Severe Winter Storm,2026-01-23,2026-01-27,2026-02-02,Governors Certification,Disaster Declared,,2026-11-02,,De Soto,22031,32.059248,-93.740797
LA-20012,Louisiana,2026 Severe Winter Storm,2026-01-23,2026-01-27,2026-02-02,Governors Certification,Disaster Declared,,2026-11-02,,East Carroll,22035,32.73017,-91.234141
LA-20012,Louisiana,2026 Severe Winter Storm,2026-01-23,2026-01-27,2026-02-02,Governors Certification,Disaster Declared,,2026-11-02,,Ouachita,22073,32.480932,-92.151581
LA-20012,Louisiana,2026 Severe Winter Storm,2026-01-23,2026-01-27,2026-02-02,Governors Certification,Disaster Declared,,2026-11-02,,Richland,22083,32.413158,-91.748353
LA-20012,Louisiana,2026 Severe Winter Storm,2026-01-23,2026-01-27,2026-02-02,Governors Certification,Disaster Declared,,2026-11-02,,Tensas,22107,32.001489,-91.342576
KY-20034,Kentucky,Severe Winter Storm,2026-01-23,2026-01-27,2026-05-29,Presidential-Public Assistance,Disaster Declared,2026-07-28,2027-03-01,4913,Adair,21001,37.105559,-85.28138
KY-20034,Kentucky,Severe Winter Storm,2026-01-23,2026-01-27,2026-05-29,Presidential-Public Assistance,Disaster Declared,2026-07-28,2027-03-01,4913,Allen,21003,36.75077,-86.192458
KY-20034,Kentucky,Severe Winter Storm,2026-01-23,2026-01-27,2026-05-29,Presidential-Public Assistance,Disaster Declared,2026-07-28,2027-03-01,4913,Barren,21009,36.962805,-85.932108
KY-20034,Kentucky,Severe Winter Storm,2026-01-23,2026-01-27,2026-05-29,Presidential-Public Assistance,Disaster Declared,2026-07-28,2027-03-01,4913,Casey,21045,37.321962,-84.92822
KY-20034,Kentucky,Severe Winter Storm,2026-01-23,2026-01-27,2026-05-29,Presidential-Public Assistance,Disaster Declared,2026-07-28,2027-03-01,4913,Clay,21051,37.164273,-83.715454
KY-20034,Kentucky,Severe Winter Storm,2026-01-23,2026-01-27,2026-05-29,Presidential-Public Assistance,Disaster Declared,2026-07-28,2027-03-01,4913,Clinton,21053,36.727258,-85.136098
KY-20034,Kentucky,Severe Winter Storm,2026-01-23,2026-01-27,2026-05-29,Presidential-Public Assistance,Disaster Declared,2026-07-28,2027-03-01,4913,Cumberland,21057,36.782372,-85.388484
KY-20034,Kentucky,Severe Winter Storm,2026-01-23,2026-01-27,2026-05-29,Presidential-Public Assistance,Disaster Declared,2026-07-28,2027-03-01,4913,Jackson,21109,37.403458,-84.020576
KY-20034,Kentucky,Severe Winter Storm,2026-01-23,2026-01-27,2026-05-29,Presidential-Public Assistance,Disaster Declared,2026-07-28,2027-03-01,4913,Laurel,21125,37.113268,-84.119395
KY-20034,Kentucky,Severe Winter Storm,2026-01-23,2026-01-27,2026-05-29,Presidential-Public Assistance,Disaster Declared,2026-07-28,2027-03-01,4913,Lee,21129,37.608116,-83.719248
KY-20034,Kentucky,Severe Winter Storm,2026-01-23,2026-01-27,2026-05-29,Presidential-Public Assistance,Disaster Declared,2026-07-28,2027-03-01,4913,McCreary,21147,36.731136,-84.491052
KY-20034,Kentucky,Severe Winter Storm,2026-01-23,2026-01-27,2026-05-29,Presidential-Public Assistance,Disaster Declared,2026-07-28,2027-03-01,4913,Menifee,21165,37.935485,-83.589355
KY-20034,Kentucky,Severe Winter Storm,2026-01-23,2026-01-27,2026-05-29,Presidential-Public Assistance,Disaster Declared,2026-07-28,2027-03-01,4913,Metcalfe,21169,36.99243,-85.633456
KY-20034,Kentucky,Severe Winter Storm,2026-01-23,2026-01-27,2026-05-29,Presidential-Public Assistance,Disaster Declared,2026-07-28,2027-03-01,4913,Monroe,21171,36.714077,-85.713508
KY-20034,Kentucky,Severe Winter Storm,2026-01-23,2026-01-27,2026-05-29,Presidential-Public Assistance,Disaster Declared,2026-07-28,2027-03-01,4913,Owsley,21189,37.423622,-83.691637
KY-20034,Kentucky,Severe Winter Storm,2026-01-23,2026-01-27,2026-05-29,Presidential-Public Assistance,Disaster Declared,2026-07-28,2027-03-01,4913,Perry,21193,37.241282,-83.217772
KY-20034,Kentucky,Severe Winter Storm,2026-01-23,2026-01-27,2026-05-29,Presidential-Public Assistance,Disaster Declared,2026-07-28,2027-03-01,4913,Pulaski,21199,37.107452,-84.576969
KY-20034,Kentucky,Severe Winter Storm,2026-01-23,2026-01-27,2026-05-29,Presidential-Public Assistance,Disaster Declared,2026-07-28,2027-03-01,4913,Rockcastle,21203,37.36105,-84.314368
KY-20034,Kentucky,Severe Winter Storm,2026-01-23,2026-01-27,2026-05-29,Presidential-Public Assistance,Disaster Declared,2026-07-28,2027-03-01,4913,Russell,21207,36.990587,-85.05495
KY-20034,Kentucky,Severe Winter Storm,2026-01-23,2026-01-27,2026-05-29,Presidential-Public Assistance,Disaster Declared,2026-07-28,2027-03-01,4913,Wayne,21231,36.800772,-84.82659
KY-20034,Kentucky,Severe Winter Storm,2026-01-23,2026-01-27,2026-05-29,Presidential-Public Assistance,Disaster Declared,2026-07-28,2027-03-01,4913,Whitley,21235,36.758024,-84.144648
MS-20018,Mississippi,Severe Winter Storm,2026-01-23,2026-01-27,2026-04-10,Presidential-Individual Assistance,Disaster Declared,2026-06-10,2027-01-11,4899,Adams,28001,31.486224,-91.351797
MS-20018,Mississippi,Severe Winter Storm,2026-01-23,2026-01-27,2026-04-10,Presidential-Individual Assistance,Disaster Declared,2026-06-10,2027-01-11,4899,Alcorn,28003,34.886569,-88.581109
MS-20018,Mississippi,Severe Winter Storm,2026-01-23,2026-01-27,2026-04-10,Presidential-Individual Assistance,Disaster Declared,2026-06-10,2027-01-11,4899,Attala,28007,33.090468,-89.588622
MS-20018,Mississippi,Severe Winter Storm,2026-01-23,2026-01-27,2026-04-10,Presidential-Individual Assistance,Disaster Declared,2026-06-10,2027-01-11,4899,Benton,28009,34.809593,-89.200213
MS-20018,Mississippi,Severe Winter Storm,2026-01-23,2026-01-27,2026-04-10,Presidential-Individual Assistance,Disaster Declared,2026-06-10,2027-01-11,4899,Bolivar,28011,33.799139,-90.88412
MS-20018,Mississippi,Severe Winter Storm,2026-01-23,2026-01-27,2026-04-10,Presidential-Individual Assistance,Disaster Declared,2026-06-10,2027-01-11,4899,Calhoun,28013,33.936634,-89.337114
MS-20018,Mississippi,Severe Winter Storm,2026-01-23,2026-01-27,2026-04-10,Presidential-Individual Assistance,Disaster Declared,2026-06-10,2027-01-11,4899,Carroll,28015,33.440795,-89.918887
MS-20018,Mississippi,Severe Winter Storm,2026-01-23,2026-01-27,2026-04-10,Presidential-Individual Assistance,Disaster Declared,2026-06-10,2027-01-11,4899,Claiborne,28021,31.97281,-90.915424
MS-20018,Mississippi,Severe Winter Storm,2026-01-23,2026-01-27,2026-04-10,Presidential-Individual Assistance,Disaster Declared,2026-06-10,2027-01-11,4899,Coahoma,28027,34.230316,-90.60401
MS-20018,Mississippi,Severe Winter Storm,2026-01-23,2026-01-27,2026-04-10,Presidential-Individual Assistance,Disaster Declared,2026-06-10,2027-01-11,4899,DeSoto,28033,34.874922,-89.991211
MS-20018,Mississippi,Severe Winter Storm,2026-01-23,2026-01-27,2026-04-10,Presidential-Individual Assistance,Disaster Declared,2026-06-10,2027-01-11,4899,Grenada,28043,33.770031,-89.80274
MS-20018,Mississippi,Severe Winter Storm,2026-01-23,2026-01-27,2026-04-10,Presidential-Individual Assistance,Disaster Declared,2026-06-10,2027-01-11,4899,Holmes,28051,33.125942,-90.091197
MS-20018,Mississippi,Severe Winter Storm,2026-01-23,2026-01-27,2026-04-10,Presidential-Individual Assistance,Disaster Declared,2026-06-10,2027-01-11,4899,Humphreys,28053,33.130996,-90.523421
MS-20018,Mississippi,Severe Winter Storm,2026-01-23,2026-01-27,2026-04-10,Presidential-Individual Assistance,Disaster Declared,2026-06-10,2027-01-11,4899,Issaquena,28055,32.755539,-91.003535
MS-20018,Mississippi,Severe Winter Storm,2026-01-23,2026-01-27,2026-04-10,Presidential-Individual Assistance,Disaster Declared,2026-06-10,2027-01-11,4899,Jefferson,28063,31.733633,-91.043878
MS-20018,Mississippi,Severe Winter Storm,2026-01-23,2026-01-27,2026-04-10,Presidential-Individual Assistance,Disaster Declared,2026-06-10,2027-01-11,4899,Lafayette,28071,34.353078,-89.485385
MS-20018,Mississippi,Severe Winter Storm,2026-01-23,2026-01-27,2026-04-10,Presidential-Individual Assistance,Disaster Declared,2026-06-10,2027-01-11,4899,Lee,28081,34.29237,-88.682439
MS-20018,Mississippi,Severe Winter Storm,2026-01-23,2026-01-27,2026-04-10,Presidential-Individual Assistance,Disaster Declared,2026-06-10,2027-01-11,4899,Leflore,28083,33.54979,-90.294934
MS-20018,Mississippi,Severe Winter Storm,2026-01-23,2026-01-27,2026-04-10,Presidential-Individual Assistance,Disaster Declared,2026-06-10,2027-01-11,4899,Marshall,28093,34.76619,-89.504231
MS-20018,Mississippi,Severe Winter Storm,2026-01-23,2026-01-27,2026-04-10,Presidential-Individual Assistance,Disaster Declared,2026-06-10,2027-01-11,4899,Montgomery,28097,33.500714,-89.639625
MS-20018,Mississippi,Severe Winter Storm,2026-01-23,2026-01-27,2026-04-10,Presidential-Individual Assistance,Disaster Declared,2026-06-10,2027-01-11,4899,Panola,28107,34.365205,-89.963065
MS-20018,Mississippi,Severe Winter Storm,2026-01-23,2026-01-27,2026-04-10,Presidential-Individual Assistance,Disaster Declared,2026-06-10,2027-01-11,4899,Pontotoc,28115,34.227081,-89.037239
MS-20018,Mississippi,Severe Winter Storm,2026-01-23,2026-01-27,2026-04-10,Presidential-Individual Assistance,Disaster Declared,2026-06-10,2027-01-11,4899,Prentiss,28117,34.620566,-88.522184
MS-20018,Mississippi,Severe Winter Storm,2026-01-23,2026-01-27,2026-04-10,Presidential-Individual Assistance,Disaster Declared,2026-06-10,2027-01-11,4899,Quitman,28119,34.252833,-90.290171
MS-20018,Mississippi,Severe Winter Storm,2026-01-23,2026-01-27,2026-04-10,Presidential-Individual Assistance,Disaster Declared,2026-06-10,2027-01-11,4899,Sharkey,28125,32.892395,-90.827613
MS-20018,Mississippi,Severe Winter Storm,2026-01-23,2026-01-27,2026-04-10,Presidential-Individual Assistance,Disaster Declared,2026-06-10,2027-01-11,4899,Sunflower,28133,33.605529,-90.59509
MS-20018,Mississippi,Severe Winter Storm,2026-01-23,2026-01-27,2026-04-10,Presidential-Individual Assistance,Disaster Declared,2026-06-10,2027-01-11,4899,Tallahatchie,28135,33.954529,-90.172243
MS-20018,Mississippi,Severe Winter Storm,2026-01-23,2026-01-27,2026-04-10,Presidential-Individual Assistance,Disaster Declared,2026-06-10,2027-01-11,4899,Tate,28137,34.649553,-89.943105
MS-20018,Mississippi,Severe Winter Storm,2026-01-23,2026-01-27,2026-04-10,Presidential-Individual Assistance,Disaster Declared,2026-06-10,2027-01-11,4899,Tippah,28139,34.763618,-88.918819
MS-20018,Mississippi,Severe Winter Storm,2026-01-23,2026-01-27,2026-04-10,Presidential-Individual Assistance,Disaster Declared,2026-06-10,2027-01-11,4899,Tishomingo,28141,34.738835,-88.234827
MS-20018,Mississippi,Severe Winter Storm,2026-01-23,2026-01-27,2026-04-10,Presidential-Individual Assistance,Disaster Declared,2026-06-10,2027-01-11,4899,Tunica,28143,34.652201,-90.37177
MS-20018,Mississippi,Severe Winter Storm,2026-01-23,2026-01-27,2026-04-10,Presidential-Individual Assistance,Disaster Declared,2026-06-10,2027-01-11,4899,Union,28145,34.489533,-89.002339
MS-20018,Mississippi,Severe Winter Storm,2026-01-23,2026-01-27,2026-04-10,Presidential-Individual Assistance,Disaster Declared,2026-06-10,2027-01-11,4899,Warren,28149,32.356095,-90.852384
MS-20018,Mississippi,Severe Winter Storm,2026-01-23,2026-01-27,2026-04-10,Presidential-Individual Assistance,Disaster Declared,2026-06-10,2027-01-11,4899,Washington,28151,33.273174,-90.944446
MS-20018,Mississippi,Severe Winter Storm,2026-01-23,2026-01-27,2026-04-10,Presidential-Individual Assistance,Disaster Declared,2026-06-10,2027-01-11,4899,Yalobusha,28161,34.030666,-89.703807
MS-20018,Mississippi,Severe Winter Storm,2026-01-23,2026-01-27,2026-04-10,Presidential-Individual Assistance,Disaster Declared,2026-06-10,2027-01-11,4899,Yazoo,28163,32.765675,-90.387928
FL-20035,Florida,Freeze,2026-01-23,2026-02-05,2026-03-04,Secretary of Agriculture,Disaster Declared,,2026-11-04,,Taylor,12123,29.967146,-83.639573
FL-20040,Florida,"Freeze, Frost, and High Winds",2026-01-23,2026-02-05,2026-04-01,Secretary of Agriculture,Disaster Declared,,2026-12-01,,Baker,12003,30.324442,-82.302284
FL-20040,Florida,"Freeze, Frost, and High Winds",2026-01-23,2026-02-05,2026-04-01,Secretary of Agriculture,Disaster Declared,,2026-12-01,,Marion,12083,29.202805,-82.0431
FL-20040,Florida,"Freeze, Frost, and High Winds",2026-01-23,2026-02-05,2026-04-01,Secretary of Agriculture,Disaster Declared,,2026-12-01,,Miami-Dade,12086,25.616009,-80.50375
FL-20040,Florida,"Freeze, Frost, and High Winds",2026-01-23,2026-02-05,2026-04-01,Secretary of Agriculture,Disaster Declared,,2026-12-01,,Union,12125,30.05428,-82.366918
FL-20032,Florida,Freeze and Frost,2026-01-23,2026-02-05,2026-03-04,Secretary of Agriculture,Disaster Declared,,2026-11-04,,Dixie,12029,29.552675,-83.236232
FL-20032,Florida,Freeze and Frost,2026-01-23,2026-02-05,2026-03-04,Secretary of Agriculture,Disaster Declared,,2026-11-04,,Gilchrist,12041,29.723456,-82.795801
FL-20032,Florida,Freeze and Frost,2026-01-23,2026-02-05,2026-03-04,Secretary of Agriculture,Disaster Declared,,2026-11-04,,Glades,12043,26.95481,-81.19082
FL-20032,Florida,Freeze and Frost,2026-01-23,2026-02-05,2026-03-04,Secretary of Agriculture,Disaster Declared,,2026-11-04,,Hendry,12051,26.539967,-81.152114
FL-20032,Florida,Freeze and Frost,2026-01-23,2026-02-05,2026-03-04,Secretary of Agriculture,Disaster Declared,,2026-11-04,,Highlands,12055,27.34108,-81.342353
FL-20032,Florida,Freeze and Frost,2026-01-23,2026-02-05,2026-03-04,Secretary of Agriculture,Disaster Declared,,2026-11-04,,Jefferson,12065,30.396898,-83.921761
FL-20032,Florida,Freeze and Frost,2026-01-23,2026-02-05,2026-03-04,Secretary of Agriculture,Disaster Declared,,2026-11-04,,Leon,12073,30.45931,-84.2778
FL-20032,Florida,Freeze and Frost,2026-01-23,2026-02-05,2026-03-04,Secretary of Agriculture,Disaster Declared,,2026-11-04,,Levy,12075,29.271854,-82.831233
FL-20032,Florida,Freeze and Frost,2026-01-23,2026-02-05,2026-03-04,Secretary of Agriculture,Disaster Declared,,2026-11-04,,Madison,12079,30.447233,-83.470416
FL-20032,Florida,Freeze and Frost,2026-01-23,2026-02-05,2026-03-04,Secretary of Agriculture,Disaster Declared,,2026-11-04,,Martin,12085,27.083604,-80.398201
FL-20032,Florida,Freeze and Frost,2026-01-23,2026-02-05,2026-03-04,Secretary of Agriculture,Disaster Declared,,2026-11-04,,Okeechobee,12093,27.385592,-80.887388
FL-20032,Florida,Freeze and Frost,2026-01-23,2026-02-05,2026-03-04,Secretary of Agriculture,Disaster Declared,,2026-11-04,,Putnam,12107,29.593896,-81.732039
FL-20033,Florida,"Freeze, Frost, and High Winds",2026-01-23,2026-02-05,2026-03-04,Secretary of Agriculture,Disaster Declared,,2026-11-04,,Alachua,12001,29.67574,-82.357221
FL-20033,Florida,"Freeze, Frost, and High Winds",2026-01-23,2026-02-05,2026-03-04,Secretary of Agriculture,Disaster Declared,,2026-11-04,,Bradford,12007,29.952386,-82.166698
FL-20033,Florida,"Freeze, Frost, and High Winds",2026-01-23,2026-02-05,2026-03-04,Secretary of Agriculture,Disaster Declared,,2026-11-04,,Charlotte,12015,26.906396,-82.003657
FL-20033,Florida,"Freeze, Frost, and High Winds",2026-01-23,2026-02-05,2026-03-04,Secretary of Agriculture,Disaster Declared,,2026-11-04,,Collier,12021,26.118786,-81.400955
AR-20039,Arkansas,Severe Winter Weather,2026-01-23,2026-01-26,2026-04-29,Governors Certification,Disaster Declared,,2027-01-29,,Clark,05019,34.053316,-93.176208
AR-20039,Arkansas,Severe Winter Weather,2026-01-23,2026-01-26,2026-04-29,Governors Certification,Disaster Declared,,2027-01-29,,Garland,05051,34.578852,-93.146932
AR-20039,Arkansas,Severe Winter Weather,2026-01-23,2026-01-26,2026-04-29,Governors Certification,Disaster Declared,,2027-01-29,,Independence,05063,35.737499,-91.559942
AR-20039,Arkansas,Severe Winter Weather,2026-01-23,2026-01-26,2026-04-29,Governors Certification,Disaster Declared,,2027-01-29,,Pike,05109,34.158191,-93.658659
AR-20039,Arkansas,Severe Winter Weather,2026-01-23,2026-01-26,2026-04-29,Governors Certification,Disaster Declared,,2027-01-29,,Polk,05113,34.490915,-94.230884
FL-20034,Florida,"Freeze, Frost, Ice, and High Winds",2026-01-23,2026-02-05,2026-03-04,Secretary of Agriculture,Disaster Declared,,2026-11-04,,Broward,12011,26.193535,-80.476683
FL-20034,Florida,"Freeze, Frost, Ice, and High Winds",2026-01-23,2026-02-05,2026-03-04,Secretary of Agriculture,Disaster Declared,,2026-11-04,,Palm Beach,12099,26.649126,-80.448354
FL-20034,Florida,"Freeze, Frost, Ice, and High Winds",2026-01-23,2026-02-05,2026-03-04,Secretary of Agriculture,Disaster Declared,,2026-11-04,,Sumter,12119,28.715444,-82.069952
FL-20036,Florida,"Freeze, Frost, and Ice",2026-01-23,2026-02-05,2026-03-04,Secretary of Agriculture,Disaster Declared,,2026-11-04,,Citrus,12017,28.850292,-82.595552
FL-20036,Florida,"Freeze, Frost, and Ice",2026-01-23,2026-02-05,2026-03-04,Secretary of Agriculture,Disaster Declared,,2026-11-04,,Hernando,12053,28.555995,-82.525969
FL-20036,Florida,"Freeze, Frost, and Ice",2026-01-23,2026-02-05,2026-03-04,Secretary of Agriculture,Disaster Declared,,2026-11-04,,Indian River,12061,27.700528,-80.574789
FL-20036,Florida,"Freeze, Frost, and Ice",2026-01-23,2026-02-05,2026-03-04,Secretary of Agriculture,Disaster Declared,,2026-11-04,,Jackson,12063,30.789249,-85.208814
FL-20036,Florida,"Freeze, Frost, and Ice",2026-01-23,2026-02-05,2026-03-04,Secretary of Agriculture,Disaster Declared,,2026-11-04,,Pasco,12101,28.309823,-82.511006
FL-20036,Florida,"Freeze, Frost, and Ice",2026-01-23,2026-02-05,2026-03-04,Secretary of Agriculture,Disaster Declared,,2026-11-04,,St. Lucie,12111,27.379814,-80.443536
FL-20039,Florida,"Freeze, Frost, Ice, and High Winds",2026-01-23,2026-02-05,2026-04-01,Secretary of Agriculture,Disaster Declared,,2026-12-01,,Brevard,12009,28.298311,-80.700333
FL-20039,Florida,"Freeze, Frost, Ice, and High Winds",2026-01-23,2026-02-05,2026-04-01,Secretary of Agriculture,Disaster Declared,,2026-12-01,,Lake,12069,28.764113,-81.712282
FL-20039,Florida,"Freeze, Frost, Ice, and High Winds",2026-01-23,2026-02-05,2026-04-01,Secretary of Agriculture,Disaster Declared,,2026-12-01,,Orange,12095,28.514391,-81.323284
FL-20039,Florida,"Freeze, Frost, Ice, and High Winds",2026-01-23,2026-02-05,2026-04-01,Secretary of Agriculture,Disaster Declared,,2026-12-01,,Osceola,12097,28.059027,-81.139312
FL-20039,Florida,"Freeze, Frost, Ice, and High Winds",2026-01-23,2026-02-05,2026-04-01,Secretary of Agriculture,Disaster Declared,,2026-12-01,,Polk,12105,27.953649,-81.693534
LA-20014,Louisiana,Rural Area Louisiana Severe Winter Storm,2026-01-23,2026-01-27,2026-04-08,SBA Rural Agency,Disaster Declared,2026-06-08,2027-01-08,,West Carroll,22123,32.79248,-91.451998
FL-20038,Florida,"Freeze, Frost, and Ice",2026-01-23,2026-02-05,2026-04-01,Secretary of Agriculture,Disaster Declared,,2026-12-01,,Bay,12005,30.15914,-85.534395
FL-20038,Florida,"Freeze, Frost, and Ice",2026-01-23,2026-02-05,2026-04-01,Secretary of Agriculture,Disaster Declared,,2026-12-01,,Holmes,12059,30.862007,-85.815939
FL-20038,Florida,"Freeze, Frost, and Ice",2026-01-23,2026-02-05,2026-04-01,Secretary of Agriculture,Disaster Declared,,2026-12-01,,Washington,12133,30.602102,-85.655805
LA-20013,Louisiana,Louisiana Severe Winter Storm,2026-01-23,2026-01-27,2026-03-04,Presidential-Public Assistance,Disaster Declared,2026-05-04,2026-12-04,4900,Bienville,22013,32.340952,-93.041151
LA-20013,Louisiana,Louisiana Severe Winter Storm,2026-01-23,2026-01-27,2026-03-04,Presidential-Public Assistance,Disaster Declared,2026-05-04,2026-12-04,4900,Catahoula,22025,31.666517,-91.846703
LA-20013,Louisiana,Louisiana Severe Winter Storm,2026-01-23,2026-01-27,2026-03-04,Presidential-Public Assistance,Disaster Declared,2026-05-04,2026-12-04,4900,De Soto,22031,32.059248,-93.740797
LA-20013,Louisiana,Louisiana Severe Winter Storm,2026-01-23,2026-01-27,2026-03-04,Presidential-Public Assistance,Disaster Declared,2026-05-04,2026-12-04,4900,East Carroll,22035,32.73017,-91.234141
LA-20013,Louisiana,Louisiana Severe Winter Storm,2026-01-23,2026-01-27,2026-03-04,Presidential-Public Assistance,Disaster Declared,2026-05-04,2026-12-04,4900,Franklin,22041,32.139076,-91.672371
LA-20013,Louisiana,Louisiana Severe Winter Storm,2026-01-23,2026-01-27,2026-03-04,Presidential-Public Assistance,Disaster Declared,2026-05-04,2026-12-04,4900,Lincoln,22061,32.601823,-92.662303
LA-20013,Louisiana,Louisiana Severe Winter Storm,2026-01-23,2026-01-27,2026-03-04,Presidential-Public Assistance,Disaster Declared,2026-05-04,2026-12-04,4900,Madison,22065,32.346878,-91.231932
LA-20013,Louisiana,Louisiana Severe Winter Storm,2026-01-23,2026-01-27,2026-03-04,Presidential-Public Assistance,Disaster Declared,2026-05-04,2026-12-04,4900,Morehouse,22067,32.820008,-91.800399
LA-20013,Louisiana,Louisiana Severe Winter Storm,2026-01-23,2026-01-27,2026-03-04,Presidential-Public Assistance,Disaster Declared,2026-05-04,2026-12-04,4900,Ouachita,22073,32.480932,-92.151581
LA-20013,Louisiana,Louisiana Severe Winter Storm,2026-01-23,2026-01-27,2026-03-04,Presidential-Public Assistance,Disaster Declared,2026-05-04,2026-12-04,4900,Richland,22083,32.413158,-91.748353
LA-20013,Louisiana,Louisiana Severe Winter Storm,2026-01-23,2026-01-27,2026-03-04,Presidential-Public Assistance,Disaster Declared,2026-05-04,2026-12-04,4900,Union,22111,32.829349,-92.37565
LA-20013,Louisiana,Louisiana Severe Winter Storm,2026-01-23,2026-01-27,2026-03-04,Presidential-Public Assistance,Disaster Declared,2026-05-04,2026-12-04,4900,Webster,22119,32.732152,-93.339825
LA-20013,Louisiana,Louisiana Severe Winter Storm,2026-01-23,2026-01-27,2026-03-04,Presidential-Public Assistance,Disaster Declared,2026-05-04,2026-12-04,4900,West Carroll,22123,32.79248,-91.451998
TN-20030,Tennessee,Severe Winter Storm ,2026-01-22,2026-01-27,2026-02-06,Presidential-Public Assistance,Disaster Declared,2026-04-07,2026-11-06,4898,Benton,47005,36.070948,-88.071232
TN-20030,Tennessee,Severe Winter Storm ,2026-01-22,2026-01-27,2026-02-06,Presidential-Public Assistance,Disaster Declared,2026-04-07,2026-11-06,4898,Cheatham,47021,36.255169,-87.100808
TN-20030,Tennessee,Severe Winter Storm ,2026-01-22,2026-01-27,2026-02-06,Presidential-Public Assistance,Disaster Declared,2026-04-07,2026-11-06,4898,Chester,47023,35.420253,-88.611353
TN-20030,Tennessee,Severe Winter Storm ,2026-01-22,2026-01-27,2026-02-06,Presidential-Public Assistance,Disaster Declared,2026-04-07,2026-11-06,4898,Clay,47027,36.545749,-85.545717
TN-20030,Tennessee,Severe Winter Storm ,2026-01-22,2026-01-27,2026-02-06,Presidential-Public Assistance,Disaster Declared,2026-04-07,2026-11-06,4898,Davidson,47037,36.169129,-86.78479
TN-20030,Tennessee,Severe Winter Storm ,2026-01-22,2026-01-27,2026-02-06,Presidential-Public Assistance,Disaster Declared,2026-04-07,2026-11-06,4898,Decatur,47039,35.603136,-88.110292
TN-20030,Tennessee,Severe Winter Storm ,2026-01-22,2026-01-27,2026-02-06,Presidential-Public Assistance,Disaster Declared,2026-04-07,2026-11-06,4898,Dickson,47043,36.145533,-87.364155
TN-20030,Tennessee,Severe Winter Storm ,2026-01-22,2026-01-27,2026-02-06,Presidential-Public Assistance,Disaster Declared,2026-04-07,2026-11-06,4898,Fayette,47047,35.196993,-89.413803
TN-20030,Tennessee,Severe Winter Storm ,2026-01-22,2026-01-27,2026-02-06,Presidential-Public Assistance,Disaster Declared,2026-04-07,2026-11-06,4898,Giles,47055,35.202723,-87.035319
TN-20030,Tennessee,Severe Winter Storm ,2026-01-22,2026-01-27,2026-02-06,Presidential-Public Assistance,Disaster Declared,2026-04-07,2026-11-06,4898,Hamilton,47065,35.163472,-85.201843
TN-20030,Tennessee,Severe Winter Storm ,2026-01-22,2026-01-27,2026-02-06,Presidential-Public Assistance,Disaster Declared,2026-04-07,2026-11-06,4898,Hardeman,47069,35.218785,-88.988697
TN-20030,Tennessee,Severe Winter Storm ,2026-01-22,2026-01-27,2026-02-06,Presidential-Public Assistance,Disaster Declared,2026-04-07,2026-11-06,4898,Hardin,47071,35.201893,-88.185696
TN-20030,Tennessee,Severe Winter Storm ,2026-01-22,2026-01-27,2026-02-06,Presidential-Public Assistance,Disaster Declared,2026-04-07,2026-11-06,4898,Henderson,47077,35.653994,-88.387674
TN-20030,Tennessee,Severe Winter Storm ,2026-01-22,2026-01-27,2026-02-06,Presidential-Public Assistance,Disaster Declared,2026-04-07,2026-11-06,4898,Henry,47079,36.325295,-88.300288
TN-20030,Tennessee,Severe Winter Storm ,2026-01-22,2026-01-27,2026-02-06,Presidential-Public Assistance,Disaster Declared,2026-04-07,2026-11-06,4898,Hickman,47081,35.802327,-87.467116
TN-20030,Tennessee,Severe Winter Storm ,2026-01-22,2026-01-27,2026-02-06,Presidential-Public Assistance,Disaster Declared,2026-04-07,2026-11-06,4898,Humphreys,47085,36.040822,-87.790453
TN-20030,Tennessee,Severe Winter Storm ,2026-01-22,2026-01-27,2026-02-06,Presidential-Public Assistance,Disaster Declared,2026-04-07,2026-11-06,4898,Jackson,47087,36.35425,-85.674128
TN-20030,Tennessee,Severe Winter Storm ,2026-01-22,2026-01-27,2026-02-06,Presidential-Public Assistance,Disaster Declared,2026-04-07,2026-11-06,4898,Lawrence,47099,35.220476,-87.396546
TN-20030,Tennessee,Severe Winter Storm ,2026-01-22,2026-01-27,2026-02-06,Presidential-Public Assistance,Disaster Declared,2026-04-07,2026-11-06,4898,Lewis,47101,35.523244,-87.496983
TN-20030,Tennessee,Severe Winter Storm ,2026-01-22,2026-01-27,2026-02-06,Presidential-Public Assistance,Disaster Declared,2026-04-07,2026-11-06,4898,Macon,47111,36.537757,-86.00096
TN-20030,Tennessee,Severe Winter Storm ,2026-01-22,2026-01-27,2026-02-06,Presidential-Public Assistance,Disaster Declared,2026-04-07,2026-11-06,4898,Madison,47113,35.606056,-88.833424
TN-20030,Tennessee,Severe Winter Storm ,2026-01-22,2026-01-27,2026-02-06,Presidential-Public Assistance,Disaster Declared,2026-04-07,2026-11-06,4898,Maury,47119,35.615696,-87.077763
TN-20030,Tennessee,Severe Winter Storm ,2026-01-22,2026-01-27,2026-02-06,Presidential-Public Assistance,Disaster Declared,2026-04-07,2026-11-06,4898,McNairy,47109,35.175375,-88.56374
TN-20030,Tennessee,Severe Winter Storm ,2026-01-22,2026-01-27,2026-02-06,Presidential-Public Assistance,Disaster Declared,2026-04-07,2026-11-06,4898,Montgomery,47125,36.500354,-87.380887
TN-20030,Tennessee,Severe Winter Storm ,2026-01-22,2026-01-27,2026-02-06,Presidential-Public Assistance,Disaster Declared,2026-04-07,2026-11-06,4898,Morgan,47129,36.138697,-84.639262
TN-20030,Tennessee,Severe Winter Storm ,2026-01-22,2026-01-27,2026-02-06,Presidential-Public Assistance,Disaster Declared,2026-04-07,2026-11-06,4898,Overton,47133,36.34485,-85.283076
TN-20030,Tennessee,Severe Winter Storm ,2026-01-22,2026-01-27,2026-02-06,Presidential-Public Assistance,Disaster Declared,2026-04-07,2026-11-06,4898,Perry,47135,35.663752,-87.869326
TN-20030,Tennessee,Severe Winter Storm ,2026-01-22,2026-01-27,2026-02-06,Presidential-Public Assistance,Disaster Declared,2026-04-07,2026-11-06,4898,Rhea,47143,35.60059,-84.949548
TN-20030,Tennessee,Severe Winter Storm ,2026-01-22,2026-01-27,2026-02-06,Presidential-Public Assistance,Disaster Declared,2026-04-07,2026-11-06,4898,Roane,47145,35.84725,-84.523929
TN-20030,Tennessee,Severe Winter Storm ,2026-01-22,2026-01-27,2026-02-06,Presidential-Public Assistance,Disaster Declared,2026-04-07,2026-11-06,4898,Robertson,47147,36.527509,-86.869354
TN-20030,Tennessee,Severe Winter Storm ,2026-01-22,2026-01-27,2026-02-06,Presidential-Public Assistance,Disaster Declared,2026-04-07,2026-11-06,4898,Sequatchie,47153,35.372336,-85.410082
TN-20030,Tennessee,Severe Winter Storm ,2026-01-22,2026-01-27,2026-02-06,Presidential-Public Assistance,Disaster Declared,2026-04-07,2026-11-06,4898,Shelby,47157,35.184553,-89.894612
TN-20030,Tennessee,Severe Winter Storm ,2026-01-22,2026-01-27,2026-02-06,Presidential-Public Assistance,Disaster Declared,2026-04-07,2026-11-06,4898,Smith,47159,36.256645,-85.941915
TN-20030,Tennessee,Severe Winter Storm ,2026-01-22,2026-01-27,2026-02-06,Presidential-Public Assistance,Disaster Declared,2026-04-07,2026-11-06,4898,Stewart,47161,36.458464,-87.811889
TN-20030,Tennessee,Severe Winter Storm ,2026-01-22,2026-01-27,2026-02-06,Presidential-Public Assistance,Disaster Declared,2026-04-07,2026-11-06,4898,Sumner,47165,36.472423,-86.458405
TN-20030,Tennessee,Severe Winter Storm ,2026-01-22,2026-01-27,2026-02-06,Presidential-Public Assistance,Disaster Declared,2026-04-07,2026-11-06,4898,Trousdale,47169,36.39303,-86.156691
TN-20030,Tennessee,Severe Winter Storm ,2026-01-22,2026-01-27,2026-02-06,Presidential-Public Assistance,Disaster Declared,2026-04-07,2026-11-06,4898,Union,47173,36.28414,-83.836088
TN-20030,Tennessee,Severe Winter Storm ,2026-01-22,2026-01-27,2026-02-06,Presidential-Public Assistance,Disaster Declared,2026-04-07,2026-11-06,4898,Wayne,47181,35.242847,-87.819843
TN-20030,Tennessee,Severe Winter Storm ,2026-01-22,2026-01-27,2026-02-06,Presidential-Public Assistance,Disaster Declared,2026-04-07,2026-11-06,4898,Williamson,47187,35.894807,-86.898068
TN-20030,Tennessee,Severe Winter Storm ,2026-01-22,2026-01-27,2026-02-06,Presidential-Public Assistance,Disaster Declared,2026-04-07,2026-11-06,4898,Wilson,47189,36.149527,-86.291242
TN-20031,Tennessee,Severe Winter Storm,2026-01-22,2026-01-27,2026-04-10,Presidential-Individual Assistance,Disaster Declared,2026-06-10,2027-01-11,4898,Benton,47005,36.070948,-88.071232
TN-20031,Tennessee,Severe Winter Storm,2026-01-22,2026-01-27,2026-04-10,Presidential-Individual Assistance,Disaster Declared,2026-06-10,2027-01-11,4898,Carroll,47017,35.965748,-88.452379
TN-20031,Tennessee,Severe Winter Storm,2026-01-22,2026-01-27,2026-04-10,Presidential-Individual Assistance,Disaster Declared,2026-06-10,2027-01-11,4898,Cheatham,47021,36.255169,-87.100808
TN-20031,Tennessee,Severe Winter Storm,2026-01-22,2026-01-27,2026-04-10,Presidential-Individual Assistance,Disaster Declared,2026-06-10,2027-01-11,4898,Chester,47023,35.420253,-88.611353
TN-20031,Tennessee,Severe Winter Storm,2026-01-22,2026-01-27,2026-04-10,Presidential-Individual Assistance,Disaster Declared,2026-06-10,2027-01-11,4898,Clay,47027,36.545749,-85.545717
TN-20031,Tennessee,Severe Winter Storm,2026-01-22,2026-01-27,2026-04-10,Presidential-Individual Assistance,Disaster Declared,2026-06-10,2027-01-11,4898,Davidson,47037,36.169129,-86.78479
TN-20031,Tennessee,Severe Winter Storm,2026-01-22,2026-01-27,2026-04-10,Presidential-Individual Assistance,Disaster Declared,2026-06-10,2027-01-11,4898,Decatur,47039,35.603136,-88.110292
TN-20031,Tennessee,Severe Winter Storm,2026-01-22,2026-01-27,2026-04-10,Presidential-Individual Assistance,Disaster Declared,2026-06-10,2027-01-11,4898,Dickson,47043,36.145533,-87.364155
TN-20031,Tennessee,Severe Winter Storm,2026-01-22,2026-01-27,2026-04-10,Presidential-Individual Assistance,Disaster Declared,2026-06-10,2027-01-11,4898,Dyer,47045,36.054196,-89.398306
TN-20031,Tennessee,Severe Winter Storm,2026-01-22,2026-01-27,2026-04-10,Presidential-Individual Assistance,Disaster Declared,2026-06-10,2027-01-11,4898,Fayette,47047,35.196993,-89.413803
TN-20031,Tennessee,Severe Winter Storm,2026-01-22,2026-01-27,2026-04-10,Presidential-Individual Assistance,Disaster Declared,2026-06-10,2027-01-11,4898,Hardeman,47069,35.218785,-88.988697
TN-20031,Tennessee,Severe Winter Storm,2026-01-22,2026-01-27,2026-04-10,Presidential-Individual Assistance,Disaster Declared,2026-06-10,2027-01-11,4898,Hardin,47071,35.201893,-88.185696
TN-20031,Tennessee,Severe Winter Storm,2026-01-22,2026-01-27,2026-04-10,Presidential-Individual Assistance,Disaster Declared,2026-06-10,2027-01-11,4898,Henderson,47077,35.653994,-88.387674
TN-20031,Tennessee,Severe Winter Storm,2026-01-22,2026-01-27,2026-04-10,Presidential-Individual Assistance,Disaster Declared,2026-06-10,2027-01-11,4898,Hickman,47081,35.802327,-87.467116
TN-20031,Tennessee,Severe Winter Storm,2026-01-22,2026-01-27,2026-04-10,Presidential-Individual Assistance,Disaster Declared,2026-06-10,2027-01-11,4898,Lewis,47101,35.523244,-87.496983
TN-20031,Tennessee,Severe Winter Storm,2026-01-22,2026-01-27,2026-04-10,Presidential-Individual Assistance,Disaster Declared,2026-06-10,2027-01-11,4898,Macon,47111,36.537757,-86.00096
TN-20031,Tennessee,Severe Winter Storm,2026-01-22,2026-01-27,2026-04-10,Presidential-Individual Assistance,Disaster Declared,2026-06-10,2027-01-11,4898,Madison,47113,35.606056,-88.833424
TN-20031,Tennessee,Severe Winter Storm,2026-01-22,2026-01-27,2026-04-10,Presidential-Individual Assistance,Disaster Declared,2026-06-10,2027-01-11,4898,Maury,47119,35.615696,-87.077763
TN-20031,Tennessee,Severe Winter Storm,2026-01-22,2026-01-27,2026-04-10,Presidential-Individual Assistance,Disaster Declared,2026-06-10,2027-01-11,4898,McNairy,47109,35.175375,-88.56374
TN-20031,Tennessee,Severe Winter Storm,2026-01-22,2026-01-27,2026-04-10,Presidential-Individual Assistance,Disaster Declared,2026-06-10,2027-01-11,4898,Montgomery,47125,36.500354,-87.380887
TN-20031,Tennessee,Severe Winter Storm,2026-01-22,2026-01-27,2026-04-10,Presidential-Individual Assistance,Disaster Declared,2026-06-10,2027-01-11,4898,Perry,47135,35.663752,-87.869326
TN-20031,Tennessee,Severe Winter Storm,2026-01-22,2026-01-27,2026-04-10,Presidential-Individual Assistance,Disaster Declared,2026-06-10,2027-01-11,4898,Robertson,47147,36.527509,-86.869354
TN-20031,Tennessee,Severe Winter Storm,2026-01-22,2026-01-27,2026-04-10,Presidential-Individual Assistance,Disaster Declared,2026-06-10,2027-01-11,4898,Rutherford,47149,35.843369,-86.417213
TN-20031,Tennessee,Severe Winter Storm,2026-01-22,2026-01-27,2026-04-10,Presidential-Individual Assistance,Disaster Declared,2026-06-10,2027-01-11,4898,Shelby,47157,35.184553,-89.894612
TN-20031,Tennessee,Severe Winter Storm,2026-01-22,2026-01-27,2026-04-10,Presidential-Individual Assistance,Disaster Declared,2026-06-10,2027-01-11,4898,Sumner,47165,36.472423,-86.458405
TN-20031,Tennessee,Severe Winter Storm,2026-01-22,2026-01-27,2026-04-10,Presidential-Individual Assistance,Disaster Declared,2026-06-10,2027-01-11,4898,Trousdale,47169,36.39303,-86.156691
TN-20031,Tennessee,Severe Winter Storm,2026-01-22,2026-01-27,2026-04-10,Presidential-Individual Assistance,Disaster Declared,2026-06-10,2027-01-11,4898,Wayne,47181,35.242847,-87.819843
TN-20031,Tennessee,Severe Winter Storm,2026-01-22,2026-01-27,2026-04-10,Presidential-Individual Assistance,Disaster Declared,2026-06-10,2027-01-11,4898,Williamson,47187,35.894807,-86.898068
TN-20031,Tennessee,Severe Winter Storm,2026-01-22,2026-01-27,2026-04-10,Presidential-Individual Assistance,Disaster Declared,2026-06-10,2027-01-11,4898,Wilson,47189,36.149527,-86.291242
TN-20032,Tennessee,2026 Severe Winter Storm Fern,2026-01-22,2026-01-27,2026-04-07,SBA Declaration (Agency),Disaster Declared,2026-06-08,2027-01-07,,Hardin,47071,35.201893,-88.185696
SC-20024,South Carolina,Severe Winter Storm,2026-01-21,2026-01-27,2026-04-07,Presidential-Public Assistance,Disaster Declared,2026-06-10,2027-01-07,4908,Greenville,45045,34.892645,-82.372077
SC-20024,South Carolina,Severe Winter Storm,2026-01-21,2026-01-27,2026-04-07,Presidential-Public Assistance,Disaster Declared,2026-06-10,2027-01-07,4908,Oconee,45073,34.748766,-83.06154
SC-20024,South Carolina,Severe Winter Storm,2026-01-21,2026-01-27,2026-04-07,Presidential-Public Assistance,Disaster Declared,2026-06-10,2027-01-07,4908,Pickens,45077,34.885368,-82.723377
CA-20040,California,Oakland Apartment Fire,2026-01-19,2026-01-19,2026-02-10,SBA Declaration (Agency),Disaster Declared,2026-04-13,2026-11-10,,Alameda,06001,37.647139,-121.912488
VA-20023,Virginia,Drought,2026-01-13,,2026-04-10,Secretary of Agriculture,Disaster Declared,,2026-12-10,,Brunswick,51025,36.764204,-77.861483
VA-20023,Virginia,Drought,2026-01-13,,2026-04-10,Secretary of Agriculture,Disaster Declared,,2026-12-10,,Greensville,51081,36.680336,-77.560277
VA-20023,Virginia,Drought,2026-01-13,,2026-04-10,Secretary of Agriculture,Disaster Declared,,2026-12-10,,Southampton,51175,36.720068,-77.103813
SC-20021,South Carolina,Drought,2026-01-06,,2026-04-10,Secretary of Agriculture,Disaster Declared,,2026-12-10,,Abbeville,45001,34.229041,-82.454058
SC-20021,South Carolina,Drought,2026-01-06,,2026-04-10,Secretary of Agriculture,Disaster Declared,,2026-12-10,,Allendale,45005,32.979757,-81.363265
SC-20021,South Carolina,Drought,2026-01-06,,2026-04-10,Secretary of Agriculture,Disaster Declared,,2026-12-10,,Anderson,45007,34.521235,-82.638603
SC-20021,South Carolina,Drought,2026-01-06,,2026-04-10,Secretary of Agriculture,Disaster Declared,,2026-12-10,,Bamberg,45009,33.203021,-81.053161
SC-20021,South Carolina,Drought,2026-01-06,,2026-04-10,Secretary of Agriculture,Disaster Declared,,2026-12-10,,Beaufort,45013,32.358112,-80.689422
SC-20021,South Carolina,Drought,2026-01-06,,2026-04-10,Secretary of Agriculture,Disaster Declared,,2026-12-10,,Cherokee,45021,35.049796,-81.607647
SC-20021,South Carolina,Drought,2026-01-06,,2026-04-10,Secretary of Agriculture,Disaster Declared,,2026-12-10,,Chester,45023,34.689342,-81.161249
SC-20021,South Carolina,Drought,2026-01-06,,2026-04-10,Secretary of Agriculture,Disaster Declared,,2026-12-10,,Chesterfield,45025,34.637018,-80.159227
SC-20021,South Carolina,Drought,2026-01-06,,2026-04-10,Secretary of Agriculture,Disaster Declared,,2026-12-10,,Colleton,45029,32.835018,-80.655244
SC-20021,South Carolina,Drought,2026-01-06,,2026-04-10,Secretary of Agriculture,Disaster Declared,,2026-12-10,,Darlington,45031,34.332185,-79.962115
SC-20021,South Carolina,Drought,2026-01-06,,2026-04-10,Secretary of Agriculture,Disaster Declared,,2026-12-10,,Dillon,45033,34.390172,-79.374964
SC-20021,South Carolina,Drought,2026-01-06,,2026-04-10,Secretary of Agriculture,Disaster Declared,,2026-12-10,,Dorchester,45035,33.082186,-80.404697
SC-20021,South Carolina,Drought,2026-01-06,,2026-04-10,Secretary of Agriculture,Disaster Declared,,2026-12-10,,Edgefield,45037,33.776498,-81.968245
SC-20021,South Carolina,Drought,2026-01-06,,2026-04-10,Secretary of Agriculture,Disaster Declared,,2026-12-10,,Fairfield,45039,34.395669,-81.127001
SC-20021,South Carolina,Drought,2026-01-06,,2026-04-10,Secretary of Agriculture,Disaster Declared,,2026-12-10,,Greenville,45045,34.892645,-82.372077
SC-20021,South Carolina,Drought,2026-01-06,,2026-04-10,Secretary of Agriculture,Disaster Declared,,2026-12-10,,Greenwood,45047,34.155796,-82.127876
SC-20021,South Carolina,Drought,2026-01-06,,2026-04-10,Secretary of Agriculture,Disaster Declared,,2026-12-10,,Hampton,45049,32.778334,-81.143822
SC-20021,South Carolina,Drought,2026-01-06,,2026-04-10,Secretary of Agriculture,Disaster Declared,,2026-12-10,,Jasper,45053,32.43059,-81.021627
SC-20021,South Carolina,Drought,2026-01-06,,2026-04-10,Secretary of Agriculture,Disaster Declared,,2026-12-10,,Lancaster,45057,34.686818,-80.703688
SC-20021,South Carolina,Drought,2026-01-06,,2026-04-10,Secretary of Agriculture,Disaster Declared,,2026-12-10,,Laurens,45059,34.483676,-82.005498
SC-20021,South Carolina,Drought,2026-01-06,,2026-04-10,Secretary of Agriculture,Disaster Declared,,2026-12-10,,McCormick,45065,33.897599,-82.316196
SC-20021,South Carolina,Drought,2026-01-06,,2026-04-10,Secretary of Agriculture,Disaster Declared,,2026-12-10,,Marlboro,45069,34.60167,-79.679435
SC-20021,South Carolina,Drought,2026-01-06,,2026-04-10,Secretary of Agriculture,Disaster Declared,,2026-12-10,,Newberry,45071,34.289881,-81.599676
SC-20021,South Carolina,Drought,2026-01-06,,2026-04-10,Secretary of Agriculture,Disaster Declared,,2026-12-10,,Oconee,45073,34.748766,-83.06154
SC-20021,South Carolina,Drought,2026-01-06,,2026-04-10,Secretary of Agriculture,Disaster Declared,,2026-12-10,,Orangeburg,45075,33.436135,-80.802913
SC-20021,South Carolina,Drought,2026-01-06,,2026-04-10,Secretary of Agriculture,Disaster Declared,,2026-12-10,,Pickens,45077,34.885368,-82.723377
SC-20021,South Carolina,Drought,2026-01-06,,2026-04-10,Secretary of Agriculture,Disaster Declared,,2026-12-10,,Saluda,45081,34.005278,-81.727903
SC-20021,South Carolina,Drought,2026-01-06,,2026-04-10,Secretary of Agriculture,Disaster Declared,,2026-12-10,,Spartanburg,45083,34.932014,-81.991624
SC-20021,South Carolina,Drought,2026-01-06,,2026-04-10,Secretary of Agriculture,Disaster Declared,,2026-12-10,,Union,45087,34.690397,-81.615896
SC-20021,South Carolina,Drought,2026-01-06,,2026-04-10,Secretary of Agriculture,Disaster Declared,,2026-12-10,,York,45091,34.970188,-81.183187
AZ-20018,Arizona,Drought,2026-01-01,,2026-04-06,Secretary of Agriculture,Disaster Declared,,2026-12-07,,Apache,04001,35.385084,-109.490172
AZ-20018,Arizona,Drought,2026-01-01,,2026-04-06,Secretary of Agriculture,Disaster Declared,,2026-12-07,,Graham,04009,32.931828,-109.87831
AZ-20018,Arizona,Drought,2026-01-01,,2026-04-06,Secretary of Agriculture,Disaster Declared,,2026-12-07,,Greenlee,04011,33.238872,-109.242323
AZ-20018,Arizona,Drought,2026-01-01,,2026-04-06,Secretary of Agriculture,Disaster Declared,,2026-12-07,,Navajo,04017,35.390785,-110.321025
AZ-20018,Arizona,Drought,2026-01-01,,2026-04-06,Secretary of Agriculture,Disaster Declared,,2026-12-07,,Pima,04019,32.128038,-111.783657
HI-20013,Hawaii,Drought,2026-01-01,,2026-04-10,Secretary of Agriculture,Disaster Declared,,2026-12-10,,Hawaii,15001,19.597764,-155.502443
HI-20013,Hawaii,Drought,2026-01-01,,2026-04-10,Secretary of Agriculture,Disaster Declared,,2026-12-10,,Maui,15009,20.855931,-156.60155
NV-20005,Nevada,Drought,2026-01-01,,2026-04-10,Secretary of Agriculture,Disaster Declared,,2026-12-10,,Elko,32007,41.141133,-115.351424
NV-20005,Nevada,Drought,2026-01-01,,2026-04-10,Secretary of Agriculture,Disaster Declared,,2026-12-10,,Lincoln,32017,37.634605,-114.863037
NV-20005,Nevada,Drought,2026-01-01,,2026-04-10,Secretary of Agriculture,Disaster Declared,,2026-12-10,,White Pine,32033,39.418176,-114.900565
UT-20015,Utah,Drought,2026-01-01,,2026-04-10,Secretary of Agriculture,Disaster Declared,,2026-12-10,,Beaver,49001,38.357535,-113.238948
UT-20015,Utah,Drought,2026-01-01,,2026-04-10,Secretary of Agriculture,Disaster Declared,,2026-12-10,,Carbon,49007,39.673284,-110.588484
UT-20015,Utah,Drought,2026-01-01,,2026-04-10,Secretary of Agriculture,Disaster Declared,,2026-12-10,,Duchesne,49013,40.289393,-110.429584
UT-20015,Utah,Drought,2026-01-01,,2026-04-10,Secretary of Agriculture,Disaster Declared,,2026-12-10,,Emery,49015,39.009025,-110.7211
UT-20015,Utah,Drought,2026-01-01,,2026-04-10,Secretary of Agriculture,Disaster Declared,,2026-12-10,,Garfield,49017,37.831664,-111.450908
UT-20015,Utah,Drought,2026-01-01,,2026-04-10,Secretary of Agriculture,Disaster Declared,,2026-12-10,,Grand,49019,38.974326,-109.57345
UT-20015,Utah,Drought,2026-01-01,,2026-04-10,Secretary of Agriculture,Disaster Declared,,2026-12-10,,Juab,49023,39.71412,-112.790471
UT-20015,Utah,Drought,2026-01-01,,2026-04-10,Secretary of Agriculture,Disaster Declared,,2026-12-10,,Millard,49027,38.956744,-113.133092
UT-20015,Utah,Drought,2026-01-01,,2026-04-10,Secretary of Agriculture,Disaster Declared,,2026-12-10,,San Juan,49037,37.602633,-109.791574
UT-20015,Utah,Drought,2026-01-01,,2026-04-10,Secretary of Agriculture,Disaster Declared,,2026-12-10,,Sevier,49041,38.746824,-111.81193
UT-20015,Utah,Drought,2026-01-01,,2026-04-10,Secretary of Agriculture,Disaster Declared,,2026-12-10,,Tooele,49045,40.467753,-113.123979
UT-20015,Utah,Drought,2026-01-01,,2026-04-10,Secretary of Agriculture,Disaster Declared,,2026-12-10,,Uintah,49047,40.125887,-109.517748
UT-20015,Utah,Drought,2026-01-01,,2026-04-10,Secretary of Agriculture,Disaster Declared,,2026-12-10,,Wayne,49055,38.25984,-110.990877
WY-20017,Wyoming,Drought,2026-01-01,,2026-04-13,Secretary of Agriculture,Disaster Declared,,2026-12-14,,Albany,56001,41.665514,-105.721883
WY-20017,Wyoming,Drought,2026-01-01,,2026-04-13,Secretary of Agriculture,Disaster Declared,,2026-12-14,,Carbon,56007,41.70359,-106.933153
WY-20017,Wyoming,Drought,2026-01-01,,2026-04-13,Secretary of Agriculture,Disaster Declared,,2026-12-14,,Lincoln,56023,42.229993,-110.682961
WY-20017,Wyoming,Drought,2026-01-01,,2026-04-13,Secretary of Agriculture,Disaster Declared,,2026-12-14,,Sweetwater,56037,41.660328,-108.875677
WY-20017,Wyoming,Drought,2026-01-01,,2026-04-13,Secretary of Agriculture,Disaster Declared,,2026-12-14,,Uinta,56041,41.284726,-110.558947
CA-20039,California,"2026 Early January Storm, Tidal Flooding and King Tides",2025-12-31,2026-01-05,2026-02-03,SBA Declaration (Agency),Disaster Declared,2026-04-06,2026-11-03,,Humboldt,06023,40.706655,-123.926176
CA-20039,California,"2026 Early January Storm, Tidal Flooding and King Tides",2025-12-31,2026-01-05,2026-02-03,SBA Declaration (Agency),Disaster Declared,2026-04-06,2026-11-03,,Marin,06041,38.051367,-122.746396
LA-20015,Louisiana,Drought,2025-12-30,,2026-04-10,Secretary of Agriculture,Disaster Declared,,2026-12-10,,Assumption,22007,29.9033,-91.065219
LA-20015,Louisiana,Drought,2025-12-30,,2026-04-10,Secretary of Agriculture,Disaster Declared,,2026-12-10,,Avoyelles,22009,31.088503,-91.983275
LA-20015,Louisiana,Drought,2025-12-30,,2026-04-10,Secretary of Agriculture,Disaster Declared,,2026-12-10,,Bienville,22013,32.340952,-93.041151
LA-20015,Louisiana,Drought,2025-12-30,,2026-04-10,Secretary of Agriculture,Disaster Declared,,2026-12-10,,Caldwell,22021,32.101219,-92.114231
LA-20015,Louisiana,Drought,2025-12-30,,2026-04-10,Secretary of Agriculture,Disaster Declared,,2026-12-10,,Catahoula,22025,31.666517,-91.846703
LA-20015,Louisiana,Drought,2025-12-30,,2026-04-10,Secretary of Agriculture,Disaster Declared,,2026-12-10,,Concordia,22029,31.469805,-91.626315
LA-20015,Louisiana,Drought,2025-12-30,,2026-04-10,Secretary of Agriculture,Disaster Declared,,2026-12-10,,De Soto,22031,32.059248,-93.740797
LA-20015,Louisiana,Drought,2025-12-30,,2026-04-10,Secretary of Agriculture,Disaster Declared,,2026-12-10,,Evangeline,22039,30.720693,-92.404086
LA-20015,Louisiana,Drought,2025-12-30,,2026-04-10,Secretary of Agriculture,Disaster Declared,,2026-12-10,,Franklin,22041,32.139076,-91.672371
LA-20015,Louisiana,Drought,2025-12-30,,2026-04-10,Secretary of Agriculture,Disaster Declared,,2026-12-10,,Grant,22043,31.597787,-92.561716
LA-20015,Louisiana,Drought,2025-12-30,,2026-04-10,Secretary of Agriculture,Disaster Declared,,2026-12-10,,Jackson,22049,32.30429,-92.5617
LA-20015,Louisiana,Drought,2025-12-30,,2026-04-10,Secretary of Agriculture,Disaster Declared,,2026-12-10,,Lafourche,22057,29.491992,-90.394849
LA-20015,Louisiana,Drought,2025-12-30,,2026-04-10,Secretary of Agriculture,Disaster Declared,,2026-12-10,,LaSalle,22059,31.680083,-92.161596
LA-20015,Louisiana,Drought,2025-12-30,,2026-04-10,Secretary of Agriculture,Disaster Declared,,2026-12-10,,Madison,22065,32.346878,-91.231932
LA-20015,Louisiana,Drought,2025-12-30,,2026-04-10,Secretary of Agriculture,Disaster Declared,,2026-12-10,,Natchitoches,22069,31.732509,-93.082546
LA-20015,Louisiana,Drought,2025-12-30,,2026-04-10,Secretary of Agriculture,Disaster Declared,,2026-12-10,,Pointe Coupee,22077,30.708319,-91.604621
LA-20015,Louisiana,Drought,2025-12-30,,2026-04-10,Secretary of Agriculture,Disaster Declared,,2026-12-10,,Rapides,22079,31.193204,-92.535953
LA-20015,Louisiana,Drought,2025-12-30,,2026-04-10,Secretary of Agriculture,Disaster Declared,,2026-12-10,,Red River,22081,32.101213,-93.34905
LA-20015,Louisiana,Drought,2025-12-30,,2026-04-10,Secretary of Agriculture,Disaster Declared,,2026-12-10,,Sabine,22085,31.560402,-93.559579
LA-20015,Louisiana,Drought,2025-12-30,,2026-04-10,Secretary of Agriculture,Disaster Declared,,2026-12-10,,St. Landry,22097,30.583441,-91.989274
LA-20015,Louisiana,Drought,2025-12-30,,2026-04-10,Secretary of Agriculture,Disaster Declared,,2026-12-10,,St. Mary,22101,29.629349,-91.463804
LA-20015,Louisiana,Drought,2025-12-30,,2026-04-10,Secretary of Agriculture,Disaster Declared,,2026-12-10,,Tensas,22107,32.001489,-91.342576
LA-20015,Louisiana,Drought,2025-12-30,,2026-04-10,Secretary of Agriculture,Disaster Declared,,2026-12-10,,West Feliciana,22125,30.873364,-91.421776
LA-20015,Louisiana,Drought,2025-12-30,,2026-04-10,Secretary of Agriculture,Disaster Declared,,2026-12-10,,Winn,22127,31.941187,-92.641269
LA-20015,Louisiana,Drought,2025-12-30,,2026-04-10,Secretary of Agriculture,Disaster Declared,,2026-12-10,,Terrebonne,22109,29.33413,-90.843674
TN-20033,Tennessee,Drought,2025-12-30,,2026-04-10,Secretary of Agriculture,Disaster Declared,,2026-12-10,,Bledsoe,47007,35.593561,-85.20591
TN-20033,Tennessee,Drought,2025-12-30,,2026-04-10,Secretary of Agriculture,Disaster Declared,,2026-12-10,,Blount,47009,35.688185,-83.922973
TN-20033,Tennessee,Drought,2025-12-30,,2026-04-10,Secretary of Agriculture,Disaster Declared,,2026-12-10,,Bradley,47011,35.153914,-84.859414
TN-20033,Tennessee,Drought,2025-12-30,,2026-04-10,Secretary of Agriculture,Disaster Declared,,2026-12-10,,Carter,47019,36.284744,-82.126593
TN-20033,Tennessee,Drought,2025-12-30,,2026-04-10,Secretary of Agriculture,Disaster Declared,,2026-12-10,,Cocke,47029,35.916198,-83.119224
TN-20033,Tennessee,Drought,2025-12-30,,2026-04-10,Secretary of Agriculture,Disaster Declared,,2026-12-10,,Cumberland,47035,35.952398,-84.994761
TN-20033,Tennessee,Drought,2025-12-30,,2026-04-10,Secretary of Agriculture,Disaster Declared,,2026-12-10,,Dyer,47045,36.054196,-89.398306
TN-20033,Tennessee,Drought,2025-12-30,,2026-04-10,Secretary of Agriculture,Disaster Declared,,2026-12-10,,Greene,47059,36.179487,-82.847523
TN-20033,Tennessee,Drought,2025-12-30,,2026-04-10,Secretary of Agriculture,Disaster Declared,,2026-12-10,,Hamilton,47065,35.163472,-85.201843
TN-20033,Tennessee,Drought,2025-12-30,,2026-04-10,Secretary of Agriculture,Disaster Declared,,2026-12-10,,Johnson,47091,36.453203,-81.861247
TN-20033,Tennessee,Drought,2025-12-30,,2026-04-10,Secretary of Agriculture,Disaster Declared,,2026-12-10,,Lake,47095,36.333905,-89.485536
TN-20033,Tennessee,Drought,2025-12-30,,2026-04-10,Secretary of Agriculture,Disaster Declared,,2026-12-10,,Loudon,47105,35.735085,-84.314085
TN-20033,Tennessee,Drought,2025-12-30,,2026-04-10,Secretary of Agriculture,Disaster Declared,,2026-12-10,,McMinn,47107,35.424472,-84.619949
TN-20033,Tennessee,Drought,2025-12-30,,2026-04-10,Secretary of Agriculture,Disaster Declared,,2026-12-10,,Meigs,47121,35.512203,-84.816102
TN-20033,Tennessee,Drought,2025-12-30,,2026-04-10,Secretary of Agriculture,Disaster Declared,,2026-12-10,,Monroe,47123,35.447818,-84.249705
TN-20033,Tennessee,Drought,2025-12-30,,2026-04-10,Secretary of Agriculture,Disaster Declared,,2026-12-10,,Morgan,47129,36.138697,-84.639262
TN-20033,Tennessee,Drought,2025-12-30,,2026-04-10,Secretary of Agriculture,Disaster Declared,,2026-12-10,,Polk,47139,35.109437,-84.541112
TN-20033,Tennessee,Drought,2025-12-30,,2026-04-10,Secretary of Agriculture,Disaster Declared,,2026-12-10,,Rhea,47143,35.60059,-84.949548
TN-20033,Tennessee,Drought,2025-12-30,,2026-04-10,Secretary of Agriculture,Disaster Declared,,2026-12-10,,Roane,47145,35.84725,-84.523929
TN-20033,Tennessee,Drought,2025-12-30,,2026-04-10,Secretary of Agriculture,Disaster Declared,,2026-12-10,,Sevier,47155,35.787822,-83.5249
TN-20033,Tennessee,Drought,2025-12-30,,2026-04-10,Secretary of Agriculture,Disaster Declared,,2026-12-10,,Unicoi,47171,36.100129,-82.418218
TN-20033,Tennessee,Drought,2025-12-30,,2026-04-10,Secretary of Agriculture,Disaster Declared,,2026-12-10,,Washington,47179,36.295665,-82.495037
NC-20023,North Carolina,Drought,2025-12-30,,2026-04-10,Secretary of Agriculture,Disaster Declared,,2026-12-10,,Alamance,37001,36.043954,-79.400573
NC-20023,North Carolina,Drought,2025-12-30,,2026-04-10,Secretary of Agriculture,Disaster Declared,,2026-12-10,,Alexander,37003,35.920951,-81.177467
NC-20023,North Carolina,Drought,2025-12-30,,2026-04-10,Secretary of Agriculture,Disaster Declared,,2026-12-10,,Bertie,37015,36.059043,-76.962364
NC-20023,North Carolina,Drought,2025-12-30,,2026-04-10,Secretary of Agriculture,Disaster Declared,,2026-12-10,,Cabarrus,37025,35.388346,-80.552728
NC-20023,North Carolina,Drought,2025-12-30,,2026-04-10,Secretary of Agriculture,Disaster Declared,,2026-12-10,,Cherokee,37039,35.13715,-84.061449
NC-20023,North Carolina,Drought,2025-12-30,,2026-04-10,Secretary of Agriculture,Disaster Declared,,2026-12-10,,Clay,37043,35.052997,-83.752264
NC-20023,North Carolina,Drought,2025-12-30,,2026-04-10,Secretary of Agriculture,Disaster Declared,,2026-12-10,,Cleveland,37045,35.33463,-81.557114
NC-20023,North Carolina,Drought,2025-12-30,,2026-04-10,Secretary of Agriculture,Disaster Declared,,2026-12-10,,Cumberland,37051,35.050192,-78.828719
NC-20023,North Carolina,Drought,2025-12-30,,2026-04-10,Secretary of Agriculture,Disaster Declared,,2026-12-10,,Davie,37059,35.929355,-80.542552
NC-20023,North Carolina,Drought,2025-12-30,,2026-04-10,Secretary of Agriculture,Disaster Declared,,2026-12-10,,Duplin,37061,34.934403,-77.933543
NC-20023,North Carolina,Drought,2025-12-30,,2026-04-10,Secretary of Agriculture,Disaster Declared,,2026-12-10,,Edgecombe,37065,35.917077,-77.602742
NC-20023,North Carolina,Drought,2025-12-30,,2026-04-10,Secretary of Agriculture,Disaster Declared,,2026-12-10,,Franklin,37069,36.088241,-78.28309
NC-20023,North Carolina,Drought,2025-12-30,,2026-04-10,Secretary of Agriculture,Disaster Declared,,2026-12-10,,Gaston,37071,35.293344,-81.177256
NC-20023,North Carolina,Drought,2025-12-30,,2026-04-10,Secretary of Agriculture,Disaster Declared,,2026-12-10,,Guilford,37081,36.079065,-79.788665
NC-20023,North Carolina,Drought,2025-12-30,,2026-04-10,Secretary of Agriculture,Disaster Declared,,2026-12-10,,Halifax,37083,36.251438,-77.644842
NC-20023,North Carolina,Drought,2025-12-30,,2026-04-10,Secretary of Agriculture,Disaster Declared,,2026-12-10,,Haywood,37087,35.558882,-82.981307
NC-20023,North Carolina,Drought,2025-12-30,,2026-04-10,Secretary of Agriculture,Disaster Declared,,2026-12-10,,Iredell,37097,35.806251,-80.874524
NC-20023,North Carolina,Drought,2025-12-30,,2026-04-10,Secretary of Agriculture,Disaster Declared,,2026-12-10,,Johnston,37101,35.513419,-78.367348
NC-20023,North Carolina,Drought,2025-12-30,,2026-04-10,Secretary of Agriculture,Disaster Declared,,2026-12-10,,Lee,37105,35.476336,-79.172117
NC-20023,North Carolina,Drought,2025-12-30,,2026-04-10,Secretary of Agriculture,Disaster Declared,,2026-12-10,,Lincoln,37109,35.488491,-81.226893
NC-20023,North Carolina,Drought,2025-12-30,,2026-04-10,Secretary of Agriculture,Disaster Declared,,2026-12-10,,Macon,37113,35.152959,-83.421901
NC-20023,North Carolina,Drought,2025-12-30,,2026-04-10,Secretary of Agriculture,Disaster Declared,,2026-12-10,,Madison,37115,35.864206,-82.712631
NC-20023,North Carolina,Drought,2025-12-30,,2026-04-10,Secretary of Agriculture,Disaster Declared,,2026-12-10,,Martin,37117,35.847301,-77.119602
NC-20023,North Carolina,Drought,2025-12-30,,2026-04-10,Secretary of Agriculture,Disaster Declared,,2026-12-10,,Mecklenburg,37119,35.246862,-80.833832
NC-20023,North Carolina,Drought,2025-12-30,,2026-04-10,Secretary of Agriculture,Disaster Declared,,2026-12-10,,Nash,37127,35.965945,-77.987555
NC-20023,North Carolina,Drought,2025-12-30,,2026-04-10,Secretary of Agriculture,Disaster Declared,,2026-12-10,,Northampton,37131,36.421774,-77.398352
NC-20023,North Carolina,Drought,2025-12-30,,2026-04-10,Secretary of Agriculture,Disaster Declared,,2026-12-10,,Orange,37135,36.062525,-79.120033
NC-20023,North Carolina,Drought,2025-12-30,,2026-04-10,Secretary of Agriculture,Disaster Declared,,2026-12-10,,Person,37145,36.386356,-78.96563
NC-20023,North Carolina,Drought,2025-12-30,,2026-04-10,Secretary of Agriculture,Disaster Declared,,2026-12-10,,Randolph,37151,35.709915,-79.806215
NC-20023,North Carolina,Drought,2025-12-30,,2026-04-10,Secretary of Agriculture,Disaster Declared,,2026-12-10,,Richmond,37153,35.004636,-79.755695
NC-20023,North Carolina,Drought,2025-12-30,,2026-04-10,Secretary of Agriculture,Disaster Declared,,2026-12-10,,Rowan,37159,35.641355,-80.521721
NC-20023,North Carolina,Drought,2025-12-30,,2026-04-10,Secretary of Agriculture,Disaster Declared,,2026-12-10,,Sampson,37163,34.989298,-78.371261
NC-20023,North Carolina,Drought,2025-12-30,,2026-04-10,Secretary of Agriculture,Disaster Declared,,2026-12-10,,Stanly,37167,35.310449,-80.254374
NC-20023,North Carolina,Drought,2025-12-30,,2026-04-10,Secretary of Agriculture,Disaster Declared,,2026-12-10,,Swain,37173,35.568849,-83.465614
NC-20023,North Carolina,Drought,2025-12-30,,2026-04-10,Secretary of Agriculture,Disaster Declared,,2026-12-10,,Union,37179,34.99182,-80.530426
NC-20023,North Carolina,Drought,2025-12-30,,2026-04-10,Secretary of Agriculture,Disaster Declared,,2026-12-10,,Warren,37185,36.398105,-78.099899
NC-20023,North Carolina,Drought,2025-12-30,,2026-04-10,Secretary of Agriculture,Disaster Declared,,2026-12-10,,Wilkes,37193,36.208883,-81.166095
NC-20023,North Carolina,Drought,2025-12-30,,2026-04-10,Secretary of Agriculture,Disaster Declared,,2026-12-10,,Wilson,37195,35.700357,-77.921598
NC-20023,North Carolina,Drought,2025-12-30,,2026-04-10,Secretary of Agriculture,Disaster Declared,,2026-12-10,,Yadkin,37197,36.158765,-80.665164
NC-20023,North Carolina,Drought,2025-12-30,,2026-04-10,Secretary of Agriculture,Disaster Declared,,2026-12-10,,Harnett,37085,35.368635,-78.87161
TX-20068,Texas,Drought,2025-12-29,,2026-01-12,Secretary of Agriculture,Disaster Declared,,2026-09-14,,Waller,48473,30.01359,-95.982149
TX-20068,Texas,Drought,2025-12-29,,2026-01-12,Secretary of Agriculture,Disaster Declared,,2026-09-14,,Washington,48477,30.215075,-96.410272
SD-20016,South Dakota,Straight-line Winds,2025-12-17,2025-12-18,2026-04-07,Presidential-Public Assistance,Disaster Declared,2026-06-10,2027-01-07,4903,Custer,46033,43.684943,-103.46225
SD-20016,South Dakota,Straight-line Winds,2025-12-17,2025-12-18,2026-04-07,Presidential-Public Assistance,Disaster Declared,2026-06-10,2027-01-07,4903,Fall River,46047,43.221619,-103.512609
SD-20016,South Dakota,Straight-line Winds,2025-12-17,2025-12-18,2026-04-07,Presidential-Public Assistance,Disaster Declared,2026-06-10,2027-01-07,4903,Pennington,46103,44.002349,-102.823801
MT-20032,Montana,Fort Peck Assiniboine and Sioux Tribes - Severe Winter Storm and Straight-line Winds,2025-12-17,2025-12-18,2026-05-29,Presidential-Individual Assistance,Disaster Declared,2026-08-31,2027-03-01,4914,Roosevelt,30085,48.282747,-104.99517
MT-20032,Montana,Fort Peck Assiniboine and Sioux Tribes - Severe Winter Storm and Straight-line Winds,2025-12-17,2025-12-18,2026-05-29,Presidential-Individual Assistance,Disaster Declared,2026-08-31,2027-03-01,4914,Valley,30105,48.34985,-106.670424
MT-20032,Montana,Fort Peck Assiniboine and Sioux Tribes - Severe Winter Storm and Straight-line Winds,2025-12-17,2025-12-18,2026-05-29,Presidential-Individual Assistance,Disaster Declared,2026-08-31,2027-03-01,4914,Daniels,30019,48.794429,-105.541739
MT-20032,Montana,Fort Peck Assiniboine and Sioux Tribes - Severe Winter Storm and Straight-line Winds,2025-12-17,2025-12-18,2026-05-29,Presidential-Individual Assistance,Disaster Declared,2026-08-31,2027-03-01,4914,Sheridan,30091,48.705523,-104.533913
MT-20037,Montana,Severe Winter Storm and Straight-line Winds,2025-12-17,2025-12-18,2026-04-07,Presidential-Public Assistance,Disaster Declared,2026-06-10,2027-01-07,4902,Big Horn,30003,45.407868,-107.518162
MT-20037,Montana,Severe Winter Storm and Straight-line Winds,2025-12-17,2025-12-18,2026-04-07,Presidential-Public Assistance,Disaster Declared,2026-06-10,2027-01-07,4902,Blaine,30005,48.428282,-108.967648
MT-20037,Montana,Severe Winter Storm and Straight-line Winds,2025-12-17,2025-12-18,2026-04-07,Presidential-Public Assistance,Disaster Declared,2026-06-10,2027-01-07,4902,Broadwater,30007,46.329849,-111.497873
MT-20037,Montana,Severe Winter Storm and Straight-line Winds,2025-12-17,2025-12-18,2026-04-07,Presidential-Public Assistance,Disaster Declared,2026-06-10,2027-01-07,4902,Carbon,30009,45.224468,-109.028554
MT-20037,Montana,Severe Winter Storm and Straight-line Winds,2025-12-17,2025-12-18,2026-04-07,Presidential-Public Assistance,Disaster Declared,2026-06-10,2027-01-07,4902,Dawson,30021,47.26613,-104.898271
MT-20037,Montana,Severe Winter Storm and Straight-line Winds,2025-12-17,2025-12-18,2026-04-07,Presidential-Public Assistance,Disaster Declared,2026-06-10,2027-01-07,4902,Flathead,30029,48.295422,-114.052059
MT-20037,Montana,Severe Winter Storm and Straight-line Winds,2025-12-17,2025-12-18,2026-04-07,Presidential-Public Assistance,Disaster Declared,2026-06-10,2027-01-07,4902,Garfield,30033,47.267184,-106.995991
MT-20037,Montana,Severe Winter Storm and Straight-line Winds,2025-12-17,2025-12-18,2026-04-07,Presidential-Public Assistance,Disaster Declared,2026-06-10,2027-01-07,4902,Golden Valley,30037,46.380624,-109.174586
MT-20037,Montana,Severe Winter Storm and Straight-line Winds,2025-12-17,2025-12-18,2026-04-07,Presidential-Public Assistance,Disaster Declared,2026-06-10,2027-01-07,4902,Judith Basin,30045,47.032558,-110.30532
MT-20037,Montana,Severe Winter Storm and Straight-line Winds,2025-12-17,2025-12-18,2026-04-07,Presidential-Public Assistance,Disaster Declared,2026-06-10,2027-01-07,4902,Lake,30047,47.642901,-114.083687
MT-20037,Montana,Severe Winter Storm and Straight-line Winds,2025-12-17,2025-12-18,2026-04-07,Presidential-Public Assistance,Disaster Declared,2026-06-10,2027-01-07,4902,Lincoln,30053,48.552385,-115.463185
MT-20037,Montana,Severe Winter Storm and Straight-line Winds,2025-12-17,2025-12-18,2026-04-07,Presidential-Public Assistance,Disaster Declared,2026-06-10,2027-01-07,4902,McCone,30055,47.629628,-105.757222
MT-20037,Montana,Severe Winter Storm and Straight-line Winds,2025-12-17,2025-12-18,2026-04-07,Presidential-Public Assistance,Disaster Declared,2026-06-10,2027-01-07,4902,Mineral,30061,47.129687,-115.085385
MT-20037,Montana,Severe Winter Storm and Straight-line Winds,2025-12-17,2025-12-18,2026-04-07,Presidential-Public Assistance,Disaster Declared,2026-06-10,2027-01-07,4902,Missoula,30063,47.027263,-113.892691
MT-20037,Montana,Severe Winter Storm and Straight-line Winds,2025-12-17,2025-12-18,2026-04-07,Presidential-Public Assistance,Disaster Declared,2026-06-10,2027-01-07,4902,Park,30067,45.463081,-110.53493
MT-20037,Montana,Severe Winter Storm and Straight-line Winds,2025-12-17,2025-12-18,2026-04-07,Presidential-Public Assistance,Disaster Declared,2026-06-10,2027-01-07,4902,Phillips,30071,48.250143,-107.928897
MT-20037,Montana,Severe Winter Storm and Straight-line Winds,2025-12-17,2025-12-18,2026-04-07,Presidential-Public Assistance,Disaster Declared,2026-06-10,2027-01-07,4902,Pondera,30073,48.228604,-112.220761
MT-20037,Montana,Severe Winter Storm and Straight-line Winds,2025-12-17,2025-12-18,2026-04-07,Presidential-Public Assistance,Disaster Declared,2026-06-10,2027-01-07,4902,Powder River,30075,45.408926,-105.555344
MT-20037,Montana,Severe Winter Storm and Straight-line Winds,2025-12-17,2025-12-18,2026-04-07,Presidential-Public Assistance,Disaster Declared,2026-06-10,2027-01-07,4902,Powell,30077,46.844225,-112.9311
MT-20037,Montana,Severe Winter Storm and Straight-line Winds,2025-12-17,2025-12-18,2026-04-07,Presidential-Public Assistance,Disaster Declared,2026-06-10,2027-01-07,4902,Ravalli,30081,46.077744,-114.105795
MT-20037,Montana,Severe Winter Storm and Straight-line Winds,2025-12-17,2025-12-18,2026-04-07,Presidential-Public Assistance,Disaster Declared,2026-06-10,2027-01-07,4902,Rosebud,30087,46.173206,-106.666792
MT-20037,Montana,Severe Winter Storm and Straight-line Winds,2025-12-17,2025-12-18,2026-04-07,Presidential-Public Assistance,Disaster Declared,2026-06-10,2027-01-07,4902,Sanders,30089,47.756497,-115.180306
MT-20037,Montana,Severe Winter Storm and Straight-line Winds,2025-12-17,2025-12-18,2026-04-07,Presidential-Public Assistance,Disaster Declared,2026-06-10,2027-01-07,4902,Stillwater,30095,45.658545,-109.381576
MT-20037,Montana,Severe Winter Storm and Straight-line Winds,2025-12-17,2025-12-18,2026-04-07,Presidential-Public Assistance,Disaster Declared,2026-06-10,2027-01-07,4902,Sweet Grass,30097,45.811292,-109.944796
MT-20037,Montana,Severe Winter Storm and Straight-line Winds,2025-12-17,2025-12-18,2026-04-07,Presidential-Public Assistance,Disaster Declared,2026-06-10,2027-01-07,4902,Teton,30099,47.819035,-112.281725
MT-20037,Montana,Severe Winter Storm and Straight-line Winds,2025-12-17,2025-12-18,2026-04-07,Presidential-Public Assistance,Disaster Declared,2026-06-10,2027-01-07,4902,Valley,30105,48.34985,-106.670424
MT-20037,Montana,Severe Winter Storm and Straight-line Winds,2025-12-17,2025-12-18,2026-04-07,Presidential-Public Assistance,Disaster Declared,2026-06-10,2027-01-07,4902,Wheatland,30107,46.496967,-109.857684
MT-20037,Montana,Severe Winter Storm and Straight-line Winds,2025-12-17,2025-12-18,2026-04-07,Presidential-Public Assistance,Disaster Declared,2026-06-10,2027-01-07,4902,Glacier,30035,48.705671,-112.990502
MT-20034,Montana,Crow Tribe of Montana - Severe Winter Storm and Straight-line Winds,2025-12-17,2025-12-19,2026-05-29,Presidential-Individual Assistance,Disaster Declared,2026-08-31,2027-03-01,4915,Big Horn,30003,45.407868,-107.518162
MT-20034,Montana,Crow Tribe of Montana - Severe Winter Storm and Straight-line Winds,2025-12-17,2025-12-19,2026-05-29,Presidential-Individual Assistance,Disaster Declared,2026-08-31,2027-03-01,4915,Yellowstone,30111,45.936987,-108.276656
CA-20041,California,2025 Late December Storms,2025-12-16,2025-12-26,2026-02-06,Governors Certification,Disaster Declared,,2026-11-06,,Mono,06051,37.915836,-118.875167
CA-20041,California,2025 Late December Storms,2025-12-16,2025-12-26,2026-02-06,Governors Certification,Disaster Declared,,2026-11-06,,Santa Barbara,06083,34.536677,-120.038364
CA-20038,California,2025 Late December Storm,2025-12-16,2025-12-26,2026-02-03,SBA Declaration (Agency),Disaster Declared,2026-04-06,2026-11-03,,San Bernardino,06071,34.856661,-116.181571
CA-20038,California,2025 Late December Storm,2025-12-16,2025-12-26,2026-02-03,SBA Declaration (Agency),Disaster Declared,2026-04-06,2026-11-03,,Shasta,06089,40.760514,-122.043556
ID-20030,Idaho,Rural Area - Straight-line Winds,2025-12-16,2025-12-18,2026-06-08,SBA Rural Agency,Disaster Declared,2026-08-07,2027-03-08,,Idaho,16049,45.849644,-115.467337
ID-20030,Idaho,Rural Area - Straight-line Winds,2025-12-16,2025-12-18,2026-06-08,SBA Rural Agency,Disaster Declared,2026-08-07,2027-03-08,,Shoshone,16079,47.347694,-115.885092
ID-20027,Idaho,Straight-line Winds,2025-12-16,2025-12-18,2026-04-07,Presidential-Public Assistance,Disaster Declared,2026-06-10,2027-01-07,4905,Benewah,16009,47.218451,-116.633541
ID-20027,Idaho,Straight-line Winds,2025-12-16,2025-12-18,2026-04-07,Presidential-Public Assistance,Disaster Declared,2026-06-10,2027-01-07,4905,Bonner,16017,48.316796,-116.612362
ID-20027,Idaho,Straight-line Winds,2025-12-16,2025-12-18,2026-04-07,Presidential-Public Assistance,Disaster Declared,2026-06-10,2027-01-07,4905,Boundary,16021,48.773131,-116.524668
ID-20027,Idaho,Straight-line Winds,2025-12-16,2025-12-18,2026-04-07,Presidential-Public Assistance,Disaster Declared,2026-06-10,2027-01-07,4905,Clearwater,16035,46.67257,-115.6535
ID-20027,Idaho,Straight-line Winds,2025-12-16,2025-12-18,2026-04-07,Presidential-Public Assistance,Disaster Declared,2026-06-10,2027-01-07,4905,Idaho,16049,45.849644,-115.467337
ID-20027,Idaho,Straight-line Winds,2025-12-16,2025-12-18,2026-04-07,Presidential-Public Assistance,Disaster Declared,2026-06-10,2027-01-07,4905,Kootenai,16055,47.675957,-116.695919
ID-20027,Idaho,Straight-line Winds,2025-12-16,2025-12-18,2026-04-07,Presidential-Public Assistance,Disaster Declared,2026-06-10,2027-01-07,4905,Latah,16057,46.81892,-116.730974
ID-20027,Idaho,Straight-line Winds,2025-12-16,2025-12-18,2026-04-07,Presidential-Public Assistance,Disaster Declared,2026-06-10,2027-01-07,4905,Lewis,16061,46.236328,-116.42376
ID-20027,Idaho,Straight-line Winds,2025-12-16,2025-12-18,2026-04-07,Presidential-Public Assistance,Disaster Declared,2026-06-10,2027-01-07,4905,Nez Perce,16069,46.333791,-116.760909
ID-20027,Idaho,Straight-line Winds,2025-12-16,2025-12-18,2026-04-07,Presidential-Public Assistance,Disaster Declared,2026-06-10,2027-01-07,4905,Shoshone,16079,47.347694,-115.885092
OR-20021,Oregon,"Severe Storms, Straight-line Winds, Flooding, Landslides, and Mudslides",2025-12-15,2025-12-21,2026-04-07,Presidential-Public Assistance,Disaster Declared,2026-06-10,2027-01-07,4907,Clackamas,41005,45.160493,-122.195127
OR-20021,Oregon,"Severe Storms, Straight-line Winds, Flooding, Landslides, and Mudslides",2025-12-15,2025-12-21,2026-04-07,Presidential-Public Assistance,Disaster Declared,2026-06-10,2027-01-07,4907,Clatsop,41007,46.024509,-123.705037
OR-20021,Oregon,"Severe Storms, Straight-line Winds, Flooding, Landslides, and Mudslides",2025-12-15,2025-12-21,2026-04-07,Presidential-Public Assistance,Disaster Declared,2026-06-10,2027-01-07,4907,Hood River,41027,45.511775,-121.655976
OR-20021,Oregon,"Severe Storms, Straight-line Winds, Flooding, Landslides, and Mudslides",2025-12-15,2025-12-21,2026-04-07,Presidential-Public Assistance,Disaster Declared,2026-06-10,2027-01-07,4907,Lane,41039,43.928334,-122.897581
OR-20021,Oregon,"Severe Storms, Straight-line Winds, Flooding, Landslides, and Mudslides",2025-12-15,2025-12-21,2026-04-07,Presidential-Public Assistance,Disaster Declared,2026-06-10,2027-01-07,4907,Lincoln,41041,44.641061,-123.911212
OR-20021,Oregon,"Severe Storms, Straight-line Winds, Flooding, Landslides, and Mudslides",2025-12-15,2025-12-21,2026-04-07,Presidential-Public Assistance,Disaster Declared,2026-06-10,2027-01-07,4907,Linn,41043,44.488898,-122.537208
OR-20021,Oregon,"Severe Storms, Straight-line Winds, Flooding, Landslides, and Mudslides",2025-12-15,2025-12-21,2026-04-07,Presidential-Public Assistance,Disaster Declared,2026-06-10,2027-01-07,4907,Polk,41053,44.900372,-123.39864
OR-20021,Oregon,"Severe Storms, Straight-line Winds, Flooding, Landslides, and Mudslides",2025-12-15,2025-12-21,2026-04-07,Presidential-Public Assistance,Disaster Declared,2026-06-10,2027-01-07,4907,Tillamook,41057,45.45589,-123.759299
OR-20021,Oregon,"Severe Storms, Straight-line Winds, Flooding, Landslides, and Mudslides",2025-12-15,2025-12-21,2026-04-07,Presidential-Public Assistance,Disaster Declared,2026-06-10,2027-01-07,4907,Union,41061,45.304081,-117.999149
OR-20021,Oregon,"Severe Storms, Straight-line Winds, Flooding, Landslides, and Mudslides",2025-12-15,2025-12-21,2026-04-07,Presidential-Public Assistance,Disaster Declared,2026-06-10,2027-01-07,4907,Wasco,41065,45.164536,-121.165069
OR-20021,Oregon,"Severe Storms, Straight-line Winds, Flooding, Landslides, and Mudslides",2025-12-15,2025-12-21,2026-04-07,Presidential-Public Assistance,Disaster Declared,2026-06-10,2027-01-07,4907,Yamhill,41071,45.247827,-123.316399
GA-20024,Georgia,Drought,2025-12-15,,2026-04-10,Secretary of Agriculture,Disaster Declared,,2026-12-10,,Appling,13001,31.739712,-82.290103
GA-20024,Georgia,Drought,2025-12-15,,2026-04-10,Secretary of Agriculture,Disaster Declared,,2026-12-10,,Atkinson,13003,31.296806,-82.878151
GA-20024,Georgia,Drought,2025-12-15,,2026-04-10,Secretary of Agriculture,Disaster Declared,,2026-12-10,,Bacon,13005,31.55021,-82.451433
GA-20024,Georgia,Drought,2025-12-15,,2026-04-10,Secretary of Agriculture,Disaster Declared,,2026-12-10,,Baker,13007,31.31958,-84.454881
GA-20024,Georgia,Drought,2025-12-15,,2026-04-10,Secretary of Agriculture,Disaster Declared,,2026-12-10,,Banks,13011,34.351922,-83.498441
GA-20024,Georgia,Drought,2025-12-15,,2026-04-10,Secretary of Agriculture,Disaster Declared,,2026-12-10,,Barrow,13013,33.992009,-83.712303
GA-20024,Georgia,Drought,2025-12-15,,2026-04-10,Secretary of Agriculture,Disaster Declared,,2026-12-10,,Ben Hill,13017,31.740772,-83.147197
GA-20024,Georgia,Drought,2025-12-15,,2026-04-10,Secretary of Agriculture,Disaster Declared,,2026-12-10,,Berrien,13019,31.288652,-83.22787
GA-20024,Georgia,Drought,2025-12-15,,2026-04-10,Secretary of Agriculture,Disaster Declared,,2026-12-10,,Bibb,13021,32.808845,-83.694194
GA-20024,Georgia,Drought,2025-12-15,,2026-04-10,Secretary of Agriculture,Disaster Declared,,2026-12-10,,Bleckley,13023,32.435403,-83.331717
GA-20024,Georgia,Drought,2025-12-15,,2026-04-10,Secretary of Agriculture,Disaster Declared,,2026-12-10,,Brantley,13025,31.197334,-81.982978
GA-20024,Georgia,Drought,2025-12-15,,2026-04-10,Secretary of Agriculture,Disaster Declared,,2026-12-10,,Brooks,13027,30.822934,-83.581905
GA-20024,Georgia,Drought,2025-12-15,,2026-04-10,Secretary of Agriculture,Disaster Declared,,2026-12-10,,Bryan,13029,32.017969,-81.438543
GA-20024,Georgia,Drought,2025-12-15,,2026-04-10,Secretary of Agriculture,Disaster Declared,,2026-12-10,,Bulloch,13031,32.394481,-81.741618
GA-20024,Georgia,Drought,2025-12-15,,2026-04-10,Secretary of Agriculture,Disaster Declared,,2026-12-10,,Burke,13033,33.060181,-82.000164
GA-20024,Georgia,Drought,2025-12-15,,2026-04-10,Secretary of Agriculture,Disaster Declared,,2026-12-10,,Calhoun,13037,31.521279,-84.62629
GA-20024,Georgia,Drought,2025-12-15,,2026-04-10,Secretary of Agriculture,Disaster Declared,,2026-12-10,,Camden,13039,30.913358,-81.642019
GA-20024,Georgia,Drought,2025-12-15,,2026-04-10,Secretary of Agriculture,Disaster Declared,,2026-12-10,,Candler,13043,32.40395,-82.071266
GA-20024,Georgia,Drought,2025-12-15,,2026-04-10,Secretary of Agriculture,Disaster Declared,,2026-12-10,,Catoosa,13047,34.900212,-85.139385
GA-20024,Georgia,Drought,2025-12-15,,2026-04-10,Secretary of Agriculture,Disaster Declared,,2026-12-10,,Charlton,13049,30.779904,-82.139644
GA-20024,Georgia,Drought,2025-12-15,,2026-04-10,Secretary of Agriculture,Disaster Declared,,2026-12-10,,Chatham,13051,31.980404,-81.085184
GA-20024,Georgia,Drought,2025-12-15,,2026-04-10,Secretary of Agriculture,Disaster Declared,,2026-12-10,,Chattahoochee,13053,32.347445,-84.788021
GA-20024,Georgia,Drought,2025-12-15,,2026-04-10,Secretary of Agriculture,Disaster Declared,,2026-12-10,,Clarke,13059,33.952185,-83.367152
GA-20024,Georgia,Drought,2025-12-15,,2026-04-10,Secretary of Agriculture,Disaster Declared,,2026-12-10,,Clay,13061,31.619831,-84.992583
GA-20024,Georgia,Drought,2025-12-15,,2026-04-10,Secretary of Agriculture,Disaster Declared,,2026-12-10,,Clinch,13065,30.917653,-82.702614
GA-20024,Georgia,Drought,2025-12-15,,2026-04-10,Secretary of Agriculture,Disaster Declared,,2026-12-10,,Coffee,13069,31.549245,-82.84494
GA-20024,Georgia,Drought,2025-12-15,,2026-04-10,Secretary of Agriculture,Disaster Declared,,2026-12-10,,Colquitt,13071,31.189707,-83.769773
GA-20024,Georgia,Drought,2025-12-15,,2026-04-10,Secretary of Agriculture,Disaster Declared,,2026-12-10,,Columbia,13073,33.552075,-82.249608
GA-20024,Georgia,Drought,2025-12-15,,2026-04-10,Secretary of Agriculture,Disaster Declared,,2026-12-10,,Cook,13075,31.152516,-83.429445
GA-20024,Georgia,Drought,2025-12-15,,2026-04-10,Secretary of Agriculture,Disaster Declared,,2026-12-10,,Crawford,13079,32.709428,-83.979187
GA-20024,Georgia,Drought,2025-12-15,,2026-04-10,Secretary of Agriculture,Disaster Declared,,2026-12-10,,Crisp,13081,31.920268,-83.75653
GA-20024,Georgia,Drought,2025-12-15,,2026-04-10,Secretary of Agriculture,Disaster Declared,,2026-12-10,,Decatur,13087,30.880643,-84.58389
GA-20024,Georgia,Drought,2025-12-15,,2026-04-10,Secretary of Agriculture,Disaster Declared,,2026-12-10,,Dodge,13091,32.164369,-83.167866
GA-20024,Georgia,Drought,2025-12-15,,2026-04-10,Secretary of Agriculture,Disaster Declared,,2026-12-10,,Dooly,13093,32.151995,-83.807167
GA-20024,Georgia,Drought,2025-12-15,,2026-04-10,Secretary of Agriculture,Disaster Declared,,2026-12-10,,Dougherty,13095,31.532588,-84.20904
GA-20024,Georgia,Drought,2025-12-15,,2026-04-10,Secretary of Agriculture,Disaster Declared,,2026-12-10,,Early,13099,31.324191,-84.906723
GA-20024,Georgia,Drought,2025-12-15,,2026-04-10,Secretary of Agriculture,Disaster Declared,,2026-12-10,,Echols,13101,30.714008,-82.897376
GA-20024,Georgia,Drought,2025-12-15,,2026-04-10,Secretary of Agriculture,Disaster Declared,,2026-12-10,,Effingham,13103,32.361688,-81.343355
GA-20024,Georgia,Drought,2025-12-15,,2026-04-10,Secretary of Agriculture,Disaster Declared,,2026-12-10,,Elbert,13105,34.116415,-82.841892
GA-20024,Georgia,Drought,2025-12-15,,2026-04-10,Secretary of Agriculture,Disaster Declared,,2026-12-10,,Emanuel,13107,32.5911,-82.299763
GA-20024,Georgia,Drought,2025-12-15,,2026-04-10,Secretary of Agriculture,Disaster Declared,,2026-12-10,,Evans,13109,32.153083,-81.890153
GA-20024,Georgia,Drought,2025-12-15,,2026-04-10,Secretary of Agriculture,Disaster Declared,,2026-12-10,,Fannin,13111,34.866543,-84.317331
GA-20024,Georgia,Drought,2025-12-15,,2026-04-10,Secretary of Agriculture,Disaster Declared,,2026-12-10,,Forsyth,13117,34.225143,-84.127408
GA-20024,Georgia,Drought,2025-12-15,,2026-04-10,Secretary of Agriculture,Disaster Declared,,2026-12-10,,Franklin,13119,34.375266,-83.227532
GA-20024,Georgia,Drought,2025-12-15,,2026-04-10,Secretary of Agriculture,Disaster Declared,,2026-12-10,,Gilmer,13123,34.690506,-84.454624
GA-20024,Georgia,Drought,2025-12-15,,2026-04-10,Secretary of Agriculture,Disaster Declared,,2026-12-10,,Glascock,13125,33.227491,-82.606913
GA-20024,Georgia,Drought,2025-12-15,,2026-04-10,Secretary of Agriculture,Disaster Declared,,2026-12-10,,Glynn,13127,31.21271,-81.49645
GA-20024,Georgia,Drought,2025-12-15,,2026-04-10,Secretary of Agriculture,Disaster Declared,,2026-12-10,,Grady,13131,30.875908,-84.24508
GA-20024,Georgia,Drought,2025-12-15,,2026-04-10,Secretary of Agriculture,Disaster Declared,,2026-12-10,,Greene,13133,33.576704,-83.166625
GA-20024,Georgia,Drought,2025-12-15,,2026-04-10,Secretary of Agriculture,Disaster Declared,,2026-12-10,,Gwinnett,13135,33.958756,-84.025735
GA-20024,Georgia,Drought,2025-12-15,,2026-04-10,Secretary of Agriculture,Disaster Declared,,2026-12-10,,Hall,13139,34.317569,-83.8185
GA-20024,Georgia,Drought,2025-12-15,,2026-04-10,Secretary of Agriculture,Disaster Declared,,2026-12-10,,Hancock,13141,33.26922,-83.000465
GA-20024,Georgia,Drought,2025-12-15,,2026-04-10,Secretary of Agriculture,Disaster Declared,,2026-12-10,,Harris,13145,32.731549,-84.912432
GA-20024,Georgia,Drought,2025-12-15,,2026-04-10,Secretary of Agriculture,Disaster Declared,,2026-12-10,,Hart,13147,34.348733,-82.96329
GA-20024,Georgia,Drought,2025-12-15,,2026-04-10,Secretary of Agriculture,Disaster Declared,,2026-12-10,,Houston,13153,32.458287,-83.662522
GA-20024,Georgia,Drought,2025-12-15,,2026-04-10,Secretary of Agriculture,Disaster Declared,,2026-12-10,,Irwin,13155,31.604306,-83.277037
GA-20024,Georgia,Drought,2025-12-15,,2026-04-10,Secretary of Agriculture,Disaster Declared,,2026-12-10,,Jackson,13157,34.130905,-83.562557
GA-20024,Georgia,Drought,2025-12-15,,2026-04-10,Secretary of Agriculture,Disaster Declared,,2026-12-10,,Jeff Davis,13161,31.811615,-82.636825
GA-20024,Georgia,Drought,2025-12-15,,2026-04-10,Secretary of Agriculture,Disaster Declared,,2026-12-10,,Jefferson,13163,33.058176,-82.420004
GA-20024,Georgia,Drought,2025-12-15,,2026-04-10,Secretary of Agriculture,Disaster Declared,,2026-12-10,,Jenkins,13165,32.794563,-81.971524
GA-20024,Georgia,Drought,2025-12-15,,2026-04-10,Secretary of Agriculture,Disaster Declared,,2026-12-10,,Johnson,13167,32.694584,-82.66397
GA-20024,Georgia,Drought,2025-12-15,,2026-04-10,Secretary of Agriculture,Disaster Declared,,2026-12-10,,Lamar,13171,33.07444,-84.146689
GA-20024,Georgia,Drought,2025-12-15,,2026-04-10,Secretary of Agriculture,Disaster Declared,,2026-12-10,,Lanier,13173,31.038197,-83.063164
GA-20024,Georgia,Drought,2025-12-15,,2026-04-10,Secretary of Agriculture,Disaster Declared,,2026-12-10,,Laurens,13175,32.39322,-82.926317
GA-20024,Georgia,Drought,2025-12-15,,2026-04-10,Secretary of Agriculture,Disaster Declared,,2026-12-10,,Lee,13177,31.818419,-84.146681
GA-20024,Georgia,Drought,2025-12-15,,2026-04-10,Secretary of Agriculture,Disaster Declared,,2026-12-10,,Liberty,13179,31.807458,-81.457871
GA-20024,Georgia,Drought,2025-12-15,,2026-04-10,Secretary of Agriculture,Disaster Declared,,2026-12-10,,Lincoln,13181,33.792151,-82.448299
GA-20024,Georgia,Drought,2025-12-15,,2026-04-10,Secretary of Agriculture,Disaster Declared,,2026-12-10,,Long,13183,31.749563,-81.74287
GA-20024,Georgia,Drought,2025-12-15,,2026-04-10,Secretary of Agriculture,Disaster Declared,,2026-12-10,,Lowndes,13185,30.833145,-83.268995
GA-20024,Georgia,Drought,2025-12-15,,2026-04-10,Secretary of Agriculture,Disaster Declared,,2026-12-10,,Lumpkin,13187,34.56814,-83.998925
GA-20024,Georgia,Drought,2025-12-15,,2026-04-10,Secretary of Agriculture,Disaster Declared,,2026-12-10,,McDuffie,13189,33.480613,-82.479533
GA-20024,Georgia,Drought,2025-12-15,,2026-04-10,Secretary of Agriculture,Disaster Declared,,2026-12-10,,McIntosh,13191,31.485629,-81.372141
GA-20024,Georgia,Drought,2025-12-15,,2026-04-10,Secretary of Agriculture,Disaster Declared,,2026-12-10,,Macon,13193,32.362686,-84.051231
GA-20024,Georgia,Drought,2025-12-15,,2026-04-10,Secretary of Agriculture,Disaster Declared,,2026-12-10,,Madison,13195,34.128526,-83.203737
GA-20024,Georgia,Drought,2025-12-15,,2026-04-10,Secretary of Agriculture,Disaster Declared,,2026-12-10,,Marion,13197,32.359312,-84.528735
GA-20024,Georgia,Drought,2025-12-15,,2026-04-10,Secretary of Agriculture,Disaster Declared,,2026-12-10,,Meriwether,13199,33.029267,-84.667058
GA-20024,Georgia,Drought,2025-12-15,,2026-04-10,Secretary of Agriculture,Disaster Declared,,2026-12-10,,Miller,13201,31.162931,-84.730398
GA-20024,Georgia,Drought,2025-12-15,,2026-04-10,Secretary of Agriculture,Disaster Declared,,2026-12-10,,Mitchell,13205,31.228997,-84.192038
GA-20024,Georgia,Drought,2025-12-15,,2026-04-10,Secretary of Agriculture,Disaster Declared,,2026-12-10,,Monroe,13207,33.017404,-83.922837
GA-20024,Georgia,Drought,2025-12-15,,2026-04-10,Secretary of Agriculture,Disaster Declared,,2026-12-10,,Montgomery,13209,32.172108,-82.533349
GA-20024,Georgia,Drought,2025-12-15,,2026-04-10,Secretary of Agriculture,Disaster Declared,,2026-12-10,,Morgan,13211,33.598696,-83.499435
GA-20024,Georgia,Drought,2025-12-15,,2026-04-10,Secretary of Agriculture,Disaster Declared,,2026-12-10,,Murray,13213,34.797097,-84.73799
GA-20024,Georgia,Drought,2025-12-15,,2026-04-10,Secretary of Agriculture,Disaster Declared,,2026-12-10,,Muscogee,13215,32.510197,-84.874946
GA-20024,Georgia,Drought,2025-12-15,,2026-04-10,Secretary of Agriculture,Disaster Declared,,2026-12-10,,Oconee,13219,33.834125,-83.437728
GA-20024,Georgia,Drought,2025-12-15,,2026-04-10,Secretary of Agriculture,Disaster Declared,,2026-12-10,,Oglethorpe,13221,33.866806,-83.074081
GA-20024,Georgia,Drought,2025-12-15,,2026-04-10,Secretary of Agriculture,Disaster Declared,,2026-12-10,,Peach,13225,32.571324,-83.831978
GA-20024,Georgia,Drought,2025-12-15,,2026-04-10,Secretary of Agriculture,Disaster Declared,,2026-12-10,,Pierce,13229,31.353998,-82.21037
GA-20024,Georgia,Drought,2025-12-15,,2026-04-10,Secretary of Agriculture,Disaster Declared,,2026-12-10,,Pulaski,13235,32.238803,-83.481845
GA-20024,Georgia,Drought,2025-12-15,,2026-04-10,Secretary of Agriculture,Disaster Declared,,2026-12-10,,Quitman,13239,31.862938,-85.004798
GA-20024,Georgia,Drought,2025-12-15,,2026-04-10,Secretary of Agriculture,Disaster Declared,,2026-12-10,,Randolph,13243,31.762651,-84.752311
GA-20024,Georgia,Drought,2025-12-15,,2026-04-10,Secretary of Agriculture,Disaster Declared,,2026-12-10,,Schley,13249,32.263444,-84.322708
GA-20024,Georgia,Drought,2025-12-15,,2026-04-10,Secretary of Agriculture,Disaster Declared,,2026-12-10,,Screven,13251,32.744751,-81.617585
GA-20024,Georgia,Drought,2025-12-15,,2026-04-10,Secretary of Agriculture,Disaster Declared,,2026-12-10,,Seminole,13253,30.93396,-84.867685
GA-20024,Georgia,Drought,2025-12-15,,2026-04-10,Secretary of Agriculture,Disaster Declared,,2026-12-10,,Stephens,13257,34.553582,-83.290588
GA-20024,Georgia,Drought,2025-12-15,,2026-04-10,Secretary of Agriculture,Disaster Declared,,2026-12-10,,Stewart,13259,32.073225,-84.834912
GA-20024,Georgia,Drought,2025-12-15,,2026-04-10,Secretary of Agriculture,Disaster Declared,,2026-12-10,,Sumter,13261,32.042266,-84.204294
GA-20024,Georgia,Drought,2025-12-15,,2026-04-10,Secretary of Agriculture,Disaster Declared,,2026-12-10,,Talbot,13263,32.704603,-84.530029
GA-20024,Georgia,Drought,2025-12-15,,2026-04-10,Secretary of Agriculture,Disaster Declared,,2026-12-10,,Taliaferro,13265,33.559319,-82.875272
GA-20024,Georgia,Drought,2025-12-15,,2026-04-10,Secretary of Agriculture,Disaster Declared,,2026-12-10,,Tattnall,13267,32.043768,-82.059208
GA-20024,Georgia,Drought,2025-12-15,,2026-04-10,Secretary of Agriculture,Disaster Declared,,2026-12-10,,Taylor,13269,32.554667,-84.251426
GA-20024,Georgia,Drought,2025-12-15,,2026-04-10,Secretary of Agriculture,Disaster Declared,,2026-12-10,,Telfair,13271,31.913641,-82.931063
GA-20024,Georgia,Drought,2025-12-15,,2026-04-10,Secretary of Agriculture,Disaster Declared,,2026-12-10,,Terrell,13273,31.777191,-84.439446
GA-20024,Georgia,Drought,2025-12-15,,2026-04-10,Secretary of Agriculture,Disaster Declared,,2026-12-10,,Thomas,13275,30.864619,-83.919815
GA-20024,Georgia,Drought,2025-12-15,,2026-04-10,Secretary of Agriculture,Disaster Declared,,2026-12-10,,Tift,13277,31.457003,-83.525931
GA-20024,Georgia,Drought,2025-12-15,,2026-04-10,Secretary of Agriculture,Disaster Declared,,2026-12-10,,Toombs,13279,32.117753,-82.330597
GA-20024,Georgia,Drought,2025-12-15,,2026-04-10,Secretary of Agriculture,Disaster Declared,,2026-12-10,,Towns,13281,34.902529,-83.732264
GA-20024,Georgia,Drought,2025-12-15,,2026-04-10,Secretary of Agriculture,Disaster Declared,,2026-12-10,,Treutlen,13283,32.409586,-82.570882
GA-20024,Georgia,Drought,2025-12-15,,2026-04-10,Secretary of Agriculture,Disaster Declared,,2026-12-10,,Troup,13285,33.034482,-85.02836
GA-20024,Georgia,Drought,2025-12-15,,2026-04-10,Secretary of Agriculture,Disaster Declared,,2026-12-10,,Turner,13287,31.7248,-83.620319
GA-20024,Georgia,Drought,2025-12-15,,2026-04-10,Secretary of Agriculture,Disaster Declared,,2026-12-10,,Twiggs,13289,32.665847,-83.425879
GA-20024,Georgia,Drought,2025-12-15,,2026-04-10,Secretary of Agriculture,Disaster Declared,,2026-12-10,,Union,13291,34.833333,-83.989257
GA-20024,Georgia,Drought,2025-12-15,,2026-04-10,Secretary of Agriculture,Disaster Declared,,2026-12-10,,Upson,13293,32.881837,-84.292283
GA-20024,Georgia,Drought,2025-12-15,,2026-04-10,Secretary of Agriculture,Disaster Declared,,2026-12-10,,Walker,13295,34.735802,-85.305456
GA-20024,Georgia,Drought,2025-12-15,,2026-04-10,Secretary of Agriculture,Disaster Declared,,2026-12-10,,Walton,13297,33.783887,-83.731829
GA-20024,Georgia,Drought,2025-12-15,,2026-04-10,Secretary of Agriculture,Disaster Declared,,2026-12-10,,Ware,13299,31.050881,-82.421507
GA-20024,Georgia,Drought,2025-12-15,,2026-04-10,Secretary of Agriculture,Disaster Declared,,2026-12-10,,Warren,13301,33.419169,-82.688012
GA-20024,Georgia,Drought,2025-12-15,,2026-04-10,Secretary of Agriculture,Disaster Declared,,2026-12-10,,Washington,13303,32.971843,-82.798112
GA-20024,Georgia,Drought,2025-12-15,,2026-04-10,Secretary of Agriculture,Disaster Declared,,2026-12-10,,Wayne,13305,31.547845,-81.912376
GA-20024,Georgia,Drought,2025-12-15,,2026-04-10,Secretary of Agriculture,Disaster Declared,,2026-12-10,,Webster,13307,32.046691,-84.553828
GA-20024,Georgia,Drought,2025-12-15,,2026-04-10,Secretary of Agriculture,Disaster Declared,,2026-12-10,,Wheeler,13309,32.105258,-82.733849
GA-20024,Georgia,Drought,2025-12-15,,2026-04-10,Secretary of Agriculture,Disaster Declared,,2026-12-10,,White,13311,34.644182,-83.743
GA-20024,Georgia,Drought,2025-12-15,,2026-04-10,Secretary of Agriculture,Disaster Declared,,2026-12-10,,Whitfield,13313,34.801726,-84.968541
GA-20024,Georgia,Drought,2025-12-15,,2026-04-10,Secretary of Agriculture,Disaster Declared,,2026-12-10,,Wilcox,13315,31.96272,-83.438259
GA-20024,Georgia,Drought,2025-12-15,,2026-04-10,Secretary of Agriculture,Disaster Declared,,2026-12-10,,Wilkes,13317,33.779031,-82.747921
GA-20024,Georgia,Drought,2025-12-15,,2026-04-10,Secretary of Agriculture,Disaster Declared,,2026-12-10,,Wilkinson,13319,32.804266,-83.175512
GA-20024,Georgia,Drought,2025-12-15,,2026-04-10,Secretary of Agriculture,Disaster Declared,,2026-12-10,,Worth,13321,31.551773,-83.84996
OR-20023,Oregon,"Rural Area Severe Storms, Straight-line Winds, Flooding, Landslides, and Mudslides",2025-12-15,2025-12-21,2026-06-04,SBA Rural Agency,Disaster Declared,2026-08-03,2027-03-04,,Clackamas,41005,45.160493,-122.195127
OR-20023,Oregon,"Rural Area Severe Storms, Straight-line Winds, Flooding, Landslides, and Mudslides",2025-12-15,2025-12-21,2026-06-04,SBA Rural Agency,Disaster Declared,2026-08-03,2027-03-04,,Lane,41039,43.928334,-122.897581
OR-20023,Oregon,"Rural Area Severe Storms, Straight-line Winds, Flooding, Landslides, and Mudslides",2025-12-15,2025-12-21,2026-06-04,SBA Rural Agency,Disaster Declared,2026-08-03,2027-03-04,,Lincoln,41041,44.641061,-123.911212
MT-20036,Montana,Severe Storms and Flooding,2025-12-09,2025-12-11,2026-04-07,Presidential-Public Assistance,Disaster Declared,2026-06-10,2027-01-07,4901,Lincoln,30053,48.552385,-115.463185
AK-20019,Alaska,Severe Storm,2025-12-06,2025-12-09,2026-04-07,Presidential-Public Assistance,Disaster Declared,2026-06-10,2027-01-07,4904,Matanuska-Susitna,02170,62.265626,-149.503993
WA-20027,Washington,"Severe Storms, Straight-Line winds, Flooding, Landslides, and Mudslides",2025-12-05,2025-12-19,2026-04-07,Presidential-Individual Assistance,Disaster Declared,2026-06-10,2027-01-07,4906,Chelan,53007,47.860974,-120.619041
WA-20027,Washington,"Severe Storms, Straight-Line winds, Flooding, Landslides, and Mudslides",2025-12-05,2025-12-19,2026-04-07,Presidential-Individual Assistance,Disaster Declared,2026-06-10,2027-01-07,4906,Grays Harbor,53027,47.113732,-123.826735
WA-20027,Washington,"Severe Storms, Straight-Line winds, Flooding, Landslides, and Mudslides",2025-12-05,2025-12-19,2026-04-07,Presidential-Individual Assistance,Disaster Declared,2026-06-10,2027-01-07,4906,King,53033,47.490552,-121.833977
WA-20027,Washington,"Severe Storms, Straight-Line winds, Flooding, Landslides, and Mudslides",2025-12-05,2025-12-19,2026-04-07,Presidential-Individual Assistance,Disaster Declared,2026-06-10,2027-01-07,4906,Lewis,53041,46.580071,-122.377444
WA-20027,Washington,"Severe Storms, Straight-Line winds, Flooding, Landslides, and Mudslides",2025-12-05,2025-12-19,2026-04-07,Presidential-Individual Assistance,Disaster Declared,2026-06-10,2027-01-07,4906,Pacific,53049,46.556587,-123.782419
WA-20027,Washington,"Severe Storms, Straight-Line winds, Flooding, Landslides, and Mudslides",2025-12-05,2025-12-19,2026-04-07,Presidential-Individual Assistance,Disaster Declared,2026-06-10,2027-01-07,4906,Pierce,53053,47.051413,-122.15324
WA-20027,Washington,"Severe Storms, Straight-Line winds, Flooding, Landslides, and Mudslides",2025-12-05,2025-12-19,2026-04-07,Presidential-Individual Assistance,Disaster Declared,2026-06-10,2027-01-07,4906,Skagit,53057,48.493292,-121.81577
WA-20027,Washington,"Severe Storms, Straight-Line winds, Flooding, Landslides, and Mudslides",2025-12-05,2025-12-19,2026-04-07,Presidential-Individual Assistance,Disaster Declared,2026-06-10,2027-01-07,4906,Snohomish,53061,48.054913,-121.765038
WA-20027,Washington,"Severe Storms, Straight-Line winds, Flooding, Landslides, and Mudslides",2025-12-05,2025-12-19,2026-04-07,Presidential-Individual Assistance,Disaster Declared,2026-06-10,2027-01-07,4906,Thurston,53067,46.935822,-122.830152
WA-20027,Washington,"Severe Storms, Straight-Line winds, Flooding, Landslides, and Mudslides",2025-12-05,2025-12-19,2026-04-07,Presidential-Individual Assistance,Disaster Declared,2026-06-10,2027-01-07,4906,Whatcom,53073,48.842653,-121.836432
WA-20025,Washington,2025 Severe Winter Storms,2025-12-05,2025-12-22,2026-02-24,SBA Declaration (Agency),Disaster Declared,2026-04-27,2026-11-24,3629,King,53033,47.490552,-121.833977
WA-20025,Washington,2025 Severe Winter Storms,2025-12-05,2025-12-22,2026-02-24,SBA Declaration (Agency),Disaster Declared,2026-04-27,2026-11-24,3629,Lewis,53041,46.580071,-122.377444
WA-20025,Washington,2025 Severe Winter Storms,2025-12-05,2025-12-22,2026-02-24,SBA Declaration (Agency),Disaster Declared,2026-04-27,2026-11-24,3629,Skagit,53057,48.493292,-121.81577
WA-20025,Washington,2025 Severe Winter Storms,2025-12-05,2025-12-22,2026-02-24,SBA Declaration (Agency),Disaster Declared,2026-04-27,2026-11-24,3629,Snohomish,53061,48.054913,-121.765038
WA-20025,Washington,2025 Severe Winter Storms,2025-12-05,2025-12-22,2026-02-24,SBA Declaration (Agency),Disaster Declared,2026-04-27,2026-11-24,3629,Whatcom,53073,48.842653,-121.836432
WA-20028,Washington,"Severe Storms, Straight-line Winds, Flooding, Landslides, and Mudslides",2025-12-05,2025-12-19,2026-04-07,Presidential-Public Assistance,Disaster Declared,2026-06-10,2027-01-07,4906,Asotin,53003,46.181861,-117.227781
WA-20028,Washington,"Severe Storms, Straight-line Winds, Flooding, Landslides, and Mudslides",2025-12-05,2025-12-19,2026-04-07,Presidential-Public Assistance,Disaster Declared,2026-06-10,2027-01-07,4906,Chelan,53007,47.860974,-120.619041
WA-20028,Washington,"Severe Storms, Straight-line Winds, Flooding, Landslides, and Mudslides",2025-12-05,2025-12-19,2026-04-07,Presidential-Public Assistance,Disaster Declared,2026-06-10,2027-01-07,4906,Clallam,53009,48.110903,-123.88986
WA-20028,Washington,"Severe Storms, Straight-line Winds, Flooding, Landslides, and Mudslides",2025-12-05,2025-12-19,2026-04-07,Presidential-Public Assistance,Disaster Declared,2026-06-10,2027-01-07,4906,Clark,53011,45.77173,-122.485953
WA-20028,Washington,"Severe Storms, Straight-line Winds, Flooding, Landslides, and Mudslides",2025-12-05,2025-12-19,2026-04-07,Presidential-Public Assistance,Disaster Declared,2026-06-10,2027-01-07,4906,Cowlitz,53015,46.196785,-122.67846
WA-20028,Washington,"Severe Storms, Straight-line Winds, Flooding, Landslides, and Mudslides",2025-12-05,2025-12-19,2026-04-07,Presidential-Public Assistance,Disaster Declared,2026-06-10,2027-01-07,4906,Garfield,53023,46.429318,-117.536705
WA-20028,Washington,"Severe Storms, Straight-line Winds, Flooding, Landslides, and Mudslides",2025-12-05,2025-12-19,2026-04-07,Presidential-Public Assistance,Disaster Declared,2026-06-10,2027-01-07,4906,Grays Harbor,53027,47.113732,-123.826735
WA-20028,Washington,"Severe Storms, Straight-line Winds, Flooding, Landslides, and Mudslides",2025-12-05,2025-12-19,2026-04-07,Presidential-Public Assistance,Disaster Declared,2026-06-10,2027-01-07,4906,Island,53029,48.158554,-122.670649
WA-20028,Washington,"Severe Storms, Straight-line Winds, Flooding, Landslides, and Mudslides",2025-12-05,2025-12-19,2026-04-07,Presidential-Public Assistance,Disaster Declared,2026-06-10,2027-01-07,4906,Jefferson,53031,47.805708,-123.527057
WA-20028,Washington,"Severe Storms, Straight-line Winds, Flooding, Landslides, and Mudslides",2025-12-05,2025-12-19,2026-04-07,Presidential-Public Assistance,Disaster Declared,2026-06-10,2027-01-07,4906,King,53033,47.490552,-121.833977
WA-20028,Washington,"Severe Storms, Straight-line Winds, Flooding, Landslides, and Mudslides",2025-12-05,2025-12-19,2026-04-07,Presidential-Public Assistance,Disaster Declared,2026-06-10,2027-01-07,4906,Kittitas,53037,47.124441,-120.676709
WA-20028,Washington,"Severe Storms, Straight-line Winds, Flooding, Landslides, and Mudslides",2025-12-05,2025-12-19,2026-04-07,Presidential-Public Assistance,Disaster Declared,2026-06-10,2027-01-07,4906,Klickitat,53039,45.870446,-120.779305
WA-20028,Washington,"Severe Storms, Straight-line Winds, Flooding, Landslides, and Mudslides",2025-12-05,2025-12-19,2026-04-07,Presidential-Public Assistance,Disaster Declared,2026-06-10,2027-01-07,4906,Lewis,53041,46.580071,-122.377444
WA-20028,Washington,"Severe Storms, Straight-line Winds, Flooding, Landslides, and Mudslides",2025-12-05,2025-12-19,2026-04-07,Presidential-Public Assistance,Disaster Declared,2026-06-10,2027-01-07,4906,Mason,53045,47.350832,-123.173103
WA-20028,Washington,"Severe Storms, Straight-line Winds, Flooding, Landslides, and Mudslides",2025-12-05,2025-12-19,2026-04-07,Presidential-Public Assistance,Disaster Declared,2026-06-10,2027-01-07,4906,Pacific,53049,46.556587,-123.782419
WA-20028,Washington,"Severe Storms, Straight-line Winds, Flooding, Landslides, and Mudslides",2025-12-05,2025-12-19,2026-04-07,Presidential-Public Assistance,Disaster Declared,2026-06-10,2027-01-07,4906,Pend Oreille,53051,48.543825,-117.232191
WA-20028,Washington,"Severe Storms, Straight-line Winds, Flooding, Landslides, and Mudslides",2025-12-05,2025-12-19,2026-04-07,Presidential-Public Assistance,Disaster Declared,2026-06-10,2027-01-07,4906,Pierce,53053,47.051413,-122.15324
WA-20028,Washington,"Severe Storms, Straight-line Winds, Flooding, Landslides, and Mudslides",2025-12-05,2025-12-19,2026-04-07,Presidential-Public Assistance,Disaster Declared,2026-06-10,2027-01-07,4906,Skagit,53057,48.493292,-121.81577
WA-20028,Washington,"Severe Storms, Straight-line Winds, Flooding, Landslides, and Mudslides",2025-12-05,2025-12-19,2026-04-07,Presidential-Public Assistance,Disaster Declared,2026-06-10,2027-01-07,4906,Skamania,53059,46.024785,-121.953232
WA-20028,Washington,"Severe Storms, Straight-line Winds, Flooding, Landslides, and Mudslides",2025-12-05,2025-12-19,2026-04-07,Presidential-Public Assistance,Disaster Declared,2026-06-10,2027-01-07,4906,Snohomish,53061,48.054913,-121.765038
WA-20028,Washington,"Severe Storms, Straight-line Winds, Flooding, Landslides, and Mudslides",2025-12-05,2025-12-19,2026-04-07,Presidential-Public Assistance,Disaster Declared,2026-06-10,2027-01-07,4906,Wahkiakum,53069,46.294638,-123.424458
WA-20028,Washington,"Severe Storms, Straight-line Winds, Flooding, Landslides, and Mudslides",2025-12-05,2025-12-19,2026-04-07,Presidential-Public Assistance,Disaster Declared,2026-06-10,2027-01-07,4906,Whatcom,53073,48.842653,-121.836432
WA-20028,Washington,"Severe Storms, Straight-line Winds, Flooding, Landslides, and Mudslides",2025-12-05,2025-12-19,2026-04-07,Presidential-Public Assistance,Disaster Declared,2026-06-10,2027-01-07,4906,Yakima,53077,46.456558,-120.740145
AL-20012,Alabama,Drought,2025-12-01,,2026-04-06,Secretary of Agriculture,Disaster Declared,,2026-12-07,,Barbour,01005,31.870253,-85.405104
AL-20012,Alabama,Drought,2025-12-01,,2026-04-06,Secretary of Agriculture,Disaster Declared,,2026-12-07,,Bullock,01011,32.101759,-85.717261
AL-20012,Alabama,Drought,2025-12-01,,2026-04-06,Secretary of Agriculture,Disaster Declared,,2026-12-07,,Butler,01013,31.751667,-86.681969
AL-20012,Alabama,Drought,2025-12-01,,2026-04-06,Secretary of Agriculture,Disaster Declared,,2026-12-07,,Chambers,01017,32.915504,-85.394032
AL-20012,Alabama,Drought,2025-12-01,,2026-04-06,Secretary of Agriculture,Disaster Declared,,2026-12-07,,Choctaw,01023,31.990954,-88.248889
AL-20012,Alabama,Drought,2025-12-01,,2026-04-06,Secretary of Agriculture,Disaster Declared,,2026-12-07,,Clarke,01025,31.685521,-87.818624
AL-20012,Alabama,Drought,2025-12-01,,2026-04-06,Secretary of Agriculture,Disaster Declared,,2026-12-07,,Coffee,01031,31.402258,-85.989602
AL-20012,Alabama,Drought,2025-12-01,,2026-04-06,Secretary of Agriculture,Disaster Declared,,2026-12-07,,Conecuh,01035,31.430926,-86.988722
AL-20012,Alabama,Drought,2025-12-01,,2026-04-06,Secretary of Agriculture,Disaster Declared,,2026-12-07,,Covington,01039,31.243987,-86.448721
AL-20012,Alabama,Drought,2025-12-01,,2026-04-06,Secretary of Agriculture,Disaster Declared,,2026-12-07,,Crenshaw,01041,31.730311,-86.320038
AL-20012,Alabama,Drought,2025-12-01,,2026-04-06,Secretary of Agriculture,Disaster Declared,,2026-12-07,,Dale,01045,31.430654,-85.609476
AL-20012,Alabama,Drought,2025-12-01,,2026-04-06,Secretary of Agriculture,Disaster Declared,,2026-12-07,,Elmore,01051,32.597229,-86.142735
AL-20012,Alabama,Drought,2025-12-01,,2026-04-06,Secretary of Agriculture,Disaster Declared,,2026-12-07,,Escambia,01053,31.122287,-87.16841
AL-20012,Alabama,Drought,2025-12-01,,2026-04-06,Secretary of Agriculture,Disaster Declared,,2026-12-07,,Geneva,01061,31.092382,-85.821022
AL-20012,Alabama,Drought,2025-12-01,,2026-04-06,Secretary of Agriculture,Disaster Declared,,2026-12-07,,Greene,01063,32.844497,-87.9642
AL-20012,Alabama,Drought,2025-12-01,,2026-04-06,Secretary of Agriculture,Disaster Declared,,2026-12-07,,Hale,01065,32.752796,-87.623061
AL-20012,Alabama,Drought,2025-12-01,,2026-04-06,Secretary of Agriculture,Disaster Declared,,2026-12-07,,Henry,01067,31.516978,-85.239971
AL-20012,Alabama,Drought,2025-12-01,,2026-04-06,Secretary of Agriculture,Disaster Declared,,2026-12-07,,Houston,01069,31.158183,-85.296411
AL-20012,Alabama,Drought,2025-12-01,,2026-04-06,Secretary of Agriculture,Disaster Declared,,2026-12-07,,Lee,01081,32.604064,-85.353048
AL-20012,Alabama,Drought,2025-12-01,,2026-04-06,Secretary of Agriculture,Disaster Declared,,2026-12-07,,Lowndes,01085,32.147888,-86.650586
AL-20012,Alabama,Drought,2025-12-01,,2026-04-06,Secretary of Agriculture,Disaster Declared,,2026-12-07,,Macon,01087,32.387027,-85.692887
AL-20012,Alabama,Drought,2025-12-01,,2026-04-06,Secretary of Agriculture,Disaster Declared,,2026-12-07,,Marengo,01091,32.247591,-87.791091
AL-20012,Alabama,Drought,2025-12-01,,2026-04-06,Secretary of Agriculture,Disaster Declared,,2026-12-07,,Monroe,01099,31.580332,-87.383266
AL-20012,Alabama,Drought,2025-12-01,,2026-04-06,Secretary of Agriculture,Disaster Declared,,2026-12-07,,Montgomery,01101,32.202881,-86.204461
AL-20012,Alabama,Drought,2025-12-01,,2026-04-06,Secretary of Agriculture,Disaster Declared,,2026-12-07,,Pike,01109,31.798653,-85.941608
AL-20012,Alabama,Drought,2025-12-01,,2026-04-06,Secretary of Agriculture,Disaster Declared,,2026-12-07,,Russell,01113,32.289811,-85.18698
AL-20012,Alabama,Drought,2025-12-01,,2026-04-06,Secretary of Agriculture,Disaster Declared,,2026-12-07,,Sumter,01119,32.597481,-88.200057
AL-20012,Alabama,Drought,2025-12-01,,2026-04-06,Secretary of Agriculture,Disaster Declared,,2026-12-07,,Tallapoosa,01123,32.863308,-85.799618
AL-20012,Alabama,Drought,2025-12-01,,2026-04-06,Secretary of Agriculture,Disaster Declared,,2026-12-07,,Washington,01129,31.408503,-88.212404
AL-20012,Alabama,Drought,2025-12-01,,2026-04-06,Secretary of Agriculture,Disaster Declared,,2026-12-07,,Wilcox,01131,31.990082,-87.304935
FL-20041,Florida,Drought,2025-12-01,,2026-04-10,Secretary of Agriculture,Disaster Declared,,2026-12-10,,Alachua,12001,29.67574,-82.357221
FL-20041,Florida,Drought,2025-12-01,,2026-04-10,Secretary of Agriculture,Disaster Declared,,2026-12-10,,Baker,12003,30.324442,-82.302284
FL-20041,Florida,Drought,2025-12-01,,2026-04-10,Secretary of Agriculture,Disaster Declared,,2026-12-10,,Bay,12005,30.15914,-85.534395
FL-20041,Florida,Drought,2025-12-01,,2026-04-10,Secretary of Agriculture,Disaster Declared,,2026-12-10,,Bradford,12007,29.952386,-82.166698
FL-20041,Florida,Drought,2025-12-01,,2026-04-10,Secretary of Agriculture,Disaster Declared,,2026-12-10,,Brevard,12009,28.298311,-80.700333
FL-20041,Florida,Drought,2025-12-01,,2026-04-10,Secretary of Agriculture,Disaster Declared,,2026-12-10,,Broward,12011,26.193535,-80.476683
FL-20041,Florida,Drought,2025-12-01,,2026-04-10,Secretary of Agriculture,Disaster Declared,,2026-12-10,,Calhoun,12013,30.388801,-85.197915
FL-20041,Florida,Drought,2025-12-01,,2026-04-10,Secretary of Agriculture,Disaster Declared,,2026-12-10,,Charlotte,12015,26.906396,-82.003657
FL-20041,Florida,Drought,2025-12-01,,2026-04-10,Secretary of Agriculture,Disaster Declared,,2026-12-10,,Citrus,12017,28.850292,-82.595552
FL-20041,Florida,Drought,2025-12-01,,2026-04-10,Secretary of Agriculture,Disaster Declared,,2026-12-10,,Clay,12019,29.986584,-81.865036
FL-20041,Florida,Drought,2025-12-01,,2026-04-10,Secretary of Agriculture,Disaster Declared,,2026-12-10,,Collier,12021,26.118786,-81.400955
FL-20041,Florida,Drought,2025-12-01,,2026-04-10,Secretary of Agriculture,Disaster Declared,,2026-12-10,,Columbia,12023,30.221651,-82.623371
FL-20041,Florida,Drought,2025-12-01,,2026-04-10,Secretary of Agriculture,Disaster Declared,,2026-12-10,,DeSoto,12027,27.190581,-81.806253
FL-20041,Florida,Drought,2025-12-01,,2026-04-10,Secretary of Agriculture,Disaster Declared,,2026-12-10,,Dixie,12029,29.552675,-83.236232
FL-20041,Florida,Drought,2025-12-01,,2026-04-10,Secretary of Agriculture,Disaster Declared,,2026-12-10,,Duval,12031,30.335245,-81.648113
FL-20041,Florida,Drought,2025-12-01,,2026-04-10,Secretary of Agriculture,Disaster Declared,,2026-12-10,,Flagler,12035,29.474891,-81.286253
FL-20041,Florida,Drought,2025-12-01,,2026-04-10,Secretary of Agriculture,Disaster Declared,,2026-12-10,,Franklin,12037,29.677794,-84.815213
FL-20041,Florida,Drought,2025-12-01,,2026-04-10,Secretary of Agriculture,Disaster Declared,,2026-12-10,,Gadsden,12039,30.578687,-84.612607
FL-20041,Florida,Drought,2025-12-01,,2026-04-10,Secretary of Agriculture,Disaster Declared,,2026-12-10,,Gilchrist,12041,29.723456,-82.795801
FL-20041,Florida,Drought,2025-12-01,,2026-04-10,Secretary of Agriculture,Disaster Declared,,2026-12-10,,Glades,12043,26.95481,-81.19082
FL-20041,Florida,Drought,2025-12-01,,2026-04-10,Secretary of Agriculture,Disaster Declared,,2026-12-10,,Gulf,12045,29.859238,-85.272013
FL-20041,Florida,Drought,2025-12-01,,2026-04-10,Secretary of Agriculture,Disaster Declared,,2026-12-10,,Hamilton,12047,30.491187,-82.951071
FL-20041,Florida,Drought,2025-12-01,,2026-04-10,Secretary of Agriculture,Disaster Declared,,2026-12-10,,Hardee,12049,27.492846,-81.82158
FL-20041,Florida,Drought,2025-12-01,,2026-04-10,Secretary of Agriculture,Disaster Declared,,2026-12-10,,Hendry,12051,26.539967,-81.152114
FL-20041,Florida,Drought,2025-12-01,,2026-04-10,Secretary of Agriculture,Disaster Declared,,2026-12-10,,Hernando,12053,28.555995,-82.525969
FL-20041,Florida,Drought,2025-12-01,,2026-04-10,Secretary of Agriculture,Disaster Declared,,2026-12-10,,Highlands,12055,27.34108,-81.342353
FL-20041,Florida,Drought,2025-12-01,,2026-04-10,Secretary of Agriculture,Disaster Declared,,2026-12-10,,Hillsborough,12057,27.893154,-82.379991
FL-20041,Florida,Drought,2025-12-01,,2026-04-10,Secretary of Agriculture,Disaster Declared,,2026-12-10,,Holmes,12059,30.862007,-85.815939
FL-20041,Florida,Drought,2025-12-01,,2026-04-10,Secretary of Agriculture,Disaster Declared,,2026-12-10,,Indian River,12061,27.700528,-80.574789
FL-20041,Florida,Drought,2025-12-01,,2026-04-10,Secretary of Agriculture,Disaster Declared,,2026-12-10,,Jackson,12063,30.789249,-85.208814
FL-20041,Florida,Drought,2025-12-01,,2026-04-10,Secretary of Agriculture,Disaster Declared,,2026-12-10,,Jefferson,12065,30.396898,-83.921761
FL-20041,Florida,Drought,2025-12-01,,2026-04-10,Secretary of Agriculture,Disaster Declared,,2026-12-10,,Lafayette,12067,29.990066,-83.17851
FL-20041,Florida,Drought,2025-12-01,,2026-04-10,Secretary of Agriculture,Disaster Declared,,2026-12-10,,Lake,12069,28.764113,-81.712282
FL-20041,Florida,Drought,2025-12-01,,2026-04-10,Secretary of Agriculture,Disaster Declared,,2026-12-10,,Lee,12071,26.563273,-81.984182
FL-20041,Florida,Drought,2025-12-01,,2026-04-10,Secretary of Agriculture,Disaster Declared,,2026-12-10,,Leon,12073,30.45931,-84.2778
FL-20041,Florida,Drought,2025-12-01,,2026-04-10,Secretary of Agriculture,Disaster Declared,,2026-12-10,,Levy,12075,29.271854,-82.831233
FL-20041,Florida,Drought,2025-12-01,,2026-04-10,Secretary of Agriculture,Disaster Declared,,2026-12-10,,Liberty,12077,30.259849,-84.86858
FL-20041,Florida,Drought,2025-12-01,,2026-04-10,Secretary of Agriculture,Disaster Declared,,2026-12-10,,Madison,12079,30.447233,-83.470416
FL-20041,Florida,Drought,2025-12-01,,2026-04-10,Secretary of Agriculture,Disaster Declared,,2026-12-10,,Manatee,12081,27.475556,-82.393144
FL-20041,Florida,Drought,2025-12-01,,2026-04-10,Secretary of Agriculture,Disaster Declared,,2026-12-10,,Marion,12083,29.202805,-82.0431
FL-20041,Florida,Drought,2025-12-01,,2026-04-10,Secretary of Agriculture,Disaster Declared,,2026-12-10,,Martin,12085,27.083604,-80.398201
FL-20041,Florida,Drought,2025-12-01,,2026-04-10,Secretary of Agriculture,Disaster Declared,,2026-12-10,,Nassau,12089,30.605963,-81.765087
FL-20041,Florida,Drought,2025-12-01,,2026-04-10,Secretary of Agriculture,Disaster Declared,,2026-12-10,,Okaloosa,12091,30.614325,-86.59108
FL-20041,Florida,Drought,2025-12-01,,2026-04-10,Secretary of Agriculture,Disaster Declared,,2026-12-10,,Okeechobee,12093,27.385592,-80.887388
FL-20041,Florida,Drought,2025-12-01,,2026-04-10,Secretary of Agriculture,Disaster Declared,,2026-12-10,,Palm Beach,12099,26.649126,-80.448354
FL-20041,Florida,Drought,2025-12-01,,2026-04-10,Secretary of Agriculture,Disaster Declared,,2026-12-10,,Pasco,12101,28.309823,-82.511006
FL-20041,Florida,Drought,2025-12-01,,2026-04-10,Secretary of Agriculture,Disaster Declared,,2026-12-10,,Pinellas,12103,27.905342,-82.798066
FL-20041,Florida,Drought,2025-12-01,,2026-04-10,Secretary of Agriculture,Disaster Declared,,2026-12-10,,Polk,12105,27.953649,-81.693534
FL-20041,Florida,Drought,2025-12-01,,2026-04-10,Secretary of Agriculture,Disaster Declared,,2026-12-10,,Putnam,12107,29.593896,-81.732039
FL-20041,Florida,Drought,2025-12-01,,2026-04-10,Secretary of Agriculture,Disaster Declared,,2026-12-10,,St. Johns,12109,29.890487,-81.40004
FL-20041,Florida,Drought,2025-12-01,,2026-04-10,Secretary of Agriculture,Disaster Declared,,2026-12-10,,St. Lucie,12111,27.379814,-80.443536
FL-20041,Florida,Drought,2025-12-01,,2026-04-10,Secretary of Agriculture,Disaster Declared,,2026-12-10,,Santa Rosa,12113,30.675348,-87.018919
FL-20041,Florida,Drought,2025-12-01,,2026-04-10,Secretary of Agriculture,Disaster Declared,,2026-12-10,,Sarasota,12115,27.225327,-82.423714
FL-20041,Florida,Drought,2025-12-01,,2026-04-10,Secretary of Agriculture,Disaster Declared,,2026-12-10,,Sumter,12119,28.715444,-82.069952
FL-20041,Florida,Drought,2025-12-01,,2026-04-10,Secretary of Agriculture,Disaster Declared,,2026-12-10,,Suwannee,12121,30.189244,-82.992754
FL-20041,Florida,Drought,2025-12-01,,2026-04-10,Secretary of Agriculture,Disaster Declared,,2026-12-10,,Taylor,12123,29.967146,-83.639573
FL-20041,Florida,Drought,2025-12-01,,2026-04-10,Secretary of Agriculture,Disaster Declared,,2026-12-10,,Union,12125,30.05428,-82.366918
FL-20041,Florida,Drought,2025-12-01,,2026-04-10,Secretary of Agriculture,Disaster Declared,,2026-12-10,,Volusia,12127,29.057769,-81.161792
FL-20041,Florida,Drought,2025-12-01,,2026-04-10,Secretary of Agriculture,Disaster Declared,,2026-12-10,,Wakulla,12129,30.091335,-84.359111
FL-20041,Florida,Drought,2025-12-01,,2026-04-10,Secretary of Agriculture,Disaster Declared,,2026-12-10,,Walton,12131,30.571247,-86.162798
FL-20041,Florida,Drought,2025-12-01,,2026-04-10,Secretary of Agriculture,Disaster Declared,,2026-12-10,,Washington,12133,30.602102,-85.655805
HI-20012,Hawaii,Downtown Hilo Fire,2025-11-30,2025-11-30,2026-04-03,Governors Certification,Disaster Declared,,2027-01-04,,Hawaii,15001,19.597764,-155.502443
AL-20011,Alabama,Drought,2025-11-25,,2025-12-29,Secretary of Agriculture,Disaster Declared,,2026-08-31,,Barbour,01005,31.870253,-85.405104
AL-20011,Alabama,Drought,2025-11-25,,2025-12-29,Secretary of Agriculture,Disaster Declared,,2026-08-31,,Butler,01013,31.751667,-86.681969
AL-20011,Alabama,Drought,2025-11-25,,2025-12-29,Secretary of Agriculture,Disaster Declared,,2026-08-31,,Coffee,01031,31.402258,-85.989602
AL-20011,Alabama,Drought,2025-11-25,,2025-12-29,Secretary of Agriculture,Disaster Declared,,2026-08-31,,Conecuh,01035,31.430926,-86.988722
AL-20011,Alabama,Drought,2025-11-25,,2025-12-29,Secretary of Agriculture,Disaster Declared,,2026-08-31,,Covington,01039,31.243987,-86.448721
AL-20011,Alabama,Drought,2025-11-25,,2025-12-29,Secretary of Agriculture,Disaster Declared,,2026-08-31,,Crenshaw,01041,31.730311,-86.320038
AL-20011,Alabama,Drought,2025-11-25,,2025-12-29,Secretary of Agriculture,Disaster Declared,,2026-08-31,,Escambia,01053,31.122287,-87.16841
AL-20011,Alabama,Drought,2025-11-25,,2025-12-29,Secretary of Agriculture,Disaster Declared,,2026-08-31,,Pike,01109,31.798653,-85.941608
GA-20023,Georgia,Drought,2025-11-25,,2025-12-29,Secretary of Agriculture,Disaster Declared,,2026-08-31,,Clay,13061,31.619831,-84.992583
GA-20023,Georgia,Drought,2025-11-25,,2025-12-29,Secretary of Agriculture,Disaster Declared,,2026-08-31,,Crisp,13081,31.920268,-83.75653
GA-20023,Georgia,Drought,2025-11-25,,2025-12-29,Secretary of Agriculture,Disaster Declared,,2026-08-31,,Irwin,13155,31.604306,-83.277037
GA-20023,Georgia,Drought,2025-11-25,,2025-12-29,Secretary of Agriculture,Disaster Declared,,2026-08-31,,Quitman,13239,31.862938,-85.004798
GA-20023,Georgia,Drought,2025-11-25,,2025-12-29,Secretary of Agriculture,Disaster Declared,,2026-08-31,,Randolph,13243,31.762651,-84.752311
GA-20023,Georgia,Drought,2025-11-25,,2025-12-29,Secretary of Agriculture,Disaster Declared,,2026-08-31,,Terrell,13273,31.777191,-84.439446
GA-20023,Georgia,Drought,2025-11-25,,2025-12-29,Secretary of Agriculture,Disaster Declared,,2026-08-31,,Turner,13287,31.7248,-83.620319
NY-20029,New York,Cottage Avenue Apartment Building Fire,2025-11-23,2025-11-23,2025-12-16,SBA Declaration (Agency),Disaster Declared,2026-02-17,2026-09-16,,Westchester,36119,41.152686,-73.745753
OK-20034,Oklahoma,Drought,2025-11-15,,2026-04-10,Secretary of Agriculture,Disaster Declared,,2026-12-10,,Adair,40001,35.898043,-94.651026
OK-20034,Oklahoma,Drought,2025-11-15,,2026-04-10,Secretary of Agriculture,Disaster Declared,,2026-12-10,,Beckham,40009,35.270601,-99.690057
OK-20034,Oklahoma,Drought,2025-11-15,,2026-04-10,Secretary of Agriculture,Disaster Declared,,2026-12-10,,Blaine,40011,35.877795,-98.429031
OK-20034,Oklahoma,Drought,2025-11-15,,2026-04-10,Secretary of Agriculture,Disaster Declared,,2026-12-10,,Caddo,40015,35.16792,-98.381045
OK-20034,Oklahoma,Drought,2025-11-15,,2026-04-10,Secretary of Agriculture,Disaster Declared,,2026-12-10,,Canadian,40017,35.543354,-97.979889
OK-20034,Oklahoma,Drought,2025-11-15,,2026-04-10,Secretary of Agriculture,Disaster Declared,,2026-12-10,,Carter,40019,34.251848,-97.287927
OK-20034,Oklahoma,Drought,2025-11-15,,2026-04-10,Secretary of Agriculture,Disaster Declared,,2026-12-10,,Cherokee,40021,35.904367,-94.996796
OK-20034,Oklahoma,Drought,2025-11-15,,2026-04-10,Secretary of Agriculture,Disaster Declared,,2026-12-10,,Choctaw,40023,34.027699,-95.554079
OK-20034,Oklahoma,Drought,2025-11-15,,2026-04-10,Secretary of Agriculture,Disaster Declared,,2026-12-10,,Cleveland,40027,35.206376,-97.323088
OK-20034,Oklahoma,Drought,2025-11-15,,2026-04-10,Secretary of Agriculture,Disaster Declared,,2026-12-10,,Comanche,40031,34.66263,-98.476612
OK-20034,Oklahoma,Drought,2025-11-15,,2026-04-10,Secretary of Agriculture,Disaster Declared,,2026-12-10,,Cotton,40033,34.290676,-98.373438
OK-20034,Oklahoma,Drought,2025-11-15,,2026-04-10,Secretary of Agriculture,Disaster Declared,,2026-12-10,,Craig,40035,36.76389,-95.201553
OK-20034,Oklahoma,Drought,2025-11-15,,2026-04-10,Secretary of Agriculture,Disaster Declared,,2026-12-10,,Custer,40039,35.645601,-98.997386
OK-20034,Oklahoma,Drought,2025-11-15,,2026-04-10,Secretary of Agriculture,Disaster Declared,,2026-12-10,,Delaware,40041,36.393437,-94.808189
OK-20034,Oklahoma,Drought,2025-11-15,,2026-04-10,Secretary of Agriculture,Disaster Declared,,2026-12-10,,Dewey,40043,35.97796,-99.014385
OK-20034,Oklahoma,Drought,2025-11-15,,2026-04-10,Secretary of Agriculture,Disaster Declared,,2026-12-10,,Grady,40051,35.021058,-97.88689
OK-20034,Oklahoma,Drought,2025-11-15,,2026-04-10,Secretary of Agriculture,Disaster Declared,,2026-12-10,,Garvin,40049,34.70935,-97.312723
OK-20034,Oklahoma,Drought,2025-11-15,,2026-04-10,Secretary of Agriculture,Disaster Declared,,2026-12-10,,Greer,40055,34.933853,-99.552968
OK-20034,Oklahoma,Drought,2025-11-15,,2026-04-10,Secretary of Agriculture,Disaster Declared,,2026-12-10,,Harmon,40057,34.745971,-99.844194
OK-20034,Oklahoma,Drought,2025-11-15,,2026-04-10,Secretary of Agriculture,Disaster Declared,,2026-12-10,,Hughes,40063,35.052934,-96.251183
OK-20034,Oklahoma,Drought,2025-11-15,,2026-04-10,Secretary of Agriculture,Disaster Declared,,2026-12-10,,Jackson,40065,34.594006,-99.412235
OK-20034,Oklahoma,Drought,2025-11-15,,2026-04-10,Secretary of Agriculture,Disaster Declared,,2026-12-10,,Jefferson,40067,34.105082,-97.83889
OK-20034,Oklahoma,Drought,2025-11-15,,2026-04-10,Secretary of Agriculture,Disaster Declared,,2026-12-10,,Kingfisher,40073,35.949436,-97.934557
OK-20034,Oklahoma,Drought,2025-11-15,,2026-04-10,Secretary of Agriculture,Disaster Declared,,2026-12-10,,Kiowa,40075,34.921489,-98.981617
OK-20034,Oklahoma,Drought,2025-11-15,,2026-04-10,Secretary of Agriculture,Disaster Declared,,2026-12-10,,Lincoln,40081,35.703117,-96.881392
OK-20034,Oklahoma,Drought,2025-11-15,,2026-04-10,Secretary of Agriculture,Disaster Declared,,2026-12-10,,McClain,40087,35.016436,-97.449803
OK-20034,Oklahoma,Drought,2025-11-15,,2026-04-10,Secretary of Agriculture,Disaster Declared,,2026-12-10,,McCurtain,40089,34.117073,-94.766086
OK-20034,Oklahoma,Drought,2025-11-15,,2026-04-10,Secretary of Agriculture,Disaster Declared,,2026-12-10,,Mayes,40097,36.303804,-95.235638
OK-20034,Oklahoma,Drought,2025-11-15,,2026-04-10,Secretary of Agriculture,Disaster Declared,,2026-12-10,,Muskogee,40101,35.617551,-95.383911
OK-20034,Oklahoma,Drought,2025-11-15,,2026-04-10,Secretary of Agriculture,Disaster Declared,,2026-12-10,,Oklahoma,40109,35.554611,-97.409401
OK-20034,Oklahoma,Drought,2025-11-15,,2026-04-10,Secretary of Agriculture,Disaster Declared,,2026-12-10,,Ottawa,40115,36.835764,-94.802681
OK-20034,Oklahoma,Drought,2025-11-15,,2026-04-10,Secretary of Agriculture,Disaster Declared,,2026-12-10,,Pittsburg,40121,34.92554,-95.74813
OK-20034,Oklahoma,Drought,2025-11-15,,2026-04-10,Secretary of Agriculture,Disaster Declared,,2026-12-10,,Pontotoc,40123,34.721415,-96.69178
OK-20034,Oklahoma,Drought,2025-11-15,,2026-04-10,Secretary of Agriculture,Disaster Declared,,2026-12-10,,Pottawatomie,40125,35.211391,-96.957004
OK-20034,Oklahoma,Drought,2025-11-15,,2026-04-10,Secretary of Agriculture,Disaster Declared,,2026-12-10,,Pushmataha,40127,34.377899,-95.408082
OK-20034,Oklahoma,Drought,2025-11-15,,2026-04-10,Secretary of Agriculture,Disaster Declared,,2026-12-10,,Roger Mills,40129,35.708554,-99.741572
OK-20034,Oklahoma,Drought,2025-11-15,,2026-04-10,Secretary of Agriculture,Disaster Declared,,2026-12-10,,Seminole,40133,35.158366,-96.602857
OK-20034,Oklahoma,Drought,2025-11-15,,2026-04-10,Secretary of Agriculture,Disaster Declared,,2026-12-10,,Stephens,40137,34.481361,-97.855607
OK-20034,Oklahoma,Drought,2025-11-15,,2026-04-10,Secretary of Agriculture,Disaster Declared,,2026-12-10,,Tillman,40141,34.371085,-98.931701
OK-20034,Oklahoma,Drought,2025-11-15,,2026-04-10,Secretary of Agriculture,Disaster Declared,,2026-12-10,,Wagoner,40145,35.963388,-95.514201
OK-20034,Oklahoma,Drought,2025-11-15,,2026-04-10,Secretary of Agriculture,Disaster Declared,,2026-12-10,,Washita,40149,35.289497,-98.991436
CA-20037,California,Pack Fire,2025-11-13,2025-12-04,2025-12-09,SBA Declaration (Agency),Disaster Declared,2026-02-09,2026-09-09,,Mono,06051,37.915836,-118.875167
OK-20033,Oklahoma,Drought,2025-11-11,,2025-12-29,Secretary of Agriculture,Disaster Declared,,2026-08-31,,Greer,40055,34.933853,-99.552968
OK-20033,Oklahoma,Drought,2025-11-11,,2025-12-29,Secretary of Agriculture,Disaster Declared,,2026-08-31,,Jackson,40065,34.594006,-99.412235
OK-20033,Oklahoma,Drought,2025-11-11,,2025-12-29,Secretary of Agriculture,Disaster Declared,,2026-08-31,,Kiowa,40075,34.921489,-98.981617
OK-20033,Oklahoma,Drought,2025-11-11,,2025-12-29,Secretary of Agriculture,Disaster Declared,,2026-08-31,,Tillman,40141,34.371085,-98.931701
KY-20024,Kentucky,Louisville Airplane Crash,2025-11-04,2025-11-04,2025-11-15,Governors Certification,Disaster Declared,,2026-08-17,,Jefferson,21111,38.189532,-85.657624
TX-20067,Texas,Drought,2025-11-04,,2025-12-29,Secretary of Agriculture,Disaster Declared,,2026-08-31,,Austin,48015,29.891901,-96.27017
TX-20077,Texas,Drought,2025-11-01,,2026-04-10,Secretary of Agriculture,Disaster Declared,,2026-12-10,,Anderson,48001,31.841261,-95.661727
TX-20077,Texas,Drought,2025-11-01,,2026-04-10,Secretary of Agriculture,Disaster Declared,,2026-12-10,,Angelina,48005,31.251896,-94.611134
TX-20077,Texas,Drought,2025-11-01,,2026-04-10,Secretary of Agriculture,Disaster Declared,,2026-12-10,,Aransas,48007,28.122621,-96.967501
TX-20077,Texas,Drought,2025-11-01,,2026-04-10,Secretary of Agriculture,Disaster Declared,,2026-12-10,,Atascosa,48013,28.891478,-98.535381
TX-20077,Texas,Drought,2025-11-01,,2026-04-10,Secretary of Agriculture,Disaster Declared,,2026-12-10,,Austin,48015,29.891901,-96.27017
TX-20077,Texas,Drought,2025-11-01,,2026-04-10,Secretary of Agriculture,Disaster Declared,,2026-12-10,,Bandera,48019,29.756389,-99.248285
TX-20077,Texas,Drought,2025-11-01,,2026-04-10,Secretary of Agriculture,Disaster Declared,,2026-12-10,,Bastrop,48021,30.100772,-97.310639
TX-20077,Texas,Drought,2025-11-01,,2026-04-10,Secretary of Agriculture,Disaster Declared,,2026-12-10,,Baylor,48023,33.618802,-99.208189
TX-20077,Texas,Drought,2025-11-01,,2026-04-10,Secretary of Agriculture,Disaster Declared,,2026-12-10,,Bee,48025,28.416077,-97.742586
TX-20077,Texas,Drought,2025-11-01,,2026-04-10,Secretary of Agriculture,Disaster Declared,,2026-12-10,,Bell,48027,31.04275,-97.481268
TX-20077,Texas,Drought,2025-11-01,,2026-04-10,Secretary of Agriculture,Disaster Declared,,2026-12-10,,Bexar,48029,29.448671,-98.520147
TX-20077,Texas,Drought,2025-11-01,,2026-04-10,Secretary of Agriculture,Disaster Declared,,2026-12-10,,Blanco,48031,30.266456,-98.399217
TX-20077,Texas,Drought,2025-11-01,,2026-04-10,Secretary of Agriculture,Disaster Declared,,2026-12-10,,Borden,48033,32.73859,-101.439199
TX-20077,Texas,Drought,2025-11-01,,2026-04-10,Secretary of Agriculture,Disaster Declared,,2026-12-10,,Bowie,48037,33.446065,-94.422393
TX-20077,Texas,Drought,2025-11-01,,2026-04-10,Secretary of Agriculture,Disaster Declared,,2026-12-10,,Brazoria,48039,29.167817,-95.434647
TX-20077,Texas,Drought,2025-11-01,,2026-04-10,Secretary of Agriculture,Disaster Declared,,2026-12-10,,Brazos,48041,30.656713,-96.302394
TX-20077,Texas,Drought,2025-11-01,,2026-04-10,Secretary of Agriculture,Disaster Declared,,2026-12-10,,Brewster,48043,29.808997,-103.252458
TX-20077,Texas,Drought,2025-11-01,,2026-04-10,Secretary of Agriculture,Disaster Declared,,2026-12-10,,Brooks,48047,27.034994,-98.215276
TX-20077,Texas,Drought,2025-11-01,,2026-04-10,Secretary of Agriculture,Disaster Declared,,2026-12-10,,Brown,48049,31.764137,-98.998456
TX-20077,Texas,Drought,2025-11-01,,2026-04-10,Secretary of Agriculture,Disaster Declared,,2026-12-10,,Burleson,48051,30.493487,-96.622091
TX-20077,Texas,Drought,2025-11-01,,2026-04-10,Secretary of Agriculture,Disaster Declared,,2026-12-10,,Caldwell,48055,29.832399,-97.628141
TX-20077,Texas,Drought,2025-11-01,,2026-04-10,Secretary of Agriculture,Disaster Declared,,2026-12-10,,Burnet,48053,30.78963,-98.201187
TX-20077,Texas,Drought,2025-11-01,,2026-04-10,Secretary of Agriculture,Disaster Declared,,2026-12-10,,Calhoun,48057,28.441719,-96.579574
TX-20077,Texas,Drought,2025-11-01,,2026-04-10,Secretary of Agriculture,Disaster Declared,,2026-12-10,,Cameron,48061,26.102923,-97.478958
TX-20077,Texas,Drought,2025-11-01,,2026-04-10,Secretary of Agriculture,Disaster Declared,,2026-12-10,,Camp,48063,32.974581,-94.979085
TX-20077,Texas,Drought,2025-11-01,,2026-04-10,Secretary of Agriculture,Disaster Declared,,2026-12-10,,Cass,48067,33.083698,-94.357579
TX-20077,Texas,Drought,2025-11-01,,2026-04-10,Secretary of Agriculture,Disaster Declared,,2026-12-10,,Chambers,48071,29.696374,-94.669445
TX-20077,Texas,Drought,2025-11-01,,2026-04-10,Secretary of Agriculture,Disaster Declared,,2026-12-10,,Cherokee,48073,31.843881,-95.156343
TX-20077,Texas,Drought,2025-11-01,,2026-04-10,Secretary of Agriculture,Disaster Declared,,2026-12-10,,Coleman,48083,31.914205,-99.346622
TX-20077,Texas,Drought,2025-11-01,,2026-04-10,Secretary of Agriculture,Disaster Declared,,2026-12-10,,Colorado,48089,29.596296,-96.508935
TX-20077,Texas,Drought,2025-11-01,,2026-04-10,Secretary of Agriculture,Disaster Declared,,2026-12-10,,Comal,48091,29.812377,-98.258129
TX-20077,Texas,Drought,2025-11-01,,2026-04-10,Secretary of Agriculture,Disaster Declared,,2026-12-10,,Crosby,48107,33.609144,-101.29871
TX-20077,Texas,Drought,2025-11-01,,2026-04-10,Secretary of Agriculture,Disaster Declared,,2026-12-10,,Culberson,48109,31.445908,-104.526945
TX-20077,Texas,Drought,2025-11-01,,2026-04-10,Secretary of Agriculture,Disaster Declared,,2026-12-10,,Dawson,48115,32.742528,-101.948771
TX-20077,Texas,Drought,2025-11-01,,2026-04-10,Secretary of Agriculture,Disaster Declared,,2026-12-10,,Delta,48119,33.385933,-95.67335
TX-20077,Texas,Drought,2025-11-01,,2026-04-10,Secretary of Agriculture,Disaster Declared,,2026-12-10,,DeWitt,48123,29.082346,-97.361654
TX-20077,Texas,Drought,2025-11-01,,2026-04-10,Secretary of Agriculture,Disaster Declared,,2026-12-10,,Dickens,48125,33.615363,-100.787617
TX-20077,Texas,Drought,2025-11-01,,2026-04-10,Secretary of Agriculture,Disaster Declared,,2026-12-10,,Dimmit,48127,28.423587,-99.765871
TX-20077,Texas,Drought,2025-11-01,,2026-04-10,Secretary of Agriculture,Disaster Declared,,2026-12-10,,Duval,48131,27.681123,-98.497393
TX-20077,Texas,Drought,2025-11-01,,2026-04-10,Secretary of Agriculture,Disaster Declared,,2026-12-10,,Fannin,48147,33.591161,-96.104988
TX-20077,Texas,Drought,2025-11-01,,2026-04-10,Secretary of Agriculture,Disaster Declared,,2026-12-10,,Fayette,48149,29.877886,-96.921231
TX-20077,Texas,Drought,2025-11-01,,2026-04-10,Secretary of Agriculture,Disaster Declared,,2026-12-10,,Floyd,48153,34.07373,-101.303274
TX-20077,Texas,Drought,2025-11-01,,2026-04-10,Secretary of Agriculture,Disaster Declared,,2026-12-10,,Foard,48155,33.963306,-99.816828
TX-20077,Texas,Drought,2025-11-01,,2026-04-10,Secretary of Agriculture,Disaster Declared,,2026-12-10,,Fort Bend,48157,29.526602,-95.771015
TX-20077,Texas,Drought,2025-11-01,,2026-04-10,Secretary of Agriculture,Disaster Declared,,2026-12-10,,Franklin,48159,33.175846,-95.219066
TX-20077,Texas,Drought,2025-11-01,,2026-04-10,Secretary of Agriculture,Disaster Declared,,2026-12-10,,Frio,48163,28.869383,-99.109005
TX-20077,Texas,Drought,2025-11-01,,2026-04-10,Secretary of Agriculture,Disaster Declared,,2026-12-10,,Gaines,48165,32.743942,-102.631561
TX-20077,Texas,Drought,2025-11-01,,2026-04-10,Secretary of Agriculture,Disaster Declared,,2026-12-10,,Galveston,48167,29.233453,-94.888456
TX-20077,Texas,Drought,2025-11-01,,2026-04-10,Secretary of Agriculture,Disaster Declared,,2026-12-10,,Garza,48169,33.183792,-101.301134
TX-20077,Texas,Drought,2025-11-01,,2026-04-10,Secretary of Agriculture,Disaster Declared,,2026-12-10,,Gillespie,48171,30.325093,-98.94185
TX-20077,Texas,Drought,2025-11-01,,2026-04-10,Secretary of Agriculture,Disaster Declared,,2026-12-10,,Goliad,48175,28.6607,-97.430415
TX-20077,Texas,Drought,2025-11-01,,2026-04-10,Secretary of Agriculture,Disaster Declared,,2026-12-10,,Gonzales,48177,29.461912,-97.49192
TX-20077,Texas,Drought,2025-11-01,,2026-04-10,Secretary of Agriculture,Disaster Declared,,2026-12-10,,Grimes,48185,30.543231,-95.988082
TX-20077,Texas,Drought,2025-11-01,,2026-04-10,Secretary of Agriculture,Disaster Declared,,2026-12-10,,Guadalupe,48187,29.582671,-97.948995
TX-20077,Texas,Drought,2025-11-01,,2026-04-10,Secretary of Agriculture,Disaster Declared,,2026-12-10,,Hardin,48199,30.329648,-94.393178
TX-20077,Texas,Drought,2025-11-01,,2026-04-10,Secretary of Agriculture,Disaster Declared,,2026-12-10,,Harris,48201,29.857273,-95.393037
TX-20077,Texas,Drought,2025-11-01,,2026-04-10,Secretary of Agriculture,Disaster Declared,,2026-12-10,,Hays,48209,30.061225,-98.029267
TX-20077,Texas,Drought,2025-11-01,,2026-04-10,Secretary of Agriculture,Disaster Declared,,2026-12-10,,Hidalgo,48215,26.396384,-98.18099
TX-20077,Texas,Drought,2025-11-01,,2026-04-10,Secretary of Agriculture,Disaster Declared,,2026-12-10,,Hopkins,48223,33.148967,-95.565434
TX-20077,Texas,Drought,2025-11-01,,2026-04-10,Secretary of Agriculture,Disaster Declared,,2026-12-10,,Houston,48225,31.323036,-95.4216
TX-20077,Texas,Drought,2025-11-01,,2026-04-10,Secretary of Agriculture,Disaster Declared,,2026-12-10,,Hudspeth,48229,31.450868,-105.377549
TX-20077,Texas,Drought,2025-11-01,,2026-04-10,Secretary of Agriculture,Disaster Declared,,2026-12-10,,Hunt,48231,33.123308,-96.08423
TX-20077,Texas,Drought,2025-11-01,,2026-04-10,Secretary of Agriculture,Disaster Declared,,2026-12-10,,Jackson,48239,28.959802,-96.58908
TX-20077,Texas,Drought,2025-11-01,,2026-04-10,Secretary of Agriculture,Disaster Declared,,2026-12-10,,Jasper,48241,30.752932,-94.022294
TX-20077,Texas,Drought,2025-11-01,,2026-04-10,Secretary of Agriculture,Disaster Declared,,2026-12-10,,Jeff Davis,48243,30.625357,-104.191873
TX-20077,Texas,Drought,2025-11-01,,2026-04-10,Secretary of Agriculture,Disaster Declared,,2026-12-10,,Jim Hogg,48247,27.053231,-98.747572
TX-20077,Texas,Drought,2025-11-01,,2026-04-10,Secretary of Agriculture,Disaster Declared,,2026-12-10,,Jim Wells,48249,27.733516,-98.090814
TX-20077,Texas,Drought,2025-11-01,,2026-04-10,Secretary of Agriculture,Disaster Declared,,2026-12-10,,Karnes,48255,28.908996,-97.852205
TX-20077,Texas,Drought,2025-11-01,,2026-04-10,Secretary of Agriculture,Disaster Declared,,2026-12-10,,Kendall,48259,29.943525,-98.709269
TX-20077,Texas,Drought,2025-11-01,,2026-04-10,Secretary of Agriculture,Disaster Declared,,2026-12-10,,Kenedy,48261,26.890213,-97.591143
TX-20077,Texas,Drought,2025-11-01,,2026-04-10,Secretary of Agriculture,Disaster Declared,,2026-12-10,,Kerr,48265,30.059953,-99.353339
TX-20077,Texas,Drought,2025-11-01,,2026-04-10,Secretary of Agriculture,Disaster Declared,,2026-12-10,,Kinney,48271,29.347086,-100.4177
TX-20077,Texas,Drought,2025-11-01,,2026-04-10,Secretary of Agriculture,Disaster Declared,,2026-12-10,,Kleberg,48273,27.438735,-97.66062
TX-20077,Texas,Drought,2025-11-01,,2026-04-10,Secretary of Agriculture,Disaster Declared,,2026-12-10,,Lamar,48277,33.667263,-95.570348
TX-20077,Texas,Drought,2025-11-01,,2026-04-10,Secretary of Agriculture,Disaster Declared,,2026-12-10,,La Salle,48283,28.351098,-99.096774
TX-20077,Texas,Drought,2025-11-01,,2026-04-10,Secretary of Agriculture,Disaster Declared,,2026-12-10,,Lavaca,48285,29.382578,-96.923633
TX-20077,Texas,Drought,2025-11-01,,2026-04-10,Secretary of Agriculture,Disaster Declared,,2026-12-10,,Lee,48287,30.321498,-96.976823
TX-20077,Texas,Drought,2025-11-01,,2026-04-10,Secretary of Agriculture,Disaster Declared,,2026-12-10,,Leon,48289,31.300493,-95.995622
TX-20077,Texas,Drought,2025-11-01,,2026-04-10,Secretary of Agriculture,Disaster Declared,,2026-12-10,,Liberty,48291,30.158508,-94.844061
TX-20077,Texas,Drought,2025-11-01,,2026-04-10,Secretary of Agriculture,Disaster Declared,,2026-12-10,,Live Oak,48297,28.351535,-98.126961
TX-20077,Texas,Drought,2025-11-01,,2026-04-10,Secretary of Agriculture,Disaster Declared,,2026-12-10,,Llano,48299,30.707584,-98.68469
TX-20077,Texas,Drought,2025-11-01,,2026-04-10,Secretary of Agriculture,Disaster Declared,,2026-12-10,,Lubbock,48303,33.611469,-101.819944
TX-20077,Texas,Drought,2025-11-01,,2026-04-10,Secretary of Agriculture,Disaster Declared,,2026-12-10,,Panola,48365,32.163978,-94.305156
TX-20077,Texas,Drought,2025-11-01,,2026-04-10,Secretary of Agriculture,Disaster Declared,,2026-12-10,,Shelby,48419,31.790139,-94.142579
TX-20077,Texas,Drought,2025-11-01,,2026-04-10,Secretary of Agriculture,Disaster Declared,,2026-12-10,,Nacogdoches,48347,31.62056,-94.62025
TX-20077,Texas,Drought,2025-11-01,,2026-04-10,Secretary of Agriculture,Disaster Declared,,2026-12-10,,McMullen,48311,28.384922,-98.578853
TX-20077,Texas,Drought,2025-11-01,,2026-04-10,Secretary of Agriculture,Disaster Declared,,2026-12-10,,Medina,48325,29.353661,-99.111085
TX-20077,Texas,Drought,2025-11-01,,2026-04-10,Secretary of Agriculture,Disaster Declared,,2026-12-10,,Milam,48331,30.791242,-96.984395
TX-20077,Texas,Drought,2025-11-01,,2026-04-10,Secretary of Agriculture,Disaster Declared,,2026-12-10,,Montgomery,48339,30.298801,-95.50295
TX-20077,Texas,Drought,2025-11-01,,2026-04-10,Secretary of Agriculture,Disaster Declared,,2026-12-10,,Morris,48343,33.116466,-94.731265
TX-20077,Texas,Drought,2025-11-01,,2026-04-10,Secretary of Agriculture,Disaster Declared,,2026-12-10,,Motley,48345,34.057899,-100.793152
TX-20077,Texas,Drought,2025-11-01,,2026-04-10,Secretary of Agriculture,Disaster Declared,,2026-12-10,,Nueces,48355,27.740032,-97.516214
TX-20077,Texas,Drought,2025-11-01,,2026-04-10,Secretary of Agriculture,Disaster Declared,,2026-12-10,,Pecos,48371,30.773298,-102.718153
TX-20077,Texas,Drought,2025-11-01,,2026-04-10,Secretary of Agriculture,Disaster Declared,,2026-12-10,,Polk,48373,30.784553,-94.837338
TX-20077,Texas,Drought,2025-11-01,,2026-04-10,Secretary of Agriculture,Disaster Declared,,2026-12-10,,Presidio,48377,30.005891,-104.261619
TX-20077,Texas,Drought,2025-11-01,,2026-04-10,Secretary of Agriculture,Disaster Declared,,2026-12-10,,Rains,48379,32.870457,-95.795613
TX-20077,Texas,Drought,2025-11-01,,2026-04-10,Secretary of Agriculture,Disaster Declared,,2026-12-10,,Red River,48387,33.619625,-95.048429
TX-20077,Texas,Drought,2025-11-01,,2026-04-10,Secretary of Agriculture,Disaster Declared,,2026-12-10,,Reeves,48389,31.308366,-103.712706
TX-20077,Texas,Drought,2025-11-01,,2026-04-10,Secretary of Agriculture,Disaster Declared,,2026-12-10,,Refugio,48391,28.322116,-97.162472
TX-20077,Texas,Drought,2025-11-01,,2026-04-10,Secretary of Agriculture,Disaster Declared,,2026-12-10,,Robertson,48395,31.025481,-96.514941
TX-20077,Texas,Drought,2025-11-01,,2026-04-10,Secretary of Agriculture,Disaster Declared,,2026-12-10,,Rusk,48401,32.109423,-94.756382
TX-20077,Texas,Drought,2025-11-01,,2026-04-10,Secretary of Agriculture,Disaster Declared,,2026-12-10,,Sabine,48403,31.3433,-93.851913
TX-20077,Texas,Drought,2025-11-01,,2026-04-10,Secretary of Agriculture,Disaster Declared,,2026-12-10,,San Augustine,48405,31.382449,-94.16318
TX-20077,Texas,Drought,2025-11-01,,2026-04-10,Secretary of Agriculture,Disaster Declared,,2026-12-10,,San Jacinto,48407,30.574388,-95.163136
TX-20077,Texas,Drought,2025-11-01,,2026-04-10,Secretary of Agriculture,Disaster Declared,,2026-12-10,,San Patricio,48409,28.011794,-97.517157
TX-20077,Texas,Drought,2025-11-01,,2026-04-10,Secretary of Agriculture,Disaster Declared,,2026-12-10,,Starr,48427,26.530903,-98.740235
TX-20077,Texas,Drought,2025-11-01,,2026-04-10,Secretary of Agriculture,Disaster Declared,,2026-12-10,,Terrell,48443,30.232343,-102.072513
TX-20077,Texas,Drought,2025-11-01,,2026-04-10,Secretary of Agriculture,Disaster Declared,,2026-12-10,,Terry,48445,33.171229,-102.339284
TX-20077,Texas,Drought,2025-11-01,,2026-04-10,Secretary of Agriculture,Disaster Declared,,2026-12-10,,Titus,48449,33.214599,-94.966783
TX-20077,Texas,Drought,2025-11-01,,2026-04-10,Secretary of Agriculture,Disaster Declared,,2026-12-10,,Travis,48453,30.239513,-97.69127
TX-20077,Texas,Drought,2025-11-01,,2026-04-10,Secretary of Agriculture,Disaster Declared,,2026-12-10,,Trinity,48455,31.096675,-95.151687
TX-20077,Texas,Drought,2025-11-01,,2026-04-10,Secretary of Agriculture,Disaster Declared,,2026-12-10,,Tyler,48457,30.769295,-94.375656
TX-20077,Texas,Drought,2025-11-01,,2026-04-10,Secretary of Agriculture,Disaster Declared,,2026-12-10,,Upshur,48459,32.735349,-94.941184
TX-20077,Texas,Drought,2025-11-01,,2026-04-10,Secretary of Agriculture,Disaster Declared,,2026-12-10,,Uvalde,48463,29.350308,-99.768427
TX-20077,Texas,Drought,2025-11-01,,2026-04-10,Secretary of Agriculture,Disaster Declared,,2026-12-10,,Val Verde,48465,29.875285,-101.143324
TX-20077,Texas,Drought,2025-11-01,,2026-04-10,Secretary of Agriculture,Disaster Declared,,2026-12-10,,Victoria,48469,28.79637,-96.971198
TX-20077,Texas,Drought,2025-11-01,,2026-04-10,Secretary of Agriculture,Disaster Declared,,2026-12-10,,Waller,48473,30.01359,-95.982149
TX-20077,Texas,Drought,2025-11-01,,2026-04-10,Secretary of Agriculture,Disaster Declared,,2026-12-10,,Washington,48477,30.215075,-96.410272
TX-20077,Texas,Drought,2025-11-01,,2026-04-10,Secretary of Agriculture,Disaster Declared,,2026-12-10,,Webb,48479,27.760799,-99.340752
TX-20077,Texas,Drought,2025-11-01,,2026-04-10,Secretary of Agriculture,Disaster Declared,,2026-12-10,,Wharton,48481,29.27848,-96.229674
TX-20077,Texas,Drought,2025-11-01,,2026-04-10,Secretary of Agriculture,Disaster Declared,,2026-12-10,,Wilbarger,48487,34.08492,-99.24244
TX-20077,Texas,Drought,2025-11-01,,2026-04-10,Secretary of Agriculture,Disaster Declared,,2026-12-10,,Willacy,48489,26.481861,-97.594731
TX-20077,Texas,Drought,2025-11-01,,2026-04-10,Secretary of Agriculture,Disaster Declared,,2026-12-10,,Williamson,48491,30.649082,-97.605065
TX-20077,Texas,Drought,2025-11-01,,2026-04-10,Secretary of Agriculture,Disaster Declared,,2026-12-10,,Wilson,48493,29.173883,-98.086734
TX-20077,Texas,Drought,2025-11-01,,2026-04-10,Secretary of Agriculture,Disaster Declared,,2026-12-10,,Wood,48499,32.783588,-95.382166
TX-20077,Texas,Drought,2025-11-01,,2026-04-10,Secretary of Agriculture,Disaster Declared,,2026-12-10,,Zapata,48505,26.996981,-99.182603
TX-20077,Texas,Drought,2025-11-01,,2026-04-10,Secretary of Agriculture,Disaster Declared,,2026-12-10,,Zavala,48507,28.864652,-99.75983
TX-20077,Texas,Drought,2025-11-01,,2026-04-10,Secretary of Agriculture,Disaster Declared,,2026-12-10,,Matagorda,48321,28.77476,-96.001532
TX-20077,Texas,Drought,2025-11-01,,2026-04-10,Secretary of Agriculture,Disaster Declared,,2026-12-10,,Lynn,48305,33.178412,-101.818493
TX-20077,Texas,Drought,2025-11-01,,2026-04-10,Secretary of Agriculture,Disaster Declared,,2026-12-10,,Madison,48313,30.966878,-95.930372
TX-20077,Texas,Drought,2025-11-01,,2026-04-10,Secretary of Agriculture,Disaster Declared,,2026-12-10,,Marion,48315,32.798182,-94.356853
TX-20077,Texas,Drought,2025-11-01,,2026-04-10,Secretary of Agriculture,Disaster Declared,,2026-12-10,,Maverick,48323,28.729787,-100.316678
CO-20027,Colorado,Drought,2025-11-01,,2026-04-06,Secretary of Agriculture,Disaster Declared,,2026-12-07,,Adams,08001,39.874325,-104.331872
CO-20027,Colorado,Drought,2025-11-01,,2026-04-06,Secretary of Agriculture,Disaster Declared,,2026-12-07,,Arapahoe,08005,39.644554,-104.331706
CO-20027,Colorado,Drought,2025-11-01,,2026-04-06,Secretary of Agriculture,Disaster Declared,,2026-12-07,,Boulder,08013,40.094963,-105.397704
CO-20027,Colorado,Drought,2025-11-01,,2026-04-06,Secretary of Agriculture,Disaster Declared,,2026-12-07,,Broomfield,08014,39.953593,-105.050787
CO-20027,Colorado,Drought,2025-11-01,,2026-04-06,Secretary of Agriculture,Disaster Declared,,2026-12-07,,Chaffee,08015,38.734599,-106.300025
CO-20027,Colorado,Drought,2025-11-01,,2026-04-06,Secretary of Agriculture,Disaster Declared,,2026-12-07,,Clear Creek,08019,39.689403,-105.670783
CO-20027,Colorado,Drought,2025-11-01,,2026-04-06,Secretary of Agriculture,Disaster Declared,,2026-12-07,,Costilla,08023,37.277547,-105.42894
CO-20027,Colorado,Drought,2025-11-01,,2026-04-06,Secretary of Agriculture,Disaster Declared,,2026-12-07,,Delta,08029,38.861595,-107.864892
CO-20027,Colorado,Drought,2025-11-01,,2026-04-06,Secretary of Agriculture,Disaster Declared,,2026-12-07,,Denver,08031,39.76185,-104.881105
CO-20027,Colorado,Drought,2025-11-01,,2026-04-06,Secretary of Agriculture,Disaster Declared,,2026-12-07,,Douglas,08035,39.325414,-104.925987
CO-20027,Colorado,Drought,2025-11-01,,2026-04-06,Secretary of Agriculture,Disaster Declared,,2026-12-07,,Eagle,08037,39.626992,-106.695169
CO-20027,Colorado,Drought,2025-11-01,,2026-04-06,Secretary of Agriculture,Disaster Declared,,2026-12-07,,Garfield,08045,39.599352,-107.90978
CO-20027,Colorado,Drought,2025-11-01,,2026-04-06,Secretary of Agriculture,Disaster Declared,,2026-12-07,,Gilpin,08047,39.861156,-105.528878
CO-20027,Colorado,Drought,2025-11-01,,2026-04-06,Secretary of Agriculture,Disaster Declared,,2026-12-07,,Grand,08049,40.113065,-106.110837
CO-20027,Colorado,Drought,2025-11-01,,2026-04-06,Secretary of Agriculture,Disaster Declared,,2026-12-07,,Huerfano,08055,37.687815,-104.959928
CO-20027,Colorado,Drought,2025-11-01,,2026-04-06,Secretary of Agriculture,Disaster Declared,,2026-12-07,,Jackson,08057,40.663432,-106.329248
CO-20027,Colorado,Drought,2025-11-01,,2026-04-06,Secretary of Agriculture,Disaster Declared,,2026-12-07,,Jefferson,08059,39.579511,-105.245462
CO-20027,Colorado,Drought,2025-11-01,,2026-04-06,Secretary of Agriculture,Disaster Declared,,2026-12-07,,Lake,08065,39.205341,-106.350079
CO-20027,Colorado,Drought,2025-11-01,,2026-04-06,Secretary of Agriculture,Disaster Declared,,2026-12-07,,Larimer,08069,40.658093,-105.486764
CO-20027,Colorado,Drought,2025-11-01,,2026-04-06,Secretary of Agriculture,Disaster Declared,,2026-12-07,,Las Animas,08071,37.318831,-104.04411
CO-20027,Colorado,Drought,2025-11-01,,2026-04-06,Secretary of Agriculture,Disaster Declared,,2026-12-07,,Logan,08075,40.728091,-103.090464
CO-20027,Colorado,Drought,2025-11-01,,2026-04-06,Secretary of Agriculture,Disaster Declared,,2026-12-07,,Mesa,08077,39.019524,-108.460571
CO-20027,Colorado,Drought,2025-11-01,,2026-04-06,Secretary of Agriculture,Disaster Declared,,2026-12-07,,Moffat,08081,40.610864,-108.217154
CO-20027,Colorado,Drought,2025-11-01,,2026-04-06,Secretary of Agriculture,Disaster Declared,,2026-12-07,,Montrose,08085,38.407507,-108.266282
CO-20027,Colorado,Drought,2025-11-01,,2026-04-06,Secretary of Agriculture,Disaster Declared,,2026-12-07,,Ouray,08091,38.154731,-107.78848
CO-20027,Colorado,Drought,2025-11-01,,2026-04-06,Secretary of Agriculture,Disaster Declared,,2026-12-07,,Park,08093,39.118914,-105.717648
CO-20027,Colorado,Drought,2025-11-01,,2026-04-06,Secretary of Agriculture,Disaster Declared,,2026-12-07,,Pitkin,08097,39.217541,-106.916162
CO-20027,Colorado,Drought,2025-11-01,,2026-04-06,Secretary of Agriculture,Disaster Declared,,2026-12-07,,Rio Blanco,08103,39.972622,-108.200716
CO-20027,Colorado,Drought,2025-11-01,,2026-04-06,Secretary of Agriculture,Disaster Declared,,2026-12-07,,Routt,08107,40.483664,-106.987702
CO-20027,Colorado,Drought,2025-11-01,,2026-04-06,Secretary of Agriculture,Disaster Declared,,2026-12-07,,Sedgwick,08115,40.871568,-102.355358
CO-20027,Colorado,Drought,2025-11-01,,2026-04-06,Secretary of Agriculture,Disaster Declared,,2026-12-07,,Summit,08117,39.621023,-106.137555
CO-20027,Colorado,Drought,2025-11-01,,2026-04-06,Secretary of Agriculture,Disaster Declared,,2026-12-07,,Weld,08123,40.555961,-104.383666
CO-20027,Colorado,Drought,2025-11-01,,2026-04-06,Secretary of Agriculture,Disaster Declared,,2026-12-07,,Gunnison,08051,38.670499,-107.05688
MD-20013,Maryland,Drought,2025-11-01,,2026-04-10,Secretary of Agriculture,Disaster Declared,,2026-12-10,,Allegany,24001,39.612313,-78.703104
MD-20013,Maryland,Drought,2025-11-01,,2026-04-10,Secretary of Agriculture,Disaster Declared,,2026-12-10,,Carroll,24013,39.563328,-77.01533
MD-20013,Maryland,Drought,2025-11-01,,2026-04-10,Secretary of Agriculture,Disaster Declared,,2026-12-10,,Charles,24017,38.472853,-77.015427
MD-20013,Maryland,Drought,2025-11-01,,2026-04-10,Secretary of Agriculture,Disaster Declared,,2026-12-10,,Frederick,24021,39.470177,-77.397636
MD-20013,Maryland,Drought,2025-11-01,,2026-04-10,Secretary of Agriculture,Disaster Declared,,2026-12-10,,Garrett,24023,39.547299,-79.274619
MD-20013,Maryland,Drought,2025-11-01,,2026-04-10,Secretary of Agriculture,Disaster Declared,,2026-12-10,,Howard,24027,39.252264,-76.924406
MD-20013,Maryland,Drought,2025-11-01,,2026-04-10,Secretary of Agriculture,Disaster Declared,,2026-12-10,,Montgomery,24031,39.137381,-77.203063
MD-20013,Maryland,Drought,2025-11-01,,2026-04-10,Secretary of Agriculture,Disaster Declared,,2026-12-10,,Prince George's,24033,38.829278,-76.848188
MD-20013,Maryland,Drought,2025-11-01,,2026-04-10,Secretary of Agriculture,Disaster Declared,,2026-12-10,,Washington,24043,39.603621,-77.814671
AR-20038,Arkansas,Drought,2025-11-01,,2026-04-06,Secretary of Agriculture,Disaster Declared,,2026-12-07,,Arkansas,05001,34.28957,-91.376547
AR-20038,Arkansas,Drought,2025-11-01,,2026-04-06,Secretary of Agriculture,Disaster Declared,,2026-12-07,,Ashley,05003,33.190835,-91.772267
AR-20038,Arkansas,Drought,2025-11-01,,2026-04-06,Secretary of Agriculture,Disaster Declared,,2026-12-07,,Baxter,05005,36.280268,-92.329949
AR-20038,Arkansas,Drought,2025-11-01,,2026-04-06,Secretary of Agriculture,Disaster Declared,,2026-12-07,,Benton,05007,36.337819,-94.256298
AR-20038,Arkansas,Drought,2025-11-01,,2026-04-06,Secretary of Agriculture,Disaster Declared,,2026-12-07,,Boone,05009,36.304299,-93.079236
AR-20038,Arkansas,Drought,2025-11-01,,2026-04-06,Secretary of Agriculture,Disaster Declared,,2026-12-07,,Bradley,05011,33.466549,-92.169156
AR-20038,Arkansas,Drought,2025-11-01,,2026-04-06,Secretary of Agriculture,Disaster Declared,,2026-12-07,,Calhoun,05013,33.56046,-92.513879
AR-20038,Arkansas,Drought,2025-11-01,,2026-04-06,Secretary of Agriculture,Disaster Declared,,2026-12-07,,Carroll,05015,36.33737,-93.540972
AR-20038,Arkansas,Drought,2025-11-01,,2026-04-06,Secretary of Agriculture,Disaster Declared,,2026-12-07,,Chicot,05017,33.267139,-91.297158
AR-20038,Arkansas,Drought,2025-11-01,,2026-04-06,Secretary of Agriculture,Disaster Declared,,2026-12-07,,Clark,05019,34.053316,-93.176208
AR-20038,Arkansas,Drought,2025-11-01,,2026-04-06,Secretary of Agriculture,Disaster Declared,,2026-12-07,,Clay,05021,36.367302,-90.418704
AR-20038,Arkansas,Drought,2025-11-01,,2026-04-06,Secretary of Agriculture,Disaster Declared,,2026-12-07,,Cleburne,05023,35.566315,-92.05995
AR-20038,Arkansas,Drought,2025-11-01,,2026-04-06,Secretary of Agriculture,Disaster Declared,,2026-12-07,,Cleveland,05025,33.893201,-92.188714
AR-20038,Arkansas,Drought,2025-11-01,,2026-04-06,Secretary of Agriculture,Disaster Declared,,2026-12-07,,Columbia,05027,33.223038,-93.232843
AR-20038,Arkansas,Drought,2025-11-01,,2026-04-06,Secretary of Agriculture,Disaster Declared,,2026-12-07,,Conway,05029,35.265702,-92.689248
AR-20038,Arkansas,Drought,2025-11-01,,2026-04-06,Secretary of Agriculture,Disaster Declared,,2026-12-07,,Craighead,05031,35.827729,-90.631421
AR-20038,Arkansas,Drought,2025-11-01,,2026-04-06,Secretary of Agriculture,Disaster Declared,,2026-12-07,,Crittenden,05035,35.197559,-90.30512
AR-20038,Arkansas,Drought,2025-11-01,,2026-04-06,Secretary of Agriculture,Disaster Declared,,2026-12-07,,Cross,05037,35.285692,-90.763984
AR-20038,Arkansas,Drought,2025-11-01,,2026-04-06,Secretary of Agriculture,Disaster Declared,,2026-12-07,,Dallas,05039,33.967823,-92.653999
AR-20038,Arkansas,Drought,2025-11-01,,2026-04-06,Secretary of Agriculture,Disaster Declared,,2026-12-07,,Desha,05041,33.828752,-91.244103
AR-20038,Arkansas,Drought,2025-11-01,,2026-04-06,Secretary of Agriculture,Disaster Declared,,2026-12-07,,Drew,05043,33.587242,-91.722778
AR-20038,Arkansas,Drought,2025-11-01,,2026-04-06,Secretary of Agriculture,Disaster Declared,,2026-12-07,,Faulkner,05045,35.146548,-92.336928
AR-20038,Arkansas,Drought,2025-11-01,,2026-04-06,Secretary of Agriculture,Disaster Declared,,2026-12-07,,Fulton,05049,36.381322,-91.819285
AR-20038,Arkansas,Drought,2025-11-01,,2026-04-06,Secretary of Agriculture,Disaster Declared,,2026-12-07,,Garland,05051,34.578852,-93.146932
AR-20038,Arkansas,Drought,2025-11-01,,2026-04-06,Secretary of Agriculture,Disaster Declared,,2026-12-07,,Grant,05053,34.285568,-92.422979
AR-20038,Arkansas,Drought,2025-11-01,,2026-04-06,Secretary of Agriculture,Disaster Declared,,2026-12-07,,Greene,05055,36.120607,-90.566346
AR-20038,Arkansas,Drought,2025-11-01,,2026-04-06,Secretary of Agriculture,Disaster Declared,,2026-12-07,,Hempstead,05057,33.735953,-93.664355
AR-20038,Arkansas,Drought,2025-11-01,,2026-04-06,Secretary of Agriculture,Disaster Declared,,2026-12-07,,Hot Spring,05059,34.315177,-92.944147
AR-20038,Arkansas,Drought,2025-11-01,,2026-04-06,Secretary of Agriculture,Disaster Declared,,2026-12-07,,Howard,05061,34.083064,-93.990931
AR-20038,Arkansas,Drought,2025-11-01,,2026-04-06,Secretary of Agriculture,Disaster Declared,,2026-12-07,,Independence,05063,35.737499,-91.559942
AR-20038,Arkansas,Drought,2025-11-01,,2026-04-06,Secretary of Agriculture,Disaster Declared,,2026-12-07,,Izard,05065,36.094879,-91.913625
AR-20038,Arkansas,Drought,2025-11-01,,2026-04-06,Secretary of Agriculture,Disaster Declared,,2026-12-07,,Jackson,05067,35.596467,-91.223205
AR-20038,Arkansas,Drought,2025-11-01,,2026-04-06,Secretary of Agriculture,Disaster Declared,,2026-12-07,,Jefferson,05069,34.277239,-91.929673
AR-20038,Arkansas,Drought,2025-11-01,,2026-04-06,Secretary of Agriculture,Disaster Declared,,2026-12-07,,Johnson,05071,35.573359,-93.466322
AR-20038,Arkansas,Drought,2025-11-01,,2026-04-06,Secretary of Agriculture,Disaster Declared,,2026-12-07,,Lawrence,05075,36.041098,-91.101153
AR-20038,Arkansas,Drought,2025-11-01,,2026-04-06,Secretary of Agriculture,Disaster Declared,,2026-12-07,,Lee,05077,34.779505,-90.779717
AR-20038,Arkansas,Drought,2025-11-01,,2026-04-06,Secretary of Agriculture,Disaster Declared,,2026-12-07,,Lincoln,05079,33.956385,-91.742355
AR-20038,Arkansas,Drought,2025-11-01,,2026-04-06,Secretary of Agriculture,Disaster Declared,,2026-12-07,,Little River,05081,33.701941,-94.236287
AR-20038,Arkansas,Drought,2025-11-01,,2026-04-06,Secretary of Agriculture,Disaster Declared,,2026-12-07,,Lonoke,05085,34.755114,-91.894132
AR-20038,Arkansas,Drought,2025-11-01,,2026-04-06,Secretary of Agriculture,Disaster Declared,,2026-12-07,,Marion,05089,36.266664,-92.678577
AR-20038,Arkansas,Drought,2025-11-01,,2026-04-06,Secretary of Agriculture,Disaster Declared,,2026-12-07,,Mississippi,05093,35.766944,-90.052207
AR-20038,Arkansas,Drought,2025-11-01,,2026-04-06,Secretary of Agriculture,Disaster Declared,,2026-12-07,,Monroe,05095,34.679512,-91.20331
AR-20038,Arkansas,Drought,2025-11-01,,2026-04-06,Secretary of Agriculture,Disaster Declared,,2026-12-07,,Montgomery,05097,34.545656,-93.664153
AR-20038,Arkansas,Drought,2025-11-01,,2026-04-06,Secretary of Agriculture,Disaster Declared,,2026-12-07,,Newton,05101,35.910742,-93.215898
AR-20038,Arkansas,Drought,2025-11-01,,2026-04-06,Secretary of Agriculture,Disaster Declared,,2026-12-07,,Ouachita,05103,33.591168,-92.878413
AR-20038,Arkansas,Drought,2025-11-01,,2026-04-06,Secretary of Agriculture,Disaster Declared,,2026-12-07,,Perry,05105,34.946363,-92.926877
AR-20038,Arkansas,Drought,2025-11-01,,2026-04-06,Secretary of Agriculture,Disaster Declared,,2026-12-07,,Phillips,05107,34.423687,-90.855593
AR-20038,Arkansas,Drought,2025-11-01,,2026-04-06,Secretary of Agriculture,Disaster Declared,,2026-12-07,,Pike,05109,34.158191,-93.658659
AR-20038,Arkansas,Drought,2025-11-01,,2026-04-06,Secretary of Agriculture,Disaster Declared,,2026-12-07,,Poinsett,05111,35.56887,-90.681104
AR-20038,Arkansas,Drought,2025-11-01,,2026-04-06,Secretary of Agriculture,Disaster Declared,,2026-12-07,,Polk,05113,34.490915,-94.230884
AR-20038,Arkansas,Drought,2025-11-01,,2026-04-06,Secretary of Agriculture,Disaster Declared,,2026-12-07,,Pope,05115,35.456557,-93.026818
AR-20038,Arkansas,Drought,2025-11-01,,2026-04-06,Secretary of Agriculture,Disaster Declared,,2026-12-07,,Prairie,05117,34.831116,-91.55362
AR-20038,Arkansas,Drought,2025-11-01,,2026-04-06,Secretary of Agriculture,Disaster Declared,,2026-12-07,,Pulaski,05119,34.770311,-92.312996
AR-20038,Arkansas,Drought,2025-11-01,,2026-04-06,Secretary of Agriculture,Disaster Declared,,2026-12-07,,Randolph,05121,36.341298,-91.028441
AR-20038,Arkansas,Drought,2025-11-01,,2026-04-06,Secretary of Agriculture,Disaster Declared,,2026-12-07,,Saline,05125,34.648525,-92.674463
AR-20038,Arkansas,Drought,2025-11-01,,2026-04-06,Secretary of Agriculture,Disaster Declared,,2026-12-07,,Scott,05127,34.858869,-94.063641
AR-20038,Arkansas,Drought,2025-11-01,,2026-04-06,Secretary of Agriculture,Disaster Declared,,2026-12-07,,Searcy,05129,35.896387,-92.695888
AR-20038,Arkansas,Drought,2025-11-01,,2026-04-06,Secretary of Agriculture,Disaster Declared,,2026-12-07,,Sevier,05133,33.994877,-94.243279
AR-20038,Arkansas,Drought,2025-11-01,,2026-04-06,Secretary of Agriculture,Disaster Declared,,2026-12-07,,Sharp,05135,36.173399,-91.471069
AR-20038,Arkansas,Drought,2025-11-01,,2026-04-06,Secretary of Agriculture,Disaster Declared,,2026-12-07,,St. Francis,05123,35.022838,-90.751506
AR-20038,Arkansas,Drought,2025-11-01,,2026-04-06,Secretary of Agriculture,Disaster Declared,,2026-12-07,,Stone,05137,35.857001,-92.140482
AR-20038,Arkansas,Drought,2025-11-01,,2026-04-06,Secretary of Agriculture,Disaster Declared,,2026-12-07,,Union,05139,33.168219,-92.598145
AR-20038,Arkansas,Drought,2025-11-01,,2026-04-06,Secretary of Agriculture,Disaster Declared,,2026-12-07,,Van Buren,05141,35.582953,-92.515976
AR-20038,Arkansas,Drought,2025-11-01,,2026-04-06,Secretary of Agriculture,Disaster Declared,,2026-12-07,,Washington,05143,35.978001,-94.217269
AR-20038,Arkansas,Drought,2025-11-01,,2026-04-06,Secretary of Agriculture,Disaster Declared,,2026-12-07,,White,05145,35.255118,-91.753034
AR-20038,Arkansas,Drought,2025-11-01,,2026-04-06,Secretary of Agriculture,Disaster Declared,,2026-12-07,,Woodruff,05147,35.192777,-91.244535
AR-20038,Arkansas,Drought,2025-11-01,,2026-04-06,Secretary of Agriculture,Disaster Declared,,2026-12-07,,Yell,05149,34.997713,-93.408303
MO-20028,Missouri,Drought,2025-11-01,,2026-04-24,Secretary of Agriculture,Disaster Declared,,2026-12-24,,Barry,29009,36.699376,-93.834334
MO-20028,Missouri,Drought,2025-11-01,,2026-04-24,Secretary of Agriculture,Disaster Declared,,2026-12-24,,Bollinger,29017,37.318427,-90.024645
MO-20028,Missouri,Drought,2025-11-01,,2026-04-24,Secretary of Agriculture,Disaster Declared,,2026-12-24,,Carter,29035,36.944858,-90.945705
MO-20028,Missouri,Drought,2025-11-01,,2026-04-24,Secretary of Agriculture,Disaster Declared,,2026-12-24,,Cedar,29039,37.733655,-93.850014
MO-20028,Missouri,Drought,2025-11-01,,2026-04-24,Secretary of Agriculture,Disaster Declared,,2026-12-24,,Christian,29043,36.969739,-93.187614
MO-20028,Missouri,Drought,2025-11-01,,2026-04-24,Secretary of Agriculture,Disaster Declared,,2026-12-24,,Dade,29057,37.43235,-93.854878
MO-20028,Missouri,Drought,2025-11-01,,2026-04-24,Secretary of Agriculture,Disaster Declared,,2026-12-24,,Dallas,29059,37.683583,-93.033815
MO-20028,Missouri,Drought,2025-11-01,,2026-04-24,Secretary of Agriculture,Disaster Declared,,2026-12-24,,Dent,29065,37.603072,-91.489717
MO-20028,Missouri,Drought,2025-11-01,,2026-04-24,Secretary of Agriculture,Disaster Declared,,2026-12-24,,Douglas,29067,36.946517,-92.515892
MO-20028,Missouri,Drought,2025-11-01,,2026-04-24,Secretary of Agriculture,Disaster Declared,,2026-12-24,,Greene,29077,37.258196,-93.340641
MO-20028,Missouri,Drought,2025-11-01,,2026-04-24,Secretary of Agriculture,Disaster Declared,,2026-12-24,,Howell,29091,36.774369,-91.887368
MO-20028,Missouri,Drought,2025-11-01,,2026-04-24,Secretary of Agriculture,Disaster Declared,,2026-12-24,,Iron,29093,37.625971,-90.699587
MO-20028,Missouri,Drought,2025-11-01,,2026-04-24,Secretary of Agriculture,Disaster Declared,,2026-12-24,,McDonald,29119,36.627955,-94.343716
MO-20028,Missouri,Drought,2025-11-01,,2026-04-24,Secretary of Agriculture,Disaster Declared,,2026-12-24,,Madison,29123,37.474481,-90.343413
MO-20028,Missouri,Drought,2025-11-01,,2026-04-24,Secretary of Agriculture,Disaster Declared,,2026-12-24,,New Madrid,29143,36.594261,-89.655948
MO-20028,Missouri,Drought,2025-11-01,,2026-04-24,Secretary of Agriculture,Disaster Declared,,2026-12-24,,Newton,29145,36.908371,-94.335034
MO-20028,Missouri,Drought,2025-11-01,,2026-04-24,Secretary of Agriculture,Disaster Declared,,2026-12-24,,Oregon,29149,36.68531,-91.401827
MO-20028,Missouri,Drought,2025-11-01,,2026-04-24,Secretary of Agriculture,Disaster Declared,,2026-12-24,,Ozark,29153,36.64959,-92.458549
MO-20028,Missouri,Drought,2025-11-01,,2026-04-24,Secretary of Agriculture,Disaster Declared,,2026-12-24,,Pemiscot,29155,36.209916,-89.785942
MO-20028,Missouri,Drought,2025-11-01,,2026-04-24,Secretary of Agriculture,Disaster Declared,,2026-12-24,,Reynolds,29179,37.366464,-90.972282
MO-20028,Missouri,Drought,2025-11-01,,2026-04-24,Secretary of Agriculture,Disaster Declared,,2026-12-24,,Ripley,29181,36.65017,-90.874834
MO-20028,Missouri,Drought,2025-11-01,,2026-04-24,Secretary of Agriculture,Disaster Declared,,2026-12-24,,St. Francois,29187,37.810707,-90.473868
MO-20028,Missouri,Drought,2025-11-01,,2026-04-24,Secretary of Agriculture,Disaster Declared,,2026-12-24,,Shannon,29203,37.152498,-91.391328
MO-20028,Missouri,Drought,2025-11-01,,2026-04-24,Secretary of Agriculture,Disaster Declared,,2026-12-24,,Stoddard,29207,36.851557,-89.947481
MO-20028,Missouri,Drought,2025-11-01,,2026-04-24,Secretary of Agriculture,Disaster Declared,,2026-12-24,,Stone,29209,36.745822,-93.457842
MO-20028,Missouri,Drought,2025-11-01,,2026-04-24,Secretary of Agriculture,Disaster Declared,,2026-12-24,,Taney,29213,36.649827,-93.042819
MO-20028,Missouri,Drought,2025-11-01,,2026-04-24,Secretary of Agriculture,Disaster Declared,,2026-12-24,,Texas,29215,37.314257,-91.964478
MO-20028,Missouri,Drought,2025-11-01,,2026-04-24,Secretary of Agriculture,Disaster Declared,,2026-12-24,,Wayne,29223,37.111074,-90.453931
NM-20022,New Mexico,Drought,2025-11-01,,2026-04-10,Secretary of Agriculture,Disaster Declared,,2026-12-10,,Bernalillo,35001,35.053628,-106.66908
NM-20022,New Mexico,Drought,2025-11-01,,2026-04-10,Secretary of Agriculture,Disaster Declared,,2026-12-10,,Catron,35003,33.901621,-108.391928
NM-20022,New Mexico,Drought,2025-11-01,,2026-04-10,Secretary of Agriculture,Disaster Declared,,2026-12-10,,Chaves,35005,33.361604,-104.469837
NM-20022,New Mexico,Drought,2025-11-01,,2026-04-10,Secretary of Agriculture,Disaster Declared,,2026-12-10,,Cibola,35006,34.928272,-107.99268
NM-20022,New Mexico,Drought,2025-11-01,,2026-04-10,Secretary of Agriculture,Disaster Declared,,2026-12-10,,Doña Ana,35013,32.349919,-106.834968
NM-20022,New Mexico,Drought,2025-11-01,,2026-04-10,Secretary of Agriculture,Disaster Declared,,2026-12-10,,Eddy,35015,32.457835,-104.306434
NM-20022,New Mexico,Drought,2025-11-01,,2026-04-10,Secretary of Agriculture,Disaster Declared,,2026-12-10,,Grant,35017,32.732087,-108.381504
NM-20022,New Mexico,Drought,2025-11-01,,2026-04-10,Secretary of Agriculture,Disaster Declared,,2026-12-10,,Hidalgo,35023,31.898052,-108.751929
NM-20022,New Mexico,Drought,2025-11-01,,2026-04-10,Secretary of Agriculture,Disaster Declared,,2026-12-10,,Lea,35025,32.795687,-103.413271
NM-20022,New Mexico,Drought,2025-11-01,,2026-04-10,Secretary of Agriculture,Disaster Declared,,2026-12-10,,Lincoln,35027,33.740841,-105.449805
NM-20022,New Mexico,Drought,2025-11-01,,2026-04-10,Secretary of Agriculture,Disaster Declared,,2026-12-10,,Los Alamos,35028,35.870047,-106.307968
NM-20022,New Mexico,Drought,2025-11-01,,2026-04-10,Secretary of Agriculture,Disaster Declared,,2026-12-10,,Luna,35029,32.184523,-107.747191
NM-20022,New Mexico,Drought,2025-11-01,,2026-04-10,Secretary of Agriculture,Disaster Declared,,2026-12-10,,McKinley,35031,35.584062,-108.253294
NM-20022,New Mexico,Drought,2025-11-01,,2026-04-10,Secretary of Agriculture,Disaster Declared,,2026-12-10,,Otero,35035,32.615599,-105.751308
NM-20022,New Mexico,Drought,2025-11-01,,2026-04-10,Secretary of Agriculture,Disaster Declared,,2026-12-10,,Rio Arriba,35039,36.509669,-106.693983
NM-20022,New Mexico,Drought,2025-11-01,,2026-04-10,Secretary of Agriculture,Disaster Declared,,2026-12-10,,Sandoval,35043,35.685091,-106.883119
NM-20022,New Mexico,Drought,2025-11-01,,2026-04-10,Secretary of Agriculture,Disaster Declared,,2026-12-10,,San Juan,35045,36.511624,-108.324578
NM-20022,New Mexico,Drought,2025-11-01,,2026-04-10,Secretary of Agriculture,Disaster Declared,,2026-12-10,,Sierra,35051,33.119468,-107.188161
NM-20022,New Mexico,Drought,2025-11-01,,2026-04-10,Secretary of Agriculture,Disaster Declared,,2026-12-10,,Socorro,35053,33.991658,-106.939136
NM-20022,New Mexico,Drought,2025-11-01,,2026-04-10,Secretary of Agriculture,Disaster Declared,,2026-12-10,,Taos,35055,36.577183,-105.638878
NM-20022,New Mexico,Drought,2025-11-01,,2026-04-10,Secretary of Agriculture,Disaster Declared,,2026-12-10,,Valencia,35061,34.71684,-106.806582
MO-20027,Missouri,Drought,2025-11-01,,2026-04-10,Secretary of Agriculture,Disaster Declared,,2026-12-10,,Butler,29023,36.71518,-90.40313
MO-20027,Missouri,Drought,2025-11-01,,2026-04-10,Secretary of Agriculture,Disaster Declared,,2026-12-10,,Dunklin,29069,36.153025,-90.062254
MO-20027,Missouri,Drought,2025-11-01,,2026-04-10,Secretary of Agriculture,Disaster Declared,,2026-12-10,,Lawrence,29109,37.10659,-93.830551
MO-20027,Missouri,Drought,2025-11-01,,2026-04-10,Secretary of Agriculture,Disaster Declared,,2026-12-10,,Lewis,29111,40.084559,-91.728803
MO-20027,Missouri,Drought,2025-11-01,,2026-04-10,Secretary of Agriculture,Disaster Declared,,2026-12-10,,Marion,29127,39.807538,-91.635379
MO-20027,Missouri,Drought,2025-11-01,,2026-04-10,Secretary of Agriculture,Disaster Declared,,2026-12-10,,Polk,29167,37.616761,-93.400817
MO-20027,Missouri,Drought,2025-11-01,,2026-04-10,Secretary of Agriculture,Disaster Declared,,2026-12-10,,Webster,29225,37.280804,-92.87608
MO-20027,Missouri,Drought,2025-11-01,,2026-04-10,Secretary of Agriculture,Disaster Declared,,2026-12-10,,Wright,29229,37.267633,-92.479989
NH-20010,New Hampshire,Drought,2025-10-28,,2026-01-06,Secretary of Agriculture,Disaster Declared,,2026-09-08,,Strafford,33017,43.293272,-71.035589
MN-20024,Minnesota,Skyline Tower Apartment Complex Fire and Severe Water Damage,2025-10-26,2025-10-26,2025-12-22,SBA Declaration (Agency),Disaster Declared,2026-02-20,2026-09-22,,Ramsey,27123,45.015204,-93.099965
FL-20030,Florida,Severe Storms and Flooding,2025-10-26,2025-10-26,2025-11-07,SBA Declaration (Agency),Disaster Declared,2026-01-06,2026-08-07,,Brevard,12009,28.298311,-80.700333
FL-20031,Florida,Drought,2025-10-14,,2025-12-29,Secretary of Agriculture,Disaster Declared,,2026-08-31,,Gadsden,12039,30.578687,-84.612607
FL-20031,Florida,Drought,2025-10-14,,2025-12-29,Secretary of Agriculture,Disaster Declared,,2026-08-31,,Holmes,12059,30.862007,-85.815939
FL-20031,Florida,Drought,2025-10-14,,2025-12-29,Secretary of Agriculture,Disaster Declared,,2026-08-31,,Jackson,12063,30.789249,-85.208814
FL-20031,Florida,Drought,2025-10-14,,2025-12-29,Secretary of Agriculture,Disaster Declared,,2026-08-31,,Jefferson,12065,30.396898,-83.921761
FL-20031,Florida,Drought,2025-10-14,,2025-12-29,Secretary of Agriculture,Disaster Declared,,2026-08-31,,Leon,12073,30.45931,-84.2778
FL-20031,Florida,Drought,2025-10-14,,2025-12-29,Secretary of Agriculture,Disaster Declared,,2026-08-31,,Madison,12079,30.447233,-83.470416
FL-20031,Florida,Drought,2025-10-14,,2025-12-29,Secretary of Agriculture,Disaster Declared,,2026-08-31,,Walton,12131,30.571247,-86.162798
FL-20031,Florida,Drought,2025-10-14,,2025-12-29,Secretary of Agriculture,Disaster Declared,,2026-08-31,,Washington,12133,30.602102,-85.655805
AZ-20014,Arizona,Remnants of Hurricane Priscilla and Tropical Storm Raymond,2025-10-10,2025-10-13,2025-11-14,SBA Declaration (Agency),Disaster Declared,2026-01-13,2026-08-14,0000,Maricopa,04013,33.345176,-112.49893
AZ-20019,Arizona,San Carlos Apache Tribe - Severe Storms and Flooding,2025-10-10,2025-10-13,2026-05-29,Presidential-Individual Assistance,Disaster Declared,2026-08-01,2027-03-01,4911,Gila,04007,33.789618,-110.81187
AZ-20019,Arizona,San Carlos Apache Tribe - Severe Storms and Flooding,2025-10-10,2025-10-13,2026-05-29,Presidential-Individual Assistance,Disaster Declared,2026-08-01,2027-03-01,4911,Graham,04009,32.931828,-109.87831
AZ-20019,Arizona,San Carlos Apache Tribe - Severe Storms and Flooding,2025-10-10,2025-10-13,2026-05-29,Presidential-Individual Assistance,Disaster Declared,2026-08-01,2027-03-01,4911,Pinal,04021,32.918521,-111.366339
AZ-20021,Arizona,San Carlos Apache Tribe - Severe Storms and Flooding,2025-10-10,2025-10-13,2026-05-29,Presidential-Public Assistance,Disaster Declared,2026-07-28,2027-03-01,4911,Gila,04007,33.789618,-110.81187
AZ-20021,Arizona,San Carlos Apache Tribe - Severe Storms and Flooding,2025-10-10,2025-10-13,2026-05-29,Presidential-Public Assistance,Disaster Declared,2026-07-28,2027-03-01,4911,Graham,04009,32.931828,-109.87831
AZ-20021,Arizona,San Carlos Apache Tribe - Severe Storms and Flooding,2025-10-10,2025-10-13,2026-05-29,Presidential-Public Assistance,Disaster Declared,2026-07-28,2027-03-01,4911,Pinal,04021,32.918521,-111.366339
AK-20021,Alaska,"Native Village of Kipnuk - Severe Storms, Flooding, and Remnants of Typhoon Halong",2025-10-08,2025-10-13,2026-05-29,Presidential-Public Assistance,Disaster Declared,2026-07-28,2027-03-01,4912,LOWER KUSKOKWIM REAA (31),02053,,
AK-20016,Alaska,"Severe Storms, Flooding, and remnants of Typhoon Halong",2025-10-08,2025-10-13,2025-10-22,Presidential-Individual Assistance,Disaster Declared,2026-04-03,2026-07-22,4893,KASHUNAMIUT (Chevak) REAA (55),02272,,
AK-20016,Alaska,"Severe Storms, Flooding, and remnants of Typhoon Halong",2025-10-08,2025-10-13,2025-10-22,Presidential-Individual Assistance,Disaster Declared,2026-04-03,2026-07-22,4893,LOWER KUSKOKWIM REAA (31),02053,,
AK-20016,Alaska,"Severe Storms, Flooding, and remnants of Typhoon Halong",2025-10-08,2025-10-13,2025-10-22,Presidential-Individual Assistance,Disaster Declared,2026-04-03,2026-07-22,4893,LOWER YUKON REAA (32),02271,,
AK-20016,Alaska,"Severe Storms, Flooding, and remnants of Typhoon Halong",2025-10-08,2025-10-13,2025-10-22,Presidential-Individual Assistance,Disaster Declared,2026-04-03,2026-07-22,4893,Northwest Arctic,02188,67.005066,-160.021086
AK-20016,Alaska,"Severe Storms, Flooding, and remnants of Typhoon Halong",2025-10-08,2025-10-13,2025-10-22,Presidential-Individual Assistance,Disaster Declared,2026-04-03,2026-07-22,4893,YUPIIT REAA (54),02051,,
AK-20018,Alaska,"Rural Area - Severe Storms, Flooding and Remnants of Typhoon Halong",2025-10-08,2025-10-13,2026-04-15,SBA Rural Agency,Disaster Declared,2026-06-15,2027-01-15,,BERING STRAIT REAA (07),02180,64.783686,-164.188912
AK-20017,Alaska,"Severe Storms, Flooding, and remnants of Typhoon Halong",2025-10-08,2025-10-13,2025-10-22,Presidential-Public Assistance,Disaster Declared,2026-03-05,2026-07-22,4893,BERING STRAIT REAA (07),02180,64.783686,-164.188912
AK-20017,Alaska,"Severe Storms, Flooding, and remnants of Typhoon Halong",2025-10-08,2025-10-13,2025-10-22,Presidential-Public Assistance,Disaster Declared,2026-03-05,2026-07-22,4893,IDITAROD AREA REAA (21),02291,,
AK-20017,Alaska,"Severe Storms, Flooding, and remnants of Typhoon Halong",2025-10-08,2025-10-13,2025-10-22,Presidential-Public Assistance,Disaster Declared,2026-03-05,2026-07-22,4893,KASHUNAMIUT (Chevak) REAA (55),02272,,
AK-20017,Alaska,"Severe Storms, Flooding, and remnants of Typhoon Halong",2025-10-08,2025-10-13,2025-10-22,Presidential-Public Assistance,Disaster Declared,2026-03-05,2026-07-22,4893,LOWER KUSKOKWIM REAA (31),02053,,
AK-20017,Alaska,"Severe Storms, Flooding, and remnants of Typhoon Halong",2025-10-08,2025-10-13,2025-10-22,Presidential-Public Assistance,Disaster Declared,2026-03-05,2026-07-22,4893,LOWER YUKON REAA (32),02271,,
AK-20017,Alaska,"Severe Storms, Flooding, and remnants of Typhoon Halong",2025-10-08,2025-10-13,2025-10-22,Presidential-Public Assistance,Disaster Declared,2026-03-05,2026-07-22,4893,Northwest Arctic,02188,67.005066,-160.021086
AK-20017,Alaska,"Severe Storms, Flooding, and remnants of Typhoon Halong",2025-10-08,2025-10-13,2025-10-22,Presidential-Public Assistance,Disaster Declared,2026-03-05,2026-07-22,4893,PRIBILOF ISLANDS REAA (40),02018,,
AK-20017,Alaska,"Severe Storms, Flooding, and remnants of Typhoon Halong",2025-10-08,2025-10-13,2025-10-22,Presidential-Public Assistance,Disaster Declared,2026-03-05,2026-07-22,4893,YUPIIT REAA (54),02051,,
AK-20017,Alaska,"Severe Storms, Flooding, and remnants of Typhoon Halong",2025-10-08,2025-10-13,2025-10-22,Presidential-Public Assistance,Disaster Declared,2026-03-05,2026-07-22,4893,Yukon-Koyukuk,02290,,
NY-20031,New York,Drought,2025-10-07,,2025-12-29,Secretary of Agriculture,Disaster Declared,,2026-08-31,,Essex,36031,44.109601,-73.778431
MS-20017,Mississippi,Drought,2025-10-07,,2025-12-29,Secretary of Agriculture,Disaster Declared,,2026-08-31,,Carroll,28015,33.440795,-89.918887
MS-20017,Mississippi,Drought,2025-10-07,,2025-12-29,Secretary of Agriculture,Disaster Declared,,2026-08-31,,Montgomery,28097,33.500714,-89.639625
MS-20017,Mississippi,Drought,2025-10-07,,2025-12-29,Secretary of Agriculture,Disaster Declared,,2026-08-31,,Webster,28155,33.612061,-89.283961
VT-20009,Vermont,Drought,2025-10-07,,2025-12-29,Secretary of Agriculture,Disaster Declared,,2026-08-31,,Chittenden,50007,44.463329,-73.06941
VT-20009,Vermont,Drought,2025-10-07,,2025-12-29,Secretary of Agriculture,Disaster Declared,,2026-08-31,,Essex,50009,44.724021,-71.732736
VT-20009,Vermont,Drought,2025-10-07,,2025-12-29,Secretary of Agriculture,Disaster Declared,,2026-08-31,,Franklin,50011,44.858964,-72.909402
VT-20009,Vermont,Drought,2025-10-07,,2025-12-29,Secretary of Agriculture,Disaster Declared,,2026-08-31,,Lamoille,50015,44.611192,-72.632659
VT-20009,Vermont,Drought,2025-10-07,,2025-12-29,Secretary of Agriculture,Disaster Declared,,2026-08-31,,Orleans,50019,44.828442,-72.25163
IL-20023,Illinois,Drought,2025-10-07,,2025-12-02,Secretary of Agriculture,Disaster Declared,,2026-08-03,,Champaign,17019,40.138985,-88.196975
IL-20023,Illinois,Drought,2025-10-07,,2025-12-02,Secretary of Agriculture,Disaster Declared,,2026-08-03,,Coles,17029,39.51368,-88.220782
IL-20023,Illinois,Drought,2025-10-07,,2025-12-02,Secretary of Agriculture,Disaster Declared,,2026-08-03,,De Witt,17039,40.181499,-88.901853
IL-20023,Illinois,Drought,2025-10-07,,2025-12-02,Secretary of Agriculture,Disaster Declared,,2026-08-03,,Douglas,17041,39.766078,-88.222866
IL-20023,Illinois,Drought,2025-10-07,,2025-12-02,Secretary of Agriculture,Disaster Declared,,2026-08-03,,McLean,17113,40.494559,-88.844539
IL-20023,Illinois,Drought,2025-10-07,,2025-12-02,Secretary of Agriculture,Disaster Declared,,2026-08-03,,Moultrie,17139,39.636896,-88.625726
IL-20023,Illinois,Drought,2025-10-07,,2025-12-02,Secretary of Agriculture,Disaster Declared,,2026-08-03,,Piatt,17147,40.009033,-88.592355
IL-20023,Illinois,Drought,2025-10-07,,2025-12-02,Secretary of Agriculture,Disaster Declared,,2026-08-03,,Shelby,17173,39.384926,-88.798862
CA-20043,California,Drought,2025-10-01,,2026-04-06,Secretary of Agriculture,Disaster Declared,,2026-12-07,,Inyo,06027,36.56216,-117.404209
CA-20043,California,Drought,2025-10-01,,2026-04-06,Secretary of Agriculture,Disaster Declared,,2026-12-07,,Riverside,06065,33.729828,-116.002239
CA-20043,California,Drought,2025-10-01,,2026-04-06,Secretary of Agriculture,Disaster Declared,,2026-12-07,,San Diego,06073,33.023604,-116.776117
OH-20015,Ohio,Drought,2025-09-30,,2025-12-29,Secretary of Agriculture,Disaster Declared,,2026-08-31,,Allen,39003,40.771627,-84.106103
OH-20015,Ohio,Drought,2025-09-30,,2025-12-29,Secretary of Agriculture,Disaster Declared,,2026-08-31,,Auglaize,39011,40.561309,-84.224018
OH-20015,Ohio,Drought,2025-09-30,,2025-12-29,Secretary of Agriculture,Disaster Declared,,2026-08-31,,Defiance,39039,41.321679,-84.486433
OH-20015,Ohio,Drought,2025-09-30,,2025-12-29,Secretary of Agriculture,Disaster Declared,,2026-08-31,,Erie,39043,41.394143,-82.586835
OH-20015,Ohio,Drought,2025-09-30,,2025-12-29,Secretary of Agriculture,Disaster Declared,,2026-08-31,,Fulton,39051,41.597264,-84.124267
OH-20015,Ohio,Drought,2025-09-30,,2025-12-29,Secretary of Agriculture,Disaster Declared,,2026-08-31,,Huron,39077,41.14508,-82.594641
OH-20015,Ohio,Drought,2025-09-30,,2025-12-29,Secretary of Agriculture,Disaster Declared,,2026-08-31,,Lucas,39095,41.682321,-83.468903
OH-20015,Ohio,Drought,2025-09-30,,2025-12-29,Secretary of Agriculture,Disaster Declared,,2026-08-31,,Mercer,39107,40.535333,-84.632059
OH-20015,Ohio,Drought,2025-09-30,,2025-12-29,Secretary of Agriculture,Disaster Declared,,2026-08-31,,Ottawa,39123,41.545495,-83.012613
OH-20015,Ohio,Drought,2025-09-30,,2025-12-29,Secretary of Agriculture,Disaster Declared,,2026-08-31,,Paulding,39125,41.118948,-84.582125
OH-20015,Ohio,Drought,2025-09-30,,2025-12-29,Secretary of Agriculture,Disaster Declared,,2026-08-31,,Sandusky,39143,41.355319,-83.142776
OH-20015,Ohio,Drought,2025-09-30,,2025-12-29,Secretary of Agriculture,Disaster Declared,,2026-08-31,,Seneca,39147,41.119992,-83.127547
OH-20015,Ohio,Drought,2025-09-30,,2025-12-29,Secretary of Agriculture,Disaster Declared,,2026-08-31,,Van Wert,39161,40.85552,-84.585775
OH-20015,Ohio,Drought,2025-09-30,,2025-12-29,Secretary of Agriculture,Disaster Declared,,2026-08-31,,Williams,39171,41.564959,-84.584324
OH-20015,Ohio,Drought,2025-09-30,,2025-12-29,Secretary of Agriculture,Disaster Declared,,2026-08-31,,Wyandot,39175,40.839782,-83.313681
IN-20016,Indiana,Drought,2025-09-30,,2025-12-29,Secretary of Agriculture,Disaster Declared,,2026-08-31,,Adams,18001,40.745733,-84.93613
IN-20016,Indiana,Drought,2025-09-30,,2025-12-29,Secretary of Agriculture,Disaster Declared,,2026-08-31,,Allen,18003,41.091909,-85.071791
IN-20016,Indiana,Drought,2025-09-30,,2025-12-29,Secretary of Agriculture,Disaster Declared,,2026-08-31,,Blackford,18009,40.472672,-85.32373
IN-20016,Indiana,Drought,2025-09-30,,2025-12-29,Secretary of Agriculture,Disaster Declared,,2026-08-31,,Carroll,18015,40.58498,-86.565141
IN-20016,Indiana,Drought,2025-09-30,,2025-12-29,Secretary of Agriculture,Disaster Declared,,2026-08-31,,Delaware,18035,40.227543,-85.399262
IN-20016,Indiana,Drought,2025-09-30,,2025-12-29,Secretary of Agriculture,Disaster Declared,,2026-08-31,,Cass,18017,40.753799,-86.355168
IN-20016,Indiana,Drought,2025-09-30,,2025-12-29,Secretary of Agriculture,Disaster Declared,,2026-08-31,,Howard,18067,40.483537,-86.114118
IN-20016,Indiana,Drought,2025-09-30,,2025-12-29,Secretary of Agriculture,Disaster Declared,,2026-08-31,,Jay,18075,40.434956,-85.002331
IN-20016,Indiana,Drought,2025-09-30,,2025-12-29,Secretary of Agriculture,Disaster Declared,,2026-08-31,,Miami,18103,40.772883,-86.044258
IN-20016,Indiana,Drought,2025-09-30,,2025-12-29,Secretary of Agriculture,Disaster Declared,,2026-08-31,,Randolph,18135,40.164079,-85.00579
IN-20016,Indiana,Drought,2025-09-30,,2025-12-29,Secretary of Agriculture,Disaster Declared,,2026-08-31,,Tipton,18159,40.310229,-86.056207
IN-20016,Indiana,Drought,2025-09-30,,2025-12-29,Secretary of Agriculture,Disaster Declared,,2026-08-31,,Wabash,18169,40.843747,-85.795192
IN-20016,Indiana,Drought,2025-09-30,,2025-12-29,Secretary of Agriculture,Disaster Declared,,2026-08-31,,Wells,18179,40.735273,-85.212974
NM-20025,New Mexico,Pueblo of Acoma - Severe Storms and Flooding,2025-09-28,2025-09-29,2026-06-30,Presidential-Public Assistance,Disaster Declared,2026-08-31,2027-03-30,4918,Cibola,35006,34.928272,-107.99268
NM-20025,New Mexico,Pueblo of Acoma - Severe Storms and Flooding,2025-09-28,2025-09-29,2026-06-30,Presidential-Public Assistance,Disaster Declared,2026-08-31,2027-03-30,4918,Catron,35003,33.901621,-108.391928
NM-20025,New Mexico,Pueblo of Acoma - Severe Storms and Flooding,2025-09-28,2025-09-29,2026-06-30,Presidential-Public Assistance,Disaster Declared,2026-08-31,2027-03-30,4918,Socorro,35053,33.991658,-106.939136
AZ-20017,Arizona,Flooding and Heavy Rains,2025-09-25,2025-10-13,2026-01-05,Secretary of Agriculture,Disaster Declared,,2026-09-08,,Gila,04007,33.789618,-110.81187
AZ-20013,Arizona,Gila County Flooding Event,2025-09-25,2025-09-27,2025-10-10,SBA Declaration (Agency),Disaster Declared,2025-12-09,2026-07-10,0000,Gila,04007,33.789618,-110.81187
AL-20010,Alabama,Drought,2025-09-23,,2025-12-29,Secretary of Agriculture,Disaster Declared,,2026-08-31,,Bibb,01007,33.015893,-87.127148
AL-20010,Alabama,Drought,2025-09-23,,2025-12-29,Secretary of Agriculture,Disaster Declared,,2026-08-31,,Chambers,01017,32.915504,-85.394032
AL-20010,Alabama,Drought,2025-09-23,,2025-12-29,Secretary of Agriculture,Disaster Declared,,2026-08-31,,Dale,01045,31.430654,-85.609476
AL-20010,Alabama,Drought,2025-09-23,,2025-12-29,Secretary of Agriculture,Disaster Declared,,2026-08-31,,Geneva,01061,31.092382,-85.821022
AL-20010,Alabama,Drought,2025-09-23,,2025-12-29,Secretary of Agriculture,Disaster Declared,,2026-08-31,,Henry,01067,31.516978,-85.239971
AL-20010,Alabama,Drought,2025-09-23,,2025-12-29,Secretary of Agriculture,Disaster Declared,,2026-08-31,,Houston,01069,31.158183,-85.296411
AL-20010,Alabama,Drought,2025-09-23,,2025-12-29,Secretary of Agriculture,Disaster Declared,,2026-08-31,,Lee,01081,32.604064,-85.353048
AL-20010,Alabama,Drought,2025-09-23,,2025-12-29,Secretary of Agriculture,Disaster Declared,,2026-08-31,,Monroe,01099,31.580332,-87.383266
AL-20010,Alabama,Drought,2025-09-23,,2025-12-29,Secretary of Agriculture,Disaster Declared,,2026-08-31,,Pickens,01107,33.2968,-88.096864
AL-20010,Alabama,Drought,2025-09-23,,2025-12-29,Secretary of Agriculture,Disaster Declared,,2026-08-31,,Shelby,01117,33.263043,-86.678089
AL-20010,Alabama,Drought,2025-09-23,,2025-12-29,Secretary of Agriculture,Disaster Declared,,2026-08-31,,Tuscaloosa,01125,33.29022,-87.522783
GA-20022,Georgia,Drought,2025-09-23,,2025-12-29,Secretary of Agriculture,Disaster Declared,,2026-08-31,,Appling,13001,31.739712,-82.290103
GA-20022,Georgia,Drought,2025-09-23,,2025-12-29,Secretary of Agriculture,Disaster Declared,,2026-08-31,,Atkinson,13003,31.296806,-82.878151
GA-20022,Georgia,Drought,2025-09-23,,2025-12-29,Secretary of Agriculture,Disaster Declared,,2026-08-31,,Bacon,13005,31.55021,-82.451433
GA-20022,Georgia,Drought,2025-09-23,,2025-12-29,Secretary of Agriculture,Disaster Declared,,2026-08-31,,Baker,13007,31.31958,-84.454881
GA-20022,Georgia,Drought,2025-09-23,,2025-12-29,Secretary of Agriculture,Disaster Declared,,2026-08-31,,Berrien,13019,31.288652,-83.22787
GA-20022,Georgia,Drought,2025-09-23,,2025-12-29,Secretary of Agriculture,Disaster Declared,,2026-08-31,,Brantley,13025,31.197334,-81.982978
GA-20022,Georgia,Drought,2025-09-23,,2025-12-29,Secretary of Agriculture,Disaster Declared,,2026-08-31,,Brooks,13027,30.822934,-83.581905
GA-20022,Georgia,Drought,2025-09-23,,2025-12-29,Secretary of Agriculture,Disaster Declared,,2026-08-31,,Calhoun,13037,31.521279,-84.62629
GA-20022,Georgia,Drought,2025-09-23,,2025-12-29,Secretary of Agriculture,Disaster Declared,,2026-08-31,,Camden,13039,30.913358,-81.642019
GA-20022,Georgia,Drought,2025-09-23,,2025-12-29,Secretary of Agriculture,Disaster Declared,,2026-08-31,,Charlton,13049,30.779904,-82.139644
GA-20022,Georgia,Drought,2025-09-23,,2025-12-29,Secretary of Agriculture,Disaster Declared,,2026-08-31,,Clayton,13063,33.542686,-84.355573
GA-20022,Georgia,Drought,2025-09-23,,2025-12-29,Secretary of Agriculture,Disaster Declared,,2026-08-31,,Clinch,13065,30.917653,-82.702614
GA-20022,Georgia,Drought,2025-09-23,,2025-12-29,Secretary of Agriculture,Disaster Declared,,2026-08-31,,Coffee,13069,31.549245,-82.84494
GA-20022,Georgia,Drought,2025-09-23,,2025-12-29,Secretary of Agriculture,Disaster Declared,,2026-08-31,,Colquitt,13071,31.189707,-83.769773
GA-20022,Georgia,Drought,2025-09-23,,2025-12-29,Secretary of Agriculture,Disaster Declared,,2026-08-31,,Cook,13075,31.152516,-83.429445
GA-20022,Georgia,Drought,2025-09-23,,2025-12-29,Secretary of Agriculture,Disaster Declared,,2026-08-31,,Coweta,13077,33.352897,-84.762138
GA-20022,Georgia,Drought,2025-09-23,,2025-12-29,Secretary of Agriculture,Disaster Declared,,2026-08-31,,Decatur,13087,30.880643,-84.58389
GA-20022,Georgia,Drought,2025-09-23,,2025-12-29,Secretary of Agriculture,Disaster Declared,,2026-08-31,,Dougherty,13095,31.532588,-84.20904
GA-20022,Georgia,Drought,2025-09-23,,2025-12-29,Secretary of Agriculture,Disaster Declared,,2026-08-31,,Douglas,13097,33.701242,-84.767314
GA-20022,Georgia,Drought,2025-09-23,,2025-12-29,Secretary of Agriculture,Disaster Declared,,2026-08-31,,Early,13099,31.324191,-84.906723
GA-20022,Georgia,Drought,2025-09-23,,2025-12-29,Secretary of Agriculture,Disaster Declared,,2026-08-31,,Echols,13101,30.714008,-82.897376
GA-20022,Georgia,Drought,2025-09-23,,2025-12-29,Secretary of Agriculture,Disaster Declared,,2026-08-31,,Fayette,13113,33.412717,-84.493941
GA-20022,Georgia,Drought,2025-09-23,,2025-12-29,Secretary of Agriculture,Disaster Declared,,2026-08-31,,Fulton,13121,33.790034,-84.468182
GA-20022,Georgia,Drought,2025-09-23,,2025-12-29,Secretary of Agriculture,Disaster Declared,,2026-08-31,,Glynn,13127,31.21271,-81.49645
GA-20022,Georgia,Drought,2025-09-23,,2025-12-29,Secretary of Agriculture,Disaster Declared,,2026-08-31,,Grady,13131,30.875908,-84.24508
GA-20022,Georgia,Drought,2025-09-23,,2025-12-29,Secretary of Agriculture,Disaster Declared,,2026-08-31,,Harris,13145,32.731549,-84.912432
GA-20022,Georgia,Drought,2025-09-23,,2025-12-29,Secretary of Agriculture,Disaster Declared,,2026-08-31,,Henry,13151,33.452947,-84.154021
GA-20022,Georgia,Drought,2025-09-23,,2025-12-29,Secretary of Agriculture,Disaster Declared,,2026-08-31,,Lanier,13173,31.038197,-83.063164
GA-20022,Georgia,Drought,2025-09-23,,2025-12-29,Secretary of Agriculture,Disaster Declared,,2026-08-31,,Lee,13177,31.818419,-84.146681
GA-20022,Georgia,Drought,2025-09-23,,2025-12-29,Secretary of Agriculture,Disaster Declared,,2026-08-31,,Lowndes,13185,30.833145,-83.268995
GA-20022,Georgia,Drought,2025-09-23,,2025-12-29,Secretary of Agriculture,Disaster Declared,,2026-08-31,,Meriwether,13199,33.029267,-84.667058
GA-20022,Georgia,Drought,2025-09-23,,2025-12-29,Secretary of Agriculture,Disaster Declared,,2026-08-31,,Miller,13201,31.162931,-84.730398
GA-20022,Georgia,Drought,2025-09-23,,2025-12-29,Secretary of Agriculture,Disaster Declared,,2026-08-31,,Mitchell,13205,31.228997,-84.192038
GA-20022,Georgia,Drought,2025-09-23,,2025-12-29,Secretary of Agriculture,Disaster Declared,,2026-08-31,,Pierce,13229,31.353998,-82.21037
GA-20022,Georgia,Drought,2025-09-23,,2025-12-29,Secretary of Agriculture,Disaster Declared,,2026-08-31,,Pike,13231,33.081149,-84.389462
GA-20022,Georgia,Drought,2025-09-23,,2025-12-29,Secretary of Agriculture,Disaster Declared,,2026-08-31,,Seminole,13253,30.93396,-84.867685
GA-20022,Georgia,Drought,2025-09-23,,2025-12-29,Secretary of Agriculture,Disaster Declared,,2026-08-31,,Spalding,13255,33.262348,-84.284905
GA-20022,Georgia,Drought,2025-09-23,,2025-12-29,Secretary of Agriculture,Disaster Declared,,2026-08-31,,Thomas,13275,30.864619,-83.919815
GA-20022,Georgia,Drought,2025-09-23,,2025-12-29,Secretary of Agriculture,Disaster Declared,,2026-08-31,,Tift,13277,31.457003,-83.525931
GA-20022,Georgia,Drought,2025-09-23,,2025-12-29,Secretary of Agriculture,Disaster Declared,,2026-08-31,,Ware,13299,31.050881,-82.421507
GA-20022,Georgia,Drought,2025-09-23,,2025-12-29,Secretary of Agriculture,Disaster Declared,,2026-08-31,,Wayne,13305,31.547845,-81.912376
GA-20022,Georgia,Drought,2025-09-23,,2025-12-29,Secretary of Agriculture,Disaster Declared,,2026-08-31,,Worth,13321,31.551773,-83.84996
NY-20028,New York,Red Hook Five-Alarm Fire,2025-09-17,2025-09-17,2025-11-14,SBA Declaration (Agency),Disaster Declared,2026-01-13,2026-08-14,,Kings,36047,40.635045,-73.95064
VA-20022,Virginia,Drought,2025-09-16,,2025-12-29,Secretary of Agriculture,Disaster Declared,,2026-08-31,,Frederick,51069,39.20366,-78.263829
WV-20023,West Virginia,Drought,2025-09-16,,2026-01-06,Secretary of Agriculture,Disaster Declared,,2026-09-08,,Fayette,54019,38.030933,-81.086051
TN-20029,Tennessee,Drought,2025-09-16,,2025-12-29,Secretary of Agriculture,Disaster Declared,,2026-08-31,,Hardin,47071,35.201893,-88.185696
PA-20024,Pennsylvania,Jefferson Apartment Complex Building Fire,2025-09-09,2025-09-09,2025-09-22,SBA Declaration (Agency),Disaster Declared,2025-11-21,2026-06-22,,Allegheny,42003,40.469757,-79.980451
MO-20026,Missouri,Drought,2025-09-09,,2025-12-29,Secretary of Agriculture,Disaster Declared,,2026-08-31,,Barry,29009,36.699376,-93.834334
MO-20026,Missouri,Drought,2025-09-09,,2025-12-29,Secretary of Agriculture,Disaster Declared,,2026-08-31,,Carter,29035,36.944858,-90.945705
MO-20026,Missouri,Drought,2025-09-09,,2025-12-29,Secretary of Agriculture,Disaster Declared,,2026-08-31,,Cedar,29039,37.733655,-93.850014
MO-20026,Missouri,Drought,2025-09-09,,2025-12-29,Secretary of Agriculture,Disaster Declared,,2026-08-31,,Christian,29043,36.969739,-93.187614
MO-20026,Missouri,Drought,2025-09-09,,2025-12-29,Secretary of Agriculture,Disaster Declared,,2026-08-31,,Dallas,29059,37.683583,-93.033815
MO-20026,Missouri,Drought,2025-09-09,,2025-12-29,Secretary of Agriculture,Disaster Declared,,2026-08-31,,Douglas,29067,36.946517,-92.515892
MO-20026,Missouri,Drought,2025-09-09,,2025-12-29,Secretary of Agriculture,Disaster Declared,,2026-08-31,,Greene,29077,37.258196,-93.340641
MO-20026,Missouri,Drought,2025-09-09,,2025-12-29,Secretary of Agriculture,Disaster Declared,,2026-08-31,,Howell,29091,36.774369,-91.887368
MO-20026,Missouri,Drought,2025-09-09,,2025-12-29,Secretary of Agriculture,Disaster Declared,,2026-08-31,,Oregon,29149,36.68531,-91.401827
MO-20026,Missouri,Drought,2025-09-09,,2025-12-29,Secretary of Agriculture,Disaster Declared,,2026-08-31,,Ozark,29153,36.64959,-92.458549
MO-20026,Missouri,Drought,2025-09-09,,2025-12-29,Secretary of Agriculture,Disaster Declared,,2026-08-31,,Reynolds,29179,37.366464,-90.972282
MO-20026,Missouri,Drought,2025-09-09,,2025-12-29,Secretary of Agriculture,Disaster Declared,,2026-08-31,,Ripley,29181,36.65017,-90.874834
MO-20026,Missouri,Drought,2025-09-09,,2025-12-29,Secretary of Agriculture,Disaster Declared,,2026-08-31,,Shannon,29203,37.152498,-91.391328
MO-20026,Missouri,Drought,2025-09-09,,2025-12-29,Secretary of Agriculture,Disaster Declared,,2026-08-31,,Stone,29209,36.745822,-93.457842
MO-20026,Missouri,Drought,2025-09-09,,2025-12-29,Secretary of Agriculture,Disaster Declared,,2026-08-31,,Taney,29213,36.649827,-93.042819
MO-20026,Missouri,Drought,2025-09-09,,2025-12-29,Secretary of Agriculture,Disaster Declared,,2026-08-31,,Wayne,29223,37.111074,-90.453931
MO-20026,Missouri,Drought,2025-09-09,,2025-12-29,Secretary of Agriculture,Disaster Declared,,2026-08-31,,Wright,29229,37.267633,-92.479989
CA-20036,California,TCU September Lightning Complex Fire,2025-09-02,2025-09-13,2025-09-24,SBA Declaration (Agency),Disaster Declared,2025-11-24,2026-06-24,,Tuolumne,06109,38.021434,-119.964733
MS-20016,Mississippi,Drought,2025-08-26,,2025-12-29,Secretary of Agriculture,Disaster Declared,,2026-08-31,,Alcorn,28003,34.886569,-88.581109
MS-20016,Mississippi,Drought,2025-08-26,,2025-12-29,Secretary of Agriculture,Disaster Declared,,2026-08-31,,Calhoun,28013,33.936634,-89.337114
MS-20016,Mississippi,Drought,2025-08-26,,2025-12-29,Secretary of Agriculture,Disaster Declared,,2026-08-31,,Coahoma,28027,34.230316,-90.60401
MS-20016,Mississippi,Drought,2025-08-26,,2025-12-29,Secretary of Agriculture,Disaster Declared,,2026-08-31,,Grenada,28043,33.770031,-89.80274
MS-20016,Mississippi,Drought,2025-08-26,,2025-12-29,Secretary of Agriculture,Disaster Declared,,2026-08-31,,Lafayette,28071,34.353078,-89.485385
MS-20016,Mississippi,Drought,2025-08-26,,2025-12-29,Secretary of Agriculture,Disaster Declared,,2026-08-31,,Lowndes,28087,33.471424,-88.439723
MS-20016,Mississippi,Drought,2025-08-26,,2025-12-29,Secretary of Agriculture,Disaster Declared,,2026-08-31,,Marshall,28093,34.76619,-89.504231
MS-20016,Mississippi,Drought,2025-08-26,,2025-12-29,Secretary of Agriculture,Disaster Declared,,2026-08-31,,Noxubee,28103,33.106606,-88.566152
MS-20016,Mississippi,Drought,2025-08-26,,2025-12-29,Secretary of Agriculture,Disaster Declared,,2026-08-31,,Panola,28107,34.365205,-89.963065
MS-20016,Mississippi,Drought,2025-08-26,,2025-12-29,Secretary of Agriculture,Disaster Declared,,2026-08-31,,Quitman,28119,34.252833,-90.290171
MS-20016,Mississippi,Drought,2025-08-26,,2025-12-29,Secretary of Agriculture,Disaster Declared,,2026-08-31,,Tallahatchie,28135,33.954529,-90.172243
MS-20016,Mississippi,Drought,2025-08-26,,2025-12-29,Secretary of Agriculture,Disaster Declared,,2026-08-31,,Tate,28137,34.649553,-89.943105
MS-20016,Mississippi,Drought,2025-08-26,,2025-12-29,Secretary of Agriculture,Disaster Declared,,2026-08-31,,Tishomingo,28141,34.738835,-88.234827
MS-20016,Mississippi,Drought,2025-08-26,,2025-12-29,Secretary of Agriculture,Disaster Declared,,2026-08-31,,Yalobusha,28161,34.030666,-89.703807
ID-20026,Idaho,Drought,2025-08-19,,2025-12-29,Secretary of Agriculture,Disaster Declared,,2026-08-31,,Camas,16025,43.502552,-114.772135
ID-20026,Idaho,Drought,2025-08-19,,2025-12-29,Secretary of Agriculture,Disaster Declared,,2026-08-31,,Bingham,16011,43.216357,-112.399206
ME-20010,Maine,Drought,2025-08-19,,2025-12-29,Secretary of Agriculture,Disaster Declared,,2026-08-31,,Lincoln,23015,43.994781,-69.513624
ME-20010,Maine,Drought,2025-08-19,,2025-12-29,Secretary of Agriculture,Disaster Declared,,2026-08-31,,Penobscot,23019,45.409284,-68.666616
AR-20037,Arkansas,Drought,2025-08-19,,2025-12-29,Secretary of Agriculture,Disaster Declared,,2026-08-31,,Arkansas,05001,34.28957,-91.376547
AR-20037,Arkansas,Drought,2025-08-19,,2025-12-29,Secretary of Agriculture,Disaster Declared,,2026-08-31,,Baxter,05005,36.280268,-92.329949
AR-20037,Arkansas,Drought,2025-08-19,,2025-12-29,Secretary of Agriculture,Disaster Declared,,2026-08-31,,Cleveland,05025,33.893201,-92.188714
AR-20037,Arkansas,Drought,2025-08-19,,2025-12-29,Secretary of Agriculture,Disaster Declared,,2026-08-31,,Fulton,05049,36.381322,-91.819285
AR-20037,Arkansas,Drought,2025-08-19,,2025-12-29,Secretary of Agriculture,Disaster Declared,,2026-08-31,,Grant,05053,34.285568,-92.422979
AR-20037,Arkansas,Drought,2025-08-19,,2025-12-29,Secretary of Agriculture,Disaster Declared,,2026-08-31,,Independence,05063,35.737499,-91.559942
AR-20037,Arkansas,Drought,2025-08-19,,2025-12-29,Secretary of Agriculture,Disaster Declared,,2026-08-31,,Izard,05065,36.094879,-91.913625
AR-20037,Arkansas,Drought,2025-08-19,,2025-12-29,Secretary of Agriculture,Disaster Declared,,2026-08-31,,Jefferson,05069,34.277239,-91.929673
AR-20037,Arkansas,Drought,2025-08-19,,2025-12-29,Secretary of Agriculture,Disaster Declared,,2026-08-31,,Lawrence,05075,36.041098,-91.101153
AR-20037,Arkansas,Drought,2025-08-19,,2025-12-29,Secretary of Agriculture,Disaster Declared,,2026-08-31,,Lincoln,05079,33.956385,-91.742355
AR-20037,Arkansas,Drought,2025-08-19,,2025-12-29,Secretary of Agriculture,Disaster Declared,,2026-08-31,,Lonoke,05085,34.755114,-91.894132
AR-20037,Arkansas,Drought,2025-08-19,,2025-12-29,Secretary of Agriculture,Disaster Declared,,2026-08-31,,Marion,05089,36.266664,-92.678577
AR-20037,Arkansas,Drought,2025-08-19,,2025-12-29,Secretary of Agriculture,Disaster Declared,,2026-08-31,,Monroe,05095,34.679512,-91.20331
AR-20037,Arkansas,Drought,2025-08-19,,2025-12-29,Secretary of Agriculture,Disaster Declared,,2026-08-31,,Prairie,05117,34.831116,-91.55362
AR-20037,Arkansas,Drought,2025-08-19,,2025-12-29,Secretary of Agriculture,Disaster Declared,,2026-08-31,,Pulaski,05119,34.770311,-92.312996
AR-20037,Arkansas,Drought,2025-08-19,,2025-12-29,Secretary of Agriculture,Disaster Declared,,2026-08-31,,Randolph,05121,36.341298,-91.028441
AR-20037,Arkansas,Drought,2025-08-19,,2025-12-29,Secretary of Agriculture,Disaster Declared,,2026-08-31,,Sharp,05135,36.173399,-91.471069
AR-20037,Arkansas,Drought,2025-08-19,,2025-12-29,Secretary of Agriculture,Disaster Declared,,2026-08-31,,Stone,05137,35.857001,-92.140482
NV-20004,Nevada,Drought,2025-08-19,,2025-12-29,Secretary of Agriculture,Disaster Declared,,2026-08-31,,Eureka,32011,39.977788,-116.272208
WA-20021,Washington,White River Bridge Closure,2025-08-18,,2025-09-19,Governors Certification,Disaster Declared,,2026-06-22,,King,53033,47.490552,-121.833977
WA-20021,Washington,White River Bridge Closure,2025-08-18,,2025-09-19,Governors Certification,Disaster Declared,,2026-06-22,,Pierce,53053,47.051413,-122.15324
IL-20019,Illinois,"Severe Storms, Straight-Line Winds, and Flash Flooding",2025-08-16,2025-08-19,2026-03-16,SBA Declaration (Agency),Disaster Declared,2026-05-15,2026-12-16,0000,Cook,17031,41.894294,-87.645455
WA-20026,Washington,Drought,2025-08-12,,2025-12-29,Secretary of Agriculture,Disaster Declared,,2026-08-31,,Benton,53005,46.228125,-119.516659
WA-20026,Washington,Drought,2025-08-12,,2025-12-29,Secretary of Agriculture,Disaster Declared,,2026-08-31,,Kitsap,53035,47.639595,-122.649634
VA-20031,Virginia,Drought,2025-08-12,2025-12-31,2026-07-10,Secretary of Agriculture,Disaster Declared,,2027-03-10,,Northampton,51131,37.302775,-75.924018
MT-20031,Montana,Drought,2025-08-12,,2025-12-29,Secretary of Agriculture,Disaster Declared,,2026-08-31,,Blaine,30005,48.428282,-108.967648
MT-20031,Montana,Drought,2025-08-12,,2025-12-29,Secretary of Agriculture,Disaster Declared,,2026-08-31,,Broadwater,30007,46.329849,-111.497873
MT-20031,Montana,Drought,2025-08-12,,2025-12-29,Secretary of Agriculture,Disaster Declared,,2026-08-31,,Fergus,30027,47.221816,-109.232956
MT-20031,Montana,Drought,2025-08-12,,2025-12-29,Secretary of Agriculture,Disaster Declared,,2026-08-31,,Jefferson,30043,46.124232,-112.059428
NE-20019,Nebraska,"Severe Storms, Straight-line Winds, and Flooding",2025-08-08,2025-08-10,2025-10-22,Presidential-Public Assistance,Disaster Declared,2025-12-22,2026-07-22,4896,Burt,31021,41.854179,-96.337746
NE-20019,Nebraska,"Severe Storms, Straight-line Winds, and Flooding",2025-08-08,2025-08-10,2025-10-22,Presidential-Public Assistance,Disaster Declared,2025-12-22,2026-07-22,4896,Douglas,31055,41.297091,-96.154066
NE-20019,Nebraska,"Severe Storms, Straight-line Winds, and Flooding",2025-08-08,2025-08-10,2025-10-22,Presidential-Public Assistance,Disaster Declared,2025-12-22,2026-07-22,4896,Fillmore,31059,40.52504,-97.596705
NE-20019,Nebraska,"Severe Storms, Straight-line Winds, and Flooding",2025-08-08,2025-08-10,2025-10-22,Presidential-Public Assistance,Disaster Declared,2025-12-22,2026-07-22,4896,Lancaster,31109,40.783547,-96.688658
NE-20019,Nebraska,"Severe Storms, Straight-line Winds, and Flooding",2025-08-08,2025-08-10,2025-10-22,Presidential-Public Assistance,Disaster Declared,2025-12-22,2026-07-22,4896,Nemaha,31127,40.387389,-95.852721
NE-20019,Nebraska,"Severe Storms, Straight-line Winds, and Flooding",2025-08-08,2025-08-10,2025-10-22,Presidential-Public Assistance,Disaster Declared,2025-12-22,2026-07-22,4896,Nuckolls,31129,40.176492,-98.046842
NE-20019,Nebraska,"Severe Storms, Straight-line Winds, and Flooding",2025-08-08,2025-08-10,2025-10-22,Presidential-Public Assistance,Disaster Declared,2025-12-22,2026-07-22,4896,Saline,31151,40.516802,-97.131755
NE-20019,Nebraska,"Severe Storms, Straight-line Winds, and Flooding",2025-08-08,2025-08-10,2025-10-22,Presidential-Public Assistance,Disaster Declared,2025-12-22,2026-07-22,4896,Saunders,31155,41.223388,-96.642097
NE-20019,Nebraska,"Severe Storms, Straight-line Winds, and Flooding",2025-08-08,2025-08-10,2025-10-22,Presidential-Public Assistance,Disaster Declared,2025-12-22,2026-07-22,4896,Seward,31159,40.871944,-97.140383
NE-20019,Nebraska,"Severe Storms, Straight-line Winds, and Flooding",2025-08-08,2025-08-10,2025-10-22,Presidential-Public Assistance,Disaster Declared,2025-12-22,2026-07-22,4896,Thayer,31169,40.173845,-97.596263
NE-20019,Nebraska,"Severe Storms, Straight-line Winds, and Flooding",2025-08-08,2025-08-10,2025-10-22,Presidential-Public Assistance,Disaster Declared,2025-12-22,2026-07-22,4896,Washington,31177,41.533973,-96.224577
NE-20019,Nebraska,"Severe Storms, Straight-line Winds, and Flooding",2025-08-08,2025-08-10,2025-10-22,Presidential-Public Assistance,Disaster Declared,2025-12-22,2026-07-22,4896,Webster,31181,40.180646,-98.49859
ND-20014,North Dakota,"Severe Storms, Straight-Line Winds, and Tornadoes",2025-08-07,2025-08-08,2025-10-22,Presidential-Public Assistance,Disaster Declared,2025-12-22,2026-07-22,4895,Barnes,38003,46.94255,-98.070195
ND-20014,North Dakota,"Severe Storms, Straight-Line Winds, and Tornadoes",2025-08-07,2025-08-08,2025-10-22,Presidential-Public Assistance,Disaster Declared,2025-12-22,2026-07-22,4895,Grand Forks,38035,47.926003,-97.450851
ND-20014,North Dakota,"Severe Storms, Straight-Line Winds, and Tornadoes",2025-08-07,2025-08-08,2025-10-22,Presidential-Public Assistance,Disaster Declared,2025-12-22,2026-07-22,4895,Griggs,38039,47.456334,-98.232286
ND-20014,North Dakota,"Severe Storms, Straight-Line Winds, and Tornadoes",2025-08-07,2025-08-08,2025-10-22,Presidential-Public Assistance,Disaster Declared,2025-12-22,2026-07-22,4895,Kidder,38043,46.938273,-99.731198
ND-20014,North Dakota,"Severe Storms, Straight-Line Winds, and Tornadoes",2025-08-07,2025-08-08,2025-10-22,Presidential-Public Assistance,Disaster Declared,2025-12-22,2026-07-22,4895,Nelson,38063,47.918667,-98.204428
ND-20014,North Dakota,"Severe Storms, Straight-Line Winds, and Tornadoes",2025-08-07,2025-08-08,2025-10-22,Presidential-Public Assistance,Disaster Declared,2025-12-22,2026-07-22,4895,Steele,38091,47.451062,-97.71892
ND-20014,North Dakota,"Severe Storms, Straight-Line Winds, and Tornadoes",2025-08-07,2025-08-08,2025-10-22,Presidential-Public Assistance,Disaster Declared,2025-12-22,2026-07-22,4895,Stutsman,38093,46.972223,-98.956123
CO-20026,Colorado,"Lee and Elk Fires, Mudslides, and Debris Flows",2025-08-02,2025-08-29,2025-11-18,Governors Certification,Disaster Declared,,2026-08-18,,Rio Blanco,08103,39.972622,-108.200716
VT-20010,Vermont,Drought and Heat,2025-08-01,2025-12-31,2026-01-29,Secretary of Agriculture,Disaster Declared,,2026-09-29,,Bennington,50003,43.035328,-73.111496
VT-20010,Vermont,Drought and Heat,2025-08-01,2025-12-31,2026-01-29,Secretary of Agriculture,Disaster Declared,,2026-09-29,,Grand Isle,50013,44.801787,-73.300759
VT-20010,Vermont,Drought and Heat,2025-08-01,2025-12-31,2026-01-29,Secretary of Agriculture,Disaster Declared,,2026-09-29,,Windham,50025,42.995304,-72.721877
MN-20020,Minnesota,Severe Storms and Flooding,2025-07-27,2025-07-28,2025-09-30,SBA Declaration (Agency),Disaster Declared,2025-12-01,2026-06-30,,Stevens,27149,45.593461,-95.992315
IL-20018,Illinois,Severe Storms and Flash Flooding,2025-07-25,2025-07-28,2026-04-23,SBA Declaration (Agency),Disaster Declared,2026-06-22,2027-01-25,0000,Cook,17031,41.894294,-87.645455
PA-20031,Pennsylvania,Drought,2025-07-25,2025-11-30,2026-06-25,Secretary of Agriculture,Disaster Declared,,2027-02-25,,Susquehanna,42115,41.819665,-75.800969
PA-20031,Pennsylvania,Drought,2025-07-25,2025-11-30,2026-06-25,Secretary of Agriculture,Disaster Declared,,2027-02-25,,Wyoming,42131,41.525173,-76.008731
SD-20015,South Dakota,Flooding and Excessive Moisture,2025-07-21,2025-08-19,2026-02-09,Secretary of Agriculture,Disaster Declared,,2026-10-09,,Marshall,46091,45.737044,-97.58087
KS-20029,Kansas,"Severe Storms, Straight-Line Winds, and Flooding",2025-07-17,2025-07-22,2025-12-19,Presidential-Public Assistance,Disaster Declared,2026-02-17,2026-09-21,4897,Barton,20009,38.481239,-98.767837
KS-20029,Kansas,"Severe Storms, Straight-Line Winds, and Flooding",2025-07-17,2025-07-22,2025-12-19,Presidential-Public Assistance,Disaster Declared,2026-02-17,2026-09-21,4897,Comanche,20033,37.181442,-99.251293
KS-20029,Kansas,"Severe Storms, Straight-Line Winds, and Flooding",2025-07-17,2025-07-22,2025-12-19,Presidential-Public Assistance,Disaster Declared,2026-02-17,2026-09-21,4897,Edwards,20047,37.883595,-99.304746
KS-20029,Kansas,"Severe Storms, Straight-Line Winds, and Flooding",2025-07-17,2025-07-22,2025-12-19,Presidential-Public Assistance,Disaster Declared,2026-02-17,2026-09-21,4897,Hodgeman,20083,38.087493,-99.898407
KS-20029,Kansas,"Severe Storms, Straight-Line Winds, and Flooding",2025-07-17,2025-07-22,2025-12-19,Presidential-Public Assistance,Disaster Declared,2026-02-17,2026-09-21,4897,Logan,20109,38.91327,-101.157402
KS-20029,Kansas,"Severe Storms, Straight-Line Winds, and Flooding",2025-07-17,2025-07-22,2025-12-19,Presidential-Public Assistance,Disaster Declared,2026-02-17,2026-09-21,4897,Morris,20127,38.688204,-96.651448
KS-20029,Kansas,"Severe Storms, Straight-Line Winds, and Flooding",2025-07-17,2025-07-22,2025-12-19,Presidential-Public Assistance,Disaster Declared,2026-02-17,2026-09-21,4897,Ottawa,20143,39.137963,-97.654802
KS-20029,Kansas,"Severe Storms, Straight-Line Winds, and Flooding",2025-07-17,2025-07-22,2025-12-19,Presidential-Public Assistance,Disaster Declared,2026-02-17,2026-09-21,4897,Rawlins,20153,39.786198,-101.076738
KS-20029,Kansas,"Severe Storms, Straight-Line Winds, and Flooding",2025-07-17,2025-07-22,2025-12-19,Presidential-Public Assistance,Disaster Declared,2026-02-17,2026-09-21,4897,Saline,20169,38.791804,-97.651478
KS-20029,Kansas,"Severe Storms, Straight-Line Winds, and Flooding",2025-07-17,2025-07-22,2025-12-19,Presidential-Public Assistance,Disaster Declared,2026-02-17,2026-09-21,4897,Stevens,20189,37.2017,-101.317268
KS-20029,Kansas,"Severe Storms, Straight-Line Winds, and Flooding",2025-07-17,2025-07-22,2025-12-19,Presidential-Public Assistance,Disaster Declared,2026-02-17,2026-09-21,4897,Sumner,20191,37.236662,-97.493352
KS-20029,Kansas,"Severe Storms, Straight-Line Winds, and Flooding",2025-07-17,2025-07-22,2025-12-19,Presidential-Public Assistance,Disaster Declared,2026-02-17,2026-09-21,4897,Wyandotte,20209,39.115384,-94.763087
TX-20076,Texas,Drought and Excessive Heat,2025-07-15,2025-12-30,2026-03-19,Secretary of Agriculture,Disaster Declared,,2026-11-19,,Runnels,48399,31.845119,-99.982715
PA-20032,Pennsylvania,Drought and Excessive Heat,2025-07-14,2025-12-30,2026-06-25,Secretary of Agriculture,Disaster Declared,,2027-02-25,,Bradford,42015,41.791504,-76.502123
PA-20032,Pennsylvania,Drought and Excessive Heat,2025-07-14,2025-12-30,2026-06-25,Secretary of Agriculture,Disaster Declared,,2027-02-25,,Sullivan,42113,41.439285,-76.511717
IL-20021,Illinois,Algal Bloom Water Contamination,2025-07-10,2025-08-01,2025-11-06,Governors Certification,Disaster Declared,,2026-08-06,,Coles,17029,39.51368,-88.220782
NH-20011,New Hampshire,Drought,2025-07-08,2025-12-31,2026-02-09,Secretary of Agriculture,Disaster Declared,,2026-10-09,,Hillsborough,33011,42.911532,-71.723055
NY-20037,New York,"Hail, Rain, and High Winds",2025-07-03,2025-07-03,2026-04-20,Secretary of Agriculture,Disaster Declared,,2026-12-21,,Broome,36007,42.161977,-75.830283
NY-20037,New York,"Hail, Rain, and High Winds",2025-07-03,2025-07-03,2026-04-20,Secretary of Agriculture,Disaster Declared,,2026-12-21,,Cayuga,36011,43.008546,-76.574587
NY-20037,New York,"Hail, Rain, and High Winds",2025-07-03,2025-07-03,2026-04-20,Secretary of Agriculture,Disaster Declared,,2026-12-21,,Schuyler,36097,42.419776,-76.938603
MN-20027,Minnesota,Excessive Rain,2025-06-25,2025-06-30,2026-03-31,Secretary of Agriculture,Disaster Declared,,2026-12-01,,Carver,27019,44.82132,-93.800091
NM-20020,New Mexico,"Mescalero Apache Tribe - Rural Area - Severe Storms, Flooding and Landslides",2025-06-23,2025-08-05,2026-02-23,SBA Rural Agency,Disaster Declared,2026-04-24,2026-11-23,,Otero,35035,32.615599,-105.751308
MN-20022,Minnesota,Leech Lake Band of Ojibwe - Severe Storms and Straight-line Winds,2025-06-21,2025-06-21,2025-10-22,Presidential-Individual Assistance,Disaster Declared,2025-12-22,2026-07-22,4894,Beltrami,27007,47.879508,-95.00505
MN-20022,Minnesota,Leech Lake Band of Ojibwe - Severe Storms and Straight-line Winds,2025-06-21,2025-06-21,2025-10-22,Presidential-Individual Assistance,Disaster Declared,2025-12-22,2026-07-22,4894,Cass,27021,46.951745,-94.333705
MN-20022,Minnesota,Leech Lake Band of Ojibwe - Severe Storms and Straight-line Winds,2025-06-21,2025-06-21,2025-10-22,Presidential-Individual Assistance,Disaster Declared,2025-12-22,2026-07-22,4894,Hubbard,27057,47.095551,-94.91329
MN-20022,Minnesota,Leech Lake Band of Ojibwe - Severe Storms and Straight-line Winds,2025-06-21,2025-06-21,2025-10-22,Presidential-Individual Assistance,Disaster Declared,2025-12-22,2026-07-22,4894,Itasca,27061,47.490817,-93.611102
MN-20023,Minnesota,Leech Lake Band of Ojibwe - Severe Storms and Straight-line Winds,2025-06-21,2025-06-21,2025-10-22,Presidential-Public Assistance,Disaster Declared,2025-12-22,2026-07-22,4894,Beltrami,27007,47.879508,-95.00505
MN-20023,Minnesota,Leech Lake Band of Ojibwe - Severe Storms and Straight-line Winds,2025-06-21,2025-06-21,2025-10-22,Presidential-Public Assistance,Disaster Declared,2025-12-22,2026-07-22,4894,Cass,27021,46.951745,-94.333705
MN-20023,Minnesota,Leech Lake Band of Ojibwe - Severe Storms and Straight-line Winds,2025-06-21,2025-06-21,2025-10-22,Presidential-Public Assistance,Disaster Declared,2025-12-22,2026-07-22,4894,Hubbard,27057,47.095551,-94.91329
MN-20023,Minnesota,Leech Lake Band of Ojibwe - Severe Storms and Straight-line Winds,2025-06-21,2025-06-21,2025-10-22,Presidential-Public Assistance,Disaster Declared,2025-12-22,2026-07-22,4894,Itasca,27061,47.490817,-93.611102
MN-20021,Minnesota,Severe Storms and High Winds,2025-06-21,2025-06-21,2025-10-02,SBA Declaration (Agency),Disaster Declared,2025-12-01,2026-07-02,,Beltrami,27007,47.879508,-95.00505
KS-20031,Kansas,"Heavy Rainfall, Hail, High Winds, and Flash Flooding",2025-06-17,2025-06-18,2026-01-16,Secretary of Agriculture,Disaster Declared,,2026-09-16,,Sumner,20191,37.236662,-97.493352
MT-20035,Montana,"Hail, High Winds, and Heavy Rain",2025-06-13,2025-06-16,2026-03-23,Secretary of Agriculture,Disaster Declared,,2026-11-23,,Big Horn,30003,45.407868,-107.518162
MT-20035,Montana,"Hail, High Winds, and Heavy Rain",2025-06-13,2025-06-16,2026-03-23,Secretary of Agriculture,Disaster Declared,,2026-11-23,,Chouteau,30015,47.886834,-110.4362
MT-20035,Montana,"Hail, High Winds, and Heavy Rain",2025-06-13,2025-06-16,2026-03-23,Secretary of Agriculture,Disaster Declared,,2026-11-23,,Yellowstone,30111,45.936987,-108.276656
MN-20026,Minnesota,Excessive Rain,2025-06-12,2025-08-18,2026-03-31,Secretary of Agriculture,Disaster Declared,,2026-12-01,,Kandiyohi,27067,45.152714,-95.004981
NY-20038,New York,Drought and Excessive Heat,2025-06-11,2025-12-30,2026-04-20,Secretary of Agriculture,Disaster Declared,,2026-12-21,,Albany,36001,42.58824,-73.97401
NY-20038,New York,Drought and Excessive Heat,2025-06-11,2025-12-30,2026-04-20,Secretary of Agriculture,Disaster Declared,,2026-12-21,,Broome,36007,42.161977,-75.830283
NY-20038,New York,Drought and Excessive Heat,2025-06-11,2025-12-30,2026-04-20,Secretary of Agriculture,Disaster Declared,,2026-12-21,,Cayuga,36011,43.008546,-76.574587
NY-20038,New York,Drought and Excessive Heat,2025-06-11,2025-12-30,2026-04-20,Secretary of Agriculture,Disaster Declared,,2026-12-21,,Cortland,36023,42.594039,-76.07624
NY-20038,New York,Drought and Excessive Heat,2025-06-11,2025-12-30,2026-04-20,Secretary of Agriculture,Disaster Declared,,2026-12-21,,Fulton,36035,43.115609,-74.423678
NY-20038,New York,Drought and Excessive Heat,2025-06-11,2025-12-30,2026-04-20,Secretary of Agriculture,Disaster Declared,,2026-12-21,,Genesee,36037,43.00091,-78.192778
NY-20038,New York,Drought and Excessive Heat,2025-06-11,2025-12-30,2026-04-20,Secretary of Agriculture,Disaster Declared,,2026-12-21,,Montgomery,36057,42.900891,-74.435357
NY-20038,New York,Drought and Excessive Heat,2025-06-11,2025-12-30,2026-04-20,Secretary of Agriculture,Disaster Declared,,2026-12-21,,Onondaga,36067,43.006516,-76.196134
NY-20038,New York,Drought and Excessive Heat,2025-06-11,2025-12-30,2026-04-20,Secretary of Agriculture,Disaster Declared,,2026-12-21,,Ontario,36069,42.856357,-77.303497
NY-20038,New York,Drought and Excessive Heat,2025-06-11,2025-12-30,2026-04-20,Secretary of Agriculture,Disaster Declared,,2026-12-21,,Orleans,36073,43.339906,-78.207028
NY-20038,New York,Drought and Excessive Heat,2025-06-11,2025-12-30,2026-04-20,Secretary of Agriculture,Disaster Declared,,2026-12-21,,Otsego,36077,42.629776,-75.028841
NY-20038,New York,Drought and Excessive Heat,2025-06-11,2025-12-30,2026-04-20,Secretary of Agriculture,Disaster Declared,,2026-12-21,,St. Lawrence,36089,44.488112,-75.074311
NY-20038,New York,Drought and Excessive Heat,2025-06-11,2025-12-30,2026-04-20,Secretary of Agriculture,Disaster Declared,,2026-12-21,,Saratoga,36091,43.106135,-73.855387
NY-20038,New York,Drought and Excessive Heat,2025-06-11,2025-12-30,2026-04-20,Secretary of Agriculture,Disaster Declared,,2026-12-21,,Schenectady,36093,42.817552,-74.043559
NY-20038,New York,Drought and Excessive Heat,2025-06-11,2025-12-30,2026-04-20,Secretary of Agriculture,Disaster Declared,,2026-12-21,,Schoharie,36095,42.591294,-74.438172
NY-20038,New York,Drought and Excessive Heat,2025-06-11,2025-12-30,2026-04-20,Secretary of Agriculture,Disaster Declared,,2026-12-21,,Schuyler,36097,42.419776,-76.938603
NY-20038,New York,Drought and Excessive Heat,2025-06-11,2025-12-30,2026-04-20,Secretary of Agriculture,Disaster Declared,,2026-12-21,,Seneca,36099,42.782294,-76.827088
NY-20038,New York,Drought and Excessive Heat,2025-06-11,2025-12-30,2026-04-20,Secretary of Agriculture,Disaster Declared,,2026-12-21,,Tompkins,36109,42.453006,-76.473483
NY-20038,New York,Drought and Excessive Heat,2025-06-11,2025-12-30,2026-04-20,Secretary of Agriculture,Disaster Declared,,2026-12-21,,Warren,36113,43.555105,-73.838139
NY-20038,New York,Drought and Excessive Heat,2025-06-11,2025-12-30,2026-04-20,Secretary of Agriculture,Disaster Declared,,2026-12-21,,Washington,36115,43.312377,-73.439428
NY-20036,New York,Flash Flooding,2025-06-09,2025-06-10,2026-04-20,Secretary of Agriculture,Disaster Declared,,2026-12-21,,Steuben,36101,42.266725,-77.385525
TX-20073,Texas,"Tornado, Hail, and High Winds",2025-06-05,2025-06-22,2026-03-19,Secretary of Agriculture,Disaster Declared,,2026-11-19,,Hockley,48219,33.605932,-102.343398
TX-20072,Texas,"Tornado, Excessive Rain, Hail, and High Winds",2025-06-05,2025-06-07,2026-03-19,Secretary of Agriculture,Disaster Declared,,2026-11-19,,Lubbock,48303,33.611469,-101.819944
MN-20025,Minnesota,"High Winds, Hail, and Lightning",2025-06-02,2025-06-28,2026-03-31,Secretary of Agriculture,Disaster Declared,,2026-12-01,,Pope,27121,45.589623,-95.446705
TX-20074,Texas,Excessive Rain and High Winds,2025-05-23,2025-11-28,2026-03-19,Secretary of Agriculture,Disaster Declared,,2026-11-19,,Terry,48445,33.171229,-102.339284
KS-20030,Kansas,"Tornado, Strong Storms, Hail, High Winds, and Lightning",2025-05-19,2025-05-19,2026-01-16,Secretary of Agriculture,Disaster Declared,,2026-09-16,,Kiowa,20097,37.561231,-99.286539
AR-20036,Arkansas,"Excessive Rain, Tornado, Hail, High Winds, and Lightning",2025-05-18,2025-07-21,2025-12-22,Secretary of Agriculture,Disaster Declared,,2026-08-24,,Washington,05143,35.978001,-94.217269
AR-20036,Arkansas,"Excessive Rain, Tornado, Hail, High Winds, and Lightning",2025-05-18,2025-07-21,2025-12-22,Secretary of Agriculture,Disaster Declared,,2026-08-24,,Woodruff,05147,35.192777,-91.244535
NY-20030,New York,Hail,2025-05-17,2025-05-17,2025-12-15,Secretary of Agriculture,Disaster Declared,,2026-08-17,,Saratoga,36091,43.106135,-73.855387
IN-20020,Indiana,Dust Storm and High Winds,2025-05-16,2025-05-16,2026-03-23,Secretary of Agriculture,Disaster Declared,,2026-11-23,,White,18181,40.75095,-86.864293
MI-20042,Michigan,Drought and Excessive Heat,2025-05-13,2025-08-22,2026-02-13,Secretary of Agriculture,Disaster Declared,,2026-10-13,,Allegan,26005,42.421251,-86.261403
MI-20042,Michigan,Drought and Excessive Heat,2025-05-13,2025-08-22,2026-02-13,Secretary of Agriculture,Disaster Declared,,2026-10-13,,Kent,26081,43.032497,-85.547446
MI-20041,Michigan,Frost and Freeze,2025-05-08,2025-05-10,2026-02-13,Secretary of Agriculture,Disaster Declared,,2026-10-13,,Kent,26081,43.032497,-85.547446
MI-20041,Michigan,Frost and Freeze,2025-05-08,2025-05-10,2026-02-13,Secretary of Agriculture,Disaster Declared,,2026-10-13,,Allegan,26005,42.421251,-86.261403
TX-20071,Texas,"Excessive Rain, Hail, and High Winds",2025-05-02,2025-07-08,2026-03-19,Secretary of Agriculture,Disaster Declared,,2026-11-19,,Hill,48217,31.982681,-97.130668
PA-20027,Pennsylvania,Rainfall,2025-05-02,2025-07-17,2026-01-29,Secretary of Agriculture,Disaster Declared,,2026-09-29,,Cumberland,42041,40.164805,-77.263442
NY-20034,New York,Excessive Rain and Flooding,2025-05-01,2025-06-30,2026-04-20,Secretary of Agriculture,Disaster Declared,,2026-12-21,,Broome,36007,42.161977,-75.830283
NY-20034,New York,Excessive Rain and Flooding,2025-05-01,2025-06-30,2026-04-20,Secretary of Agriculture,Disaster Declared,,2026-12-21,,Rensselaer,36083,42.710421,-73.513845
NY-20034,New York,Excessive Rain and Flooding,2025-05-01,2025-06-30,2026-04-20,Secretary of Agriculture,Disaster Declared,,2026-12-21,,Saratoga,36091,43.106135,-73.855387
NY-20034,New York,Excessive Rain and Flooding,2025-05-01,2025-06-30,2026-04-20,Secretary of Agriculture,Disaster Declared,,2026-12-21,,Warren,36113,43.555105,-73.838139
NY-20034,New York,Excessive Rain and Flooding,2025-05-01,2025-06-30,2026-04-20,Secretary of Agriculture,Disaster Declared,,2026-12-21,,Washington,36115,43.312377,-73.439428
NH-20013,New Hampshire,Extreme moisture,2025-05-01,2025-06-18,2026-03-19,Secretary of Agriculture,Disaster Declared,,2026-11-19,,Belknap,33001,43.519109,-71.425366
NH-20013,New Hampshire,Extreme moisture,2025-05-01,2025-06-18,2026-03-19,Secretary of Agriculture,Disaster Declared,,2026-11-19,,Hillsborough,33011,42.911532,-71.723055
NH-20013,New Hampshire,Extreme moisture,2025-05-01,2025-06-18,2026-03-19,Secretary of Agriculture,Disaster Declared,,2026-11-19,,Merrimack,33013,43.299579,-71.680041
TX-20070,Texas,"Excessive Rain, Flash Flooding, Hail, High Winds, and Lightning",2025-05-01,2025-06-30,2026-03-19,Secretary of Agriculture,Disaster Declared,,2026-11-19,,Ellis,48139,32.346878,-96.79694
ME-20009,Maine,Moisture and Prolonged Colder than Normal Temperatures,2025-05-01,2025-05-31,2025-12-22,Secretary of Agriculture,Disaster Declared,,2026-08-24,,Androscoggin,23001,44.167681,-70.207435
ME-20009,Maine,Moisture and Prolonged Colder than Normal Temperatures,2025-05-01,2025-05-31,2025-12-22,Secretary of Agriculture,Disaster Declared,,2026-08-24,,Aroostook,23003,46.709193,-68.612409
ME-20009,Maine,Moisture and Prolonged Colder than Normal Temperatures,2025-05-01,2025-05-31,2025-12-22,Secretary of Agriculture,Disaster Declared,,2026-08-24,,Cumberland,23005,43.808348,-70.330375
ME-20009,Maine,Moisture and Prolonged Colder than Normal Temperatures,2025-05-01,2025-05-31,2025-12-22,Secretary of Agriculture,Disaster Declared,,2026-08-24,,Franklin,23007,44.976724,-70.414935
ME-20009,Maine,Moisture and Prolonged Colder than Normal Temperatures,2025-05-01,2025-05-31,2025-12-22,Secretary of Agriculture,Disaster Declared,,2026-08-24,,Hancock,23009,44.564906,-68.370703
ME-20009,Maine,Moisture and Prolonged Colder than Normal Temperatures,2025-05-01,2025-05-31,2025-12-22,Secretary of Agriculture,Disaster Declared,,2026-08-24,,Kennebec,23011,44.417012,-69.765764
ME-20009,Maine,Moisture and Prolonged Colder than Normal Temperatures,2025-05-01,2025-05-31,2025-12-22,Secretary of Agriculture,Disaster Declared,,2026-08-24,,Knox,23013,44.042045,-69.038514
ME-20009,Maine,Moisture and Prolonged Colder than Normal Temperatures,2025-05-01,2025-05-31,2025-12-22,Secretary of Agriculture,Disaster Declared,,2026-08-24,,Lincoln,23015,43.994781,-69.513624
ME-20009,Maine,Moisture and Prolonged Colder than Normal Temperatures,2025-05-01,2025-05-31,2025-12-22,Secretary of Agriculture,Disaster Declared,,2026-08-24,,Oxford,23017,44.4945,-70.734421
ME-20009,Maine,Moisture and Prolonged Colder than Normal Temperatures,2025-05-01,2025-05-31,2025-12-22,Secretary of Agriculture,Disaster Declared,,2026-08-24,,Penobscot,23019,45.409284,-68.666616
ME-20009,Maine,Moisture and Prolonged Colder than Normal Temperatures,2025-05-01,2025-05-31,2025-12-22,Secretary of Agriculture,Disaster Declared,,2026-08-24,,Piscataquis,23021,45.915639,-69.102231
ME-20009,Maine,Moisture and Prolonged Colder than Normal Temperatures,2025-05-01,2025-05-31,2025-12-22,Secretary of Agriculture,Disaster Declared,,2026-08-24,,Somerset,23025,45.503646,-69.95611
ME-20009,Maine,Moisture and Prolonged Colder than Normal Temperatures,2025-05-01,2025-05-31,2025-12-22,Secretary of Agriculture,Disaster Declared,,2026-08-24,,Waldo,23027,44.505822,-69.138961
ME-20009,Maine,Moisture and Prolonged Colder than Normal Temperatures,2025-05-01,2025-05-31,2025-12-22,Secretary of Agriculture,Disaster Declared,,2026-08-24,,Washington,23029,44.967009,-67.609354
ME-20009,Maine,Moisture and Prolonged Colder than Normal Temperatures,2025-05-01,2025-05-31,2025-12-22,Secretary of Agriculture,Disaster Declared,,2026-08-24,,York,23031,43.426019,-70.668425
PA-20035,Pennsylvania,Excessive Rain and Moisture,2025-05-01,2025-07-15,2026-06-25,Secretary of Agriculture,Disaster Declared,,2027-02-25,,Montour,42093,41.029284,-76.665225
PA-20033,Pennsylvania,Excessive Precipitation and Moisture,2025-04-25,2025-07-20,2026-06-25,Secretary of Agriculture,Disaster Declared,,2027-02-25,,Blair,42013,40.498683,-78.309597
PA-20033,Pennsylvania,Excessive Precipitation and Moisture,2025-04-25,2025-07-20,2026-06-25,Secretary of Agriculture,Disaster Declared,,2027-02-25,,Huntingdon,42061,40.422311,-77.968595
AR-20035,Arkansas,"Excessive Rain, Flash Flooding, Hail, and High Winds",2025-04-03,2025-07-21,2025-12-22,Secretary of Agriculture,Disaster Declared,,2026-08-24,,Jefferson,05069,34.277239,-91.929673
AR-20035,Arkansas,"Excessive Rain, Flash Flooding, Hail, and High Winds",2025-04-03,2025-07-21,2025-12-22,Secretary of Agriculture,Disaster Declared,,2026-08-24,,Monroe,05095,34.679512,-91.20331
AR-20033,Arkansas,Flooding,2025-04-03,2025-07-21,2025-12-22,Secretary of Agriculture,Disaster Declared,,2026-08-24,,Clay,05021,36.367302,-90.418704
KY-20030,Kentucky,"Excessive rain, tornado, flash flooding, and high winds",2025-04-02,2025-04-15,2025-12-22,Secretary of Agriculture,Disaster Declared,,2026-08-24,,Garrard,21079,37.630162,-84.545856
AR-20034,Arkansas,"Excessive Rain, Tornadoes, and High Winds",2025-04-02,2025-07-21,2025-12-22,Secretary of Agriculture,Disaster Declared,,2026-08-24,,Hot Spring,05059,34.315177,-92.944147
KY-20029,Kentucky,"Flooding, Excessive Rain, Flash Flooding, Landslides, and Mudslides",2025-04-02,2025-04-15,2025-12-22,Secretary of Agriculture,Disaster Declared,,2026-08-24,,Allen,21003,36.75077,-86.192458
KY-20029,Kentucky,"Flooding, Excessive Rain, Flash Flooding, Landslides, and Mudslides",2025-04-02,2025-04-15,2025-12-22,Secretary of Agriculture,Disaster Declared,,2026-08-24,,Edmonson,21061,37.227514,-86.218015
KY-20029,Kentucky,"Flooding, Excessive Rain, Flash Flooding, Landslides, and Mudslides",2025-04-02,2025-04-15,2025-12-22,Secretary of Agriculture,Disaster Declared,,2026-08-24,,Warren,21227,36.995634,-86.423579
KY-20028,Kentucky,"Flooding, flash flooding, and excessive rain",2025-04-02,2025-04-15,2025-12-22,Secretary of Agriculture,Disaster Declared,,2026-08-24,,Anderson,21005,38.005396,-84.986417
KY-20028,Kentucky,"Flooding, flash flooding, and excessive rain",2025-04-02,2025-04-15,2025-12-22,Secretary of Agriculture,Disaster Declared,,2026-08-24,,Campbell,21037,38.946981,-84.379583
KY-20028,Kentucky,"Flooding, flash flooding, and excessive rain",2025-04-02,2025-04-15,2025-12-22,Secretary of Agriculture,Disaster Declared,,2026-08-24,,Franklin,21073,38.234919,-84.868786
KY-20028,Kentucky,"Flooding, flash flooding, and excessive rain",2025-04-02,2025-04-15,2025-12-22,Secretary of Agriculture,Disaster Declared,,2026-08-24,,Hancock,21091,37.843325,-86.792761
KY-20028,Kentucky,"Flooding, flash flooding, and excessive rain",2025-04-02,2025-04-15,2025-12-22,Secretary of Agriculture,Disaster Declared,,2026-08-24,,McLean,21149,37.526707,-87.265597
KY-20028,Kentucky,"Flooding, flash flooding, and excessive rain",2025-04-02,2025-04-15,2025-12-22,Secretary of Agriculture,Disaster Declared,,2026-08-24,,Owen,21187,38.499395,-84.84159
KY-20028,Kentucky,"Flooding, flash flooding, and excessive rain",2025-04-02,2025-04-15,2025-12-22,Secretary of Agriculture,Disaster Declared,,2026-08-24,,Woodford,21239,38.043103,-84.748855
KY-20031,Kentucky,"Tornado, excessive rain, and high winds",2025-04-02,2025-04-15,2025-12-22,Secretary of Agriculture,Disaster Declared,,2026-08-24,,Lincoln,21137,37.457174,-84.658335
VA-20030,Virginia,Excessive Rainfall,2025-04-01,2025-12-31,2026-07-10,Secretary of Agriculture,Disaster Declared,,2027-03-10,,Prince George,51149,37.187325,-77.220993
VA-20030,Virginia,Excessive Rainfall,2025-04-01,2025-12-31,2026-07-10,Secretary of Agriculture,Disaster Declared,,2027-03-10,,Sussex,51183,36.926645,-77.259732
NY-20035,New York,Excessive Rain and Flash Flooding,2025-04-01,2025-07-01,2026-04-20,Secretary of Agriculture,Disaster Declared,,2026-12-21,,Cayuga,36011,43.008546,-76.574587
NY-20035,New York,Excessive Rain and Flash Flooding,2025-04-01,2025-07-01,2026-04-20,Secretary of Agriculture,Disaster Declared,,2026-12-21,,Ontario,36069,42.856357,-77.303497
NY-20035,New York,Excessive Rain and Flash Flooding,2025-04-01,2025-07-01,2026-04-20,Secretary of Agriculture,Disaster Declared,,2026-12-21,,Oswego,36075,43.461443,-76.209262
NY-20035,New York,Excessive Rain and Flash Flooding,2025-04-01,2025-07-01,2026-04-20,Secretary of Agriculture,Disaster Declared,,2026-12-21,,Tompkins,36109,42.453006,-76.473483
IN-20017,Indiana,Significant Rainfall,2025-04-01,2025-12-31,2026-02-10,Secretary of Agriculture,Disaster Declared,,2026-10-13,,Jennings,18079,38.996229,-85.628103
NY-20033,New York,Excessive Rain,2025-04-01,2025-07-15,2026-04-20,Secretary of Agriculture,Disaster Declared,,2026-12-21,,Cattaraugus,36009,42.239099,-78.662332
NY-20033,New York,Excessive Rain,2025-04-01,2025-07-15,2026-04-20,Secretary of Agriculture,Disaster Declared,,2026-12-21,,Cortland,36023,42.594039,-76.07624
NY-20033,New York,Excessive Rain,2025-04-01,2025-07-15,2026-04-20,Secretary of Agriculture,Disaster Declared,,2026-12-21,,Erie,36029,42.752759,-78.778192
NY-20033,New York,Excessive Rain,2025-04-01,2025-07-15,2026-04-20,Secretary of Agriculture,Disaster Declared,,2026-12-21,,Fulton,36035,43.115609,-74.423678
NY-20033,New York,Excessive Rain,2025-04-01,2025-07-15,2026-04-20,Secretary of Agriculture,Disaster Declared,,2026-12-21,,Herkimer,36043,43.571009,-74.841097
NY-20033,New York,Excessive Rain,2025-04-01,2025-07-15,2026-04-20,Secretary of Agriculture,Disaster Declared,,2026-12-21,,Monroe,36055,43.250347,-77.700518
NY-20033,New York,Excessive Rain,2025-04-01,2025-07-15,2026-04-20,Secretary of Agriculture,Disaster Declared,,2026-12-21,,Montgomery,36057,42.900891,-74.435357
NY-20033,New York,Excessive Rain,2025-04-01,2025-07-15,2026-04-20,Secretary of Agriculture,Disaster Declared,,2026-12-21,,Niagara,36063,43.272672,-78.812943
NY-20033,New York,Excessive Rain,2025-04-01,2025-07-15,2026-04-20,Secretary of Agriculture,Disaster Declared,,2026-12-21,,Oneida,36065,43.242727,-75.434282
NY-20033,New York,Excessive Rain,2025-04-01,2025-07-15,2026-04-20,Secretary of Agriculture,Disaster Declared,,2026-12-21,,Onondaga,36067,43.006516,-76.196134
NY-20033,New York,Excessive Rain,2025-04-01,2025-07-15,2026-04-20,Secretary of Agriculture,Disaster Declared,,2026-12-21,,Orleans,36073,43.339906,-78.207028
NY-20033,New York,Excessive Rain,2025-04-01,2025-07-15,2026-04-20,Secretary of Agriculture,Disaster Declared,,2026-12-21,,Schuyler,36097,42.419776,-76.938603
NY-20033,New York,Excessive Rain,2025-04-01,2025-07-15,2026-04-20,Secretary of Agriculture,Disaster Declared,,2026-12-21,,Seneca,36099,42.782294,-76.827088
NY-20033,New York,Excessive Rain,2025-04-01,2025-07-15,2026-04-20,Secretary of Agriculture,Disaster Declared,,2026-12-21,,Steuben,36101,42.266725,-77.385525
NY-20033,New York,Excessive Rain,2025-04-01,2025-07-15,2026-04-20,Secretary of Agriculture,Disaster Declared,,2026-12-21,,Wayne,36117,43.218114,-77.049402
NY-20033,New York,Excessive Rain,2025-04-01,2025-07-15,2026-04-20,Secretary of Agriculture,Disaster Declared,,2026-12-21,,Yates,36123,42.638237,-77.104324
IN-20018,Indiana,Excessive Moisture,2025-04-01,2025-12-31,2026-03-12,Secretary of Agriculture,Disaster Declared,,2026-11-12,,Jefferson,18077,38.783604,-85.44009
PA-20034,Pennsylvania,Excessive Rain and Moisture,2025-04-01,2025-06-01,2026-06-25,Secretary of Agriculture,Disaster Declared,,2027-02-25,,Bradford,42015,41.791504,-76.502123
MO-20013,Missouri,"Severe Storms, Straight-line Winds, Tornadoes, and Flooding",2025-03-30,2025-04-08,2025-10-22,Presidential-Individual Assistance,Disaster Declared,2025-12-22,2026-07-22,4872,Bollinger,29017,37.318427,-90.024645
MO-20013,Missouri,"Severe Storms, Straight-line Winds, Tornadoes, and Flooding",2025-03-30,2025-04-08,2025-10-22,Presidential-Individual Assistance,Disaster Declared,2025-12-22,2026-07-22,4872,Butler,29023,36.71518,-90.40313
MO-20013,Missouri,"Severe Storms, Straight-line Winds, Tornadoes, and Flooding",2025-03-30,2025-04-08,2025-10-22,Presidential-Individual Assistance,Disaster Declared,2025-12-22,2026-07-22,4872,Cape Girardeau,29031,37.384141,-89.685658
MO-20013,Missouri,"Severe Storms, Straight-line Winds, Tornadoes, and Flooding",2025-03-30,2025-04-08,2025-10-22,Presidential-Individual Assistance,Disaster Declared,2025-12-22,2026-07-22,4872,Carter,29035,36.944858,-90.945705
MO-20013,Missouri,"Severe Storms, Straight-line Winds, Tornadoes, and Flooding",2025-03-30,2025-04-08,2025-10-22,Presidential-Individual Assistance,Disaster Declared,2025-12-22,2026-07-22,4872,Cooper,29053,38.847093,-92.810069
MO-20013,Missouri,"Severe Storms, Straight-line Winds, Tornadoes, and Flooding",2025-03-30,2025-04-08,2025-10-22,Presidential-Individual Assistance,Disaster Declared,2025-12-22,2026-07-22,4872,Dunklin,29069,36.153025,-90.062254
MO-20013,Missouri,"Severe Storms, Straight-line Winds, Tornadoes, and Flooding",2025-03-30,2025-04-08,2025-10-22,Presidential-Individual Assistance,Disaster Declared,2025-12-22,2026-07-22,4872,Howell,29091,36.774369,-91.887368
MO-20013,Missouri,"Severe Storms, Straight-line Winds, Tornadoes, and Flooding",2025-03-30,2025-04-08,2025-10-22,Presidential-Individual Assistance,Disaster Declared,2025-12-22,2026-07-22,4872,Iron,29093,37.625971,-90.699587
MO-20013,Missouri,"Severe Storms, Straight-line Winds, Tornadoes, and Flooding",2025-03-30,2025-04-08,2025-10-22,Presidential-Individual Assistance,Disaster Declared,2025-12-22,2026-07-22,4872,Mississippi,29133,36.826264,-89.295929
MO-20013,Missouri,"Severe Storms, Straight-line Winds, Tornadoes, and Flooding",2025-03-30,2025-04-08,2025-10-22,Presidential-Individual Assistance,Disaster Declared,2025-12-22,2026-07-22,4872,New Madrid,29143,36.594261,-89.655948
MO-20013,Missouri,"Severe Storms, Straight-line Winds, Tornadoes, and Flooding",2025-03-30,2025-04-08,2025-10-22,Presidential-Individual Assistance,Disaster Declared,2025-12-22,2026-07-22,4872,Oregon,29149,36.68531,-91.401827
MO-20013,Missouri,"Severe Storms, Straight-line Winds, Tornadoes, and Flooding",2025-03-30,2025-04-08,2025-10-22,Presidential-Individual Assistance,Disaster Declared,2025-12-22,2026-07-22,4872,Ozark,29153,36.64959,-92.458549
MO-20013,Missouri,"Severe Storms, Straight-line Winds, Tornadoes, and Flooding",2025-03-30,2025-04-08,2025-10-22,Presidential-Individual Assistance,Disaster Declared,2025-12-22,2026-07-22,4872,Reynolds,29179,37.366464,-90.972282
MO-20013,Missouri,"Severe Storms, Straight-line Winds, Tornadoes, and Flooding",2025-03-30,2025-04-08,2025-10-22,Presidential-Individual Assistance,Disaster Declared,2025-12-22,2026-07-22,4872,Ripley,29181,36.65017,-90.874834
MO-20013,Missouri,"Severe Storms, Straight-line Winds, Tornadoes, and Flooding",2025-03-30,2025-04-08,2025-10-22,Presidential-Individual Assistance,Disaster Declared,2025-12-22,2026-07-22,4872,Scott,29201,37.047793,-89.568098
MO-20013,Missouri,"Severe Storms, Straight-line Winds, Tornadoes, and Flooding",2025-03-30,2025-04-08,2025-10-22,Presidential-Individual Assistance,Disaster Declared,2025-12-22,2026-07-22,4872,Shannon,29203,37.152498,-91.391328
MO-20013,Missouri,"Severe Storms, Straight-line Winds, Tornadoes, and Flooding",2025-03-30,2025-04-08,2025-10-22,Presidential-Individual Assistance,Disaster Declared,2025-12-22,2026-07-22,4872,Stoddard,29207,36.851557,-89.947481
MO-20013,Missouri,"Severe Storms, Straight-line Winds, Tornadoes, and Flooding",2025-03-30,2025-04-08,2025-10-22,Presidential-Individual Assistance,Disaster Declared,2025-12-22,2026-07-22,4872,Vernon,29217,37.850196,-94.341597
MO-20013,Missouri,"Severe Storms, Straight-line Winds, Tornadoes, and Flooding",2025-03-30,2025-04-08,2025-10-22,Presidential-Individual Assistance,Disaster Declared,2025-12-22,2026-07-22,4872,Washington,29221,37.942611,-90.897018
MO-20013,Missouri,"Severe Storms, Straight-line Winds, Tornadoes, and Flooding",2025-03-30,2025-04-08,2025-10-22,Presidential-Individual Assistance,Disaster Declared,2025-12-22,2026-07-22,4872,Wayne,29223,37.111074,-90.453931
TX-20069,Texas,Excessive Rain,2025-03-21,2025-07-08,2026-03-19,Secretary of Agriculture,Disaster Declared,,2026-11-19,,Collin,48085,33.194494,-96.579428
TX-20069,Texas,Excessive Rain,2025-03-21,2025-07-08,2026-03-19,Secretary of Agriculture,Disaster Declared,,2026-11-19,,Grayson,48181,33.624524,-96.675693
TX-20069,Texas,Excessive Rain,2025-03-21,2025-07-08,2026-03-19,Secretary of Agriculture,Disaster Declared,,2026-11-19,,Hunt,48231,33.123308,-96.08423
AR-20032,Arkansas,Excessive Rain and Flooding,2025-03-13,2025-07-21,2025-12-22,Secretary of Agriculture,Disaster Declared,,2026-08-24,,Crittenden,05035,35.197559,-90.30512
AR-20032,Arkansas,Excessive Rain and Flooding,2025-03-13,2025-07-21,2025-12-22,Secretary of Agriculture,Disaster Declared,,2026-08-24,,Greene,05055,36.120607,-90.566346
AR-20032,Arkansas,Excessive Rain and Flooding,2025-03-13,2025-07-21,2025-12-22,Secretary of Agriculture,Disaster Declared,,2026-08-24,,Independence,05063,35.737499,-91.559942
AR-20032,Arkansas,Excessive Rain and Flooding,2025-03-13,2025-07-21,2025-12-22,Secretary of Agriculture,Disaster Declared,,2026-08-24,,Jackson,05067,35.596467,-91.223205
AR-20032,Arkansas,Excessive Rain and Flooding,2025-03-13,2025-07-21,2025-12-22,Secretary of Agriculture,Disaster Declared,,2026-08-24,,Lawrence,05075,36.041098,-91.101153
AR-20032,Arkansas,Excessive Rain and Flooding,2025-03-13,2025-07-21,2025-12-22,Secretary of Agriculture,Disaster Declared,,2026-08-24,,Mississippi,05093,35.766944,-90.052207
AR-20032,Arkansas,Excessive Rain and Flooding,2025-03-13,2025-07-21,2025-12-22,Secretary of Agriculture,Disaster Declared,,2026-08-24,,Prairie,05117,34.831116,-91.55362
AR-20032,Arkansas,Excessive Rain and Flooding,2025-03-13,2025-07-21,2025-12-22,Secretary of Agriculture,Disaster Declared,,2026-08-24,,Randolph,05121,36.341298,-91.028441
NH-20012,New Hampshire,Freezing and Extremely Cold Temperatures,2025-01-21,2025-01-22,2026-03-19,Secretary of Agriculture,Disaster Declared,,2026-11-19,,Cheshire,33005,42.92546,-72.248183
TX-20075,Texas,Drought,2025-01-01,2025-12-30,2026-03-19,Secretary of Agriculture,Disaster Declared,,2026-11-19,,San Patricio,48409,28.011794,-97.517157
MI-20040,Michigan,Drought,2024-12-03,2025-12-31,2026-02-13,Secretary of Agriculture,Disaster Declared,,2026-10-13,,Kent,26081,43.032497,-85.547446
MI-20040,Michigan,Drought,2024-12-03,2025-12-31,2026-02-13,Secretary of Agriculture,Disaster Declared,,2026-10-13,,Midland,26111,43.648203,-84.379414
